 ,MDEwOlJlcG9zaXRvcnk0MDIxNDI1MDQ=,MDEwOlJlcG9zaXRvcnk0MDk2Mzk5MQ==,MDEwOlJlcG9zaXRvcnk0MDk2NDAxNA==,MDEwOlJlcG9zaXRvcnk0MDk3MjY5Nw==,MDEwOlJlcG9zaXRvcnk0MTA5MTQzOA==,MDEwOlJlcG9zaXRvcnk0MTc4NzgyOA==,MDEwOlJlcG9zaXRvcnk0MTc4OTM2MA==,MDEwOlJlcG9zaXRvcnk0MTgwMzkwMA==,MDEwOlJlcG9zaXRvcnk0MjI0MTkwNw==,MDEwOlJlcG9zaXRvcnk0MjcxMjk2Nw==,MDEwOlJlcG9zaXRvcnk0MzA2NDE0OA==,MDEwOlJlcG9zaXRvcnk0MzI4OTgwMA==,MDEwOlJlcG9zaXRvcnk0NTE3NTc0MQ==,MDEwOlJlcG9zaXRvcnk0NTMyNDgx,MDEwOlJlcG9zaXRvcnk0NTYwMzg5Ng==,MDEwOlJlcG9zaXRvcnk0NTYwNDg4MQ==,MDEwOlJlcG9zaXRvcnk0NTYwNTAyNQ==,MDEwOlJlcG9zaXRvcnk0NjE1ODU2OQ==,MDEwOlJlcG9zaXRvcnk0NjU3MzkzNQ==,MDEwOlJlcG9zaXRvcnk0NzAxMzc3Ng==,MDEwOlJlcG9zaXRvcnk0NzQ2MDE4MQ==,MDEwOlJlcG9zaXRvcnk1MDAwMDQ=,MDEwOlJlcG9zaXRvcnk1MDAwMDU=,MDEwOlJlcG9zaXRvcnk1MDAwMDg=,MDEwOlJlcG9zaXRvcnk1MDAwMDk=,MDEwOlJlcG9zaXRvcnk1MDAwMTA=,MDEwOlJlcG9zaXRvcnk1MDAwMTE=,MDEwOlJlcG9zaXRvcnk1MDAwMTI=,MDEwOlJlcG9zaXRvcnk1MDAwMTM=,MDEwOlJlcG9zaXRvcnk1MDAwMTQ=,MDEwOlJlcG9zaXRvcnk1MDAwMTY=,MDEwOlJlcG9zaXRvcnk1MDE1NzY=,MDEwOlJlcG9zaXRvcnk1MDE3MzA=,MDEwOlJlcG9zaXRvcnk1MDY4MTk5,MDEwOlJlcG9zaXRvcnk1MTIyMTgyOA==,MDEwOlJlcG9zaXRvcnk1MTM3NDAwMA==,MDEwOlJlcG9zaXRvcnk1Mjg5MzMyNA==,MDEwOlJlcG9zaXRvcnk1MzU1NDkw,MDEwOlJlcG9zaXRvcnk1NDg4MDQ=,MDEwOlJlcG9zaXRvcnk1Njc1OTI2Mg==,MDEwOlJlcG9zaXRvcnk1Njk2MDA0Nw==,MDEwOlJlcG9zaXRvcnk1NzE0OTc5OA==,MDEwOlJlcG9zaXRvcnk1NzQ3NDg4,MDEwOlJlcG9zaXRvcnk1ODA0NTQyNw==,MDEwOlJlcG9zaXRvcnk1OTM1MjQxNg==,MDEwOlJlcG9zaXRvcnk2MDM0OTA1Nw==,MDEwOlJlcG9zaXRvcnk2MDY4NTE4OQ==,MDEwOlJlcG9zaXRvcnk2MDYwNjAxMw==,MDEwOlJlcG9zaXRvcnk2MDYzODU1Ng==,MDEwOlJlcG9zaXRvcnk2MTA1MjM=,MDEwOlJlcG9zaXRvcnk2MTI1ODc=,MDEwOlJlcG9zaXRvcnk2MTc4MzIzOA==,MDEwOlJlcG9zaXRvcnk2MTgwNzk=,MDEwOlJlcG9zaXRvcnk2MjIzNDYzNA==,MDEwOlJlcG9zaXRvcnk2Mjk5MzM=,MDEwOlJlcG9zaXRvcnk2ODM3MjA=,MDEwOlJlcG9zaXRvcnk2ODU3NzM=,MDEwOlJlcG9zaXRvcnk2ODY5NjA5,MDEwOlJlcG9zaXRvcnk2OTA2ODI=,MDEwOlJlcG9zaXRvcnk2OTA2ODY=,MDEwOlJlcG9zaXRvcnk2OTkwNzM0OQ==,MDEwOlJlcG9zaXRvcnk2OTkwNzM5Nw==,MDEwOlJlcG9zaXRvcnk3MDI4NTE=,MDEwOlJlcG9zaXRvcnk3MTM2Njk=,MDEwOlJlcG9zaXRvcnk3MjgzODMzMQ==,MDEwOlJlcG9zaXRvcnk3NDMzMzYzMw==,MDEwOlJlcG9zaXRvcnk3NDQ3MjEx,MDEwOlJlcG9zaXRvcnk3NTExMDY1NA==,MDEwOlJlcG9zaXRvcnk3NjExMzkzNQ==,MDEwOlJlcG9zaXRvcnk3NjI4MDY4,MDEwOlJlcG9zaXRvcnk3NjQwMjA=,MDEwOlJlcG9zaXRvcnk3NzMzNDYw,MDEwOlJlcG9zaXRvcnk3ODc1MDUz,MDEwOlJlcG9zaXRvcnk4MDE1MjI2Mg==,MDEwOlJlcG9zaXRvcnk4MDExMzkw,MDEwOlJlcG9zaXRvcnk4MDExODcwMg==,MDEwOlJlcG9zaXRvcnk4MDU5MDY=,MDEwOlJlcG9zaXRvcnk4MTk1MjM=,MDEwOlJlcG9zaXRvcnk4MTk1MjQ=,MDEwOlJlcG9zaXRvcnk4MTk2MDEz,MDEwOlJlcG9zaXRvcnk4MzMzNDkwMQ==,MDEwOlJlcG9zaXRvcnk4NDA2Njky,MDEwOlJlcG9zaXRvcnk4NDEwNjYx,MDEwOlJlcG9zaXRvcnk4NTMwNzIxNg==,MDEwOlJlcG9zaXRvcnk4NjYyODE=,MDEwOlJlcG9zaXRvcnk4Njc0MDU=,MDEwOlJlcG9zaXRvcnk4NzYzMDM=,MDEwOlJlcG9zaXRvcnk4Nzg0NTAzNQ==,MDEwOlJlcG9zaXRvcnk4ODk5NjEx,MDEwOlJlcG9zaXRvcnk5MDUyOTUxMA==,MDEwOlJlcG9zaXRvcnk5MTI5ODAwMw==,MDEwOlJlcG9zaXRvcnk5Mjc0NTA4,MDEwOlJlcG9zaXRvcnk5NTM5ODYx,MDEwOlJlcG9zaXRvcnkxMDAzNjEyMw==,MDEwOlJlcG9zaXRvcnkxMDE4MDQ0Mw==,MDEwOlJlcG9zaXRvcnkxMDEyMTQ0MA==,MDEwOlJlcG9zaXRvcnkxMDEyMTc5NA==,MDEwOlJlcG9zaXRvcnkxMDIxODc0MTY=,MDEwOlJlcG9zaXRvcnkxMDM1MzA1,MDEwOlJlcG9zaXRvcnkxMDMxODA5MjE=,MDEwOlJlcG9zaXRvcnkxMDU4ODU3Mg==,MDEwOlJlcG9zaXRvcnkxMDYyOTg2,MDEwOlJlcG9zaXRvcnkxMTA3ODEw,MDEwOlJlcG9zaXRvcnkxMTE0MTM3Njg=,MDEwOlJlcG9zaXRvcnkxMTE1ODc2,MDEwOlJlcG9zaXRvcnkxMTEzNTE1,MDEwOlJlcG9zaXRvcnkxMTIzMjU0NjQ=,MDEwOlJlcG9zaXRvcnkxMTQ0MjMw,MDEwOlJlcG9zaXRvcnkxMTQ4Mzc5NTE=,MDEwOlJlcG9zaXRvcnkxMTU3MTQ1,MDEwOlJlcG9zaXRvcnkxMTU5NDcx,MDEwOlJlcG9zaXRvcnkxMTkyODgz,MDEwOlJlcG9zaXRvcnkxMjA1Mzc3OA==,MDEwOlJlcG9zaXRvcnkxMjIxNDI0Nw==,MDEwOlJlcG9zaXRvcnkxMjQ4OTYxMQ==,MDEwOlJlcG9zaXRvcnkxMjQ5MTgwODQ=,MDEwOlJlcG9zaXRvcnkxMjQyMTA4Nzc=,MDEwOlJlcG9zaXRvcnkxMjQyNjk0MA==,MDEwOlJlcG9zaXRvcnkxMjU3NTY4Mg==,MDEwOlJlcG9zaXRvcnkxMjYxNjQyMQ==,MDEwOlJlcG9zaXRvcnkxMjg2MjI2MA==,MDEwOlJlcG9zaXRvcnkxMjg5MTUzMzg=,MDEwOlJlcG9zaXRvcnkxMjg5MjI2NDY=,MDEwOlJlcG9zaXRvcnkxMjg5MjgxMTM=,MDEwOlJlcG9zaXRvcnkxMjg5MzAxMzg=,MDEwOlJlcG9zaXRvcnkxMjkwODQ4MDE=,MDEwOlJlcG9zaXRvcnkxMzE3MTEyNTM=,MDEwOlJlcG9zaXRvcnkxMzIwOTE0MDY=,MDEwOlJlcG9zaXRvcnkxMzM3OTMyNQ==,MDEwOlJlcG9zaXRvcnkxMzM4NDg3OQ==,MDEwOlJlcG9zaXRvcnkxMzQyOTk5NzA=,MDEwOlJlcG9zaXRvcnkxMzU1NDE3NQ==,MDEwOlJlcG9zaXRvcnkxMzU3MDgyNDU=,MDEwOlJlcG9zaXRvcnkxMzYxNDAwNDA=,MDEwOlJlcG9zaXRvcnkxMzc0NTM5Nzc=,MDEwOlJlcG9zaXRvcnkxMzc5NzIzNQ==,MDEwOlJlcG9zaXRvcnkxMzczMjY4OTA=,MDEwOlJlcG9zaXRvcnkxMzczNjM3NTg=,MDEwOlJlcG9zaXRvcnkxMzg1NDQyMg==,MDEwOlJlcG9zaXRvcnkxMzg1OTYyODM=,MDEwOlJlcG9zaXRvcnkxMzk1NTQyNDg=,MDEwOlJlcG9zaXRvcnkxMzk2OTE5MjU=,MDEwOlJlcG9zaXRvcnkxNDEwNTc0Nw==,MDEwOlJlcG9zaXRvcnkxNDEyNTc5NTc=,MDEwOlJlcG9zaXRvcnkxNDEyNjkwNjA=,MDEwOlJlcG9zaXRvcnkxNDU0MzM2NjA=,MDEwOlJlcG9zaXRvcnkxNDc0OTgwMDk=,MDEwOlJlcG9zaXRvcnkxNDc2NTI1ODE=,MDEwOlJlcG9zaXRvcnkxNDcxODI2Mjk=,MDEwOlJlcG9zaXRvcnkxNDczNDc4MTE=,MDEwOlJlcG9zaXRvcnkxNTAzOTMyNzQ=,MDEwOlJlcG9zaXRvcnkxNTE2MjQwNA==,MDEwOlJlcG9zaXRvcnkxNTM3MzA3MQ==,MDEwOlJlcG9zaXRvcnkxNTM5MDc2Nw==,MDEwOlJlcG9zaXRvcnkxNTc1MTIxMzU=,MDEwOlJlcG9zaXRvcnkxNTg2NjIyMzM=,MDEwOlJlcG9zaXRvcnkxNTkxODQxNjM=,MDEwOlJlcG9zaXRvcnkxNjA0NzM5Nzk=,MDEwOlJlcG9zaXRvcnkxNjEzMjA3OTY=,MDEwOlJlcG9zaXRvcnkxNjIyNzE2MTU=,MDEwOlJlcG9zaXRvcnkxNjQwMTM0,MDEwOlJlcG9zaXRvcnkxNjQzMTk0OA==,MDEwOlJlcG9zaXRvcnkxNjU1MDU5Mw==,MDEwOlJlcG9zaXRvcnkxNjU1MDYwOQ==,MDEwOlJlcG9zaXRvcnkxNjY0NjYwMDA=,MDEwOlJlcG9zaXRvcnkxNjg2ODk1MDc=,MDEwOlJlcG9zaXRvcnkxNjkwNjU5ODg=,MDEwOlJlcG9zaXRvcnkxNzEwODkwMQ==,MDEwOlJlcG9zaXRvcnkxNzQ0OTUzMDc=,MDEwOlJlcG9zaXRvcnkxNzQ5NDk5Nw==,MDEwOlJlcG9zaXRvcnkxNzcxMTc0,MDEwOlJlcG9zaXRvcnkxNzcyMzgzNw==,MDEwOlJlcG9zaXRvcnkxNzgxMTM1NQ==,MDEwOlJlcG9zaXRvcnkxODAzMTE4NQ==,MDEwOlJlcG9zaXRvcnkxODE3Mjc2OA==,MDEwOlJlcG9zaXRvcnkxODM4MDAyOA==,MDEwOlJlcG9zaXRvcnkxODQ3MTIzMDY=,MDEwOlJlcG9zaXRvcnkxODQ3MzEwOTc=,MDEwOlJlcG9zaXRvcnkxODQ4OTYxMjY=,MDEwOlJlcG9zaXRvcnkxODQxNTQ5Mw==,MDEwOlJlcG9zaXRvcnkxODQxNTUyNg==,MDEwOlJlcG9zaXRvcnkxODQzMjg0OQ==,MDEwOlJlcG9zaXRvcnkxODU0NjQ5MDY=,MDEwOlJlcG9zaXRvcnkxODU0NjQ5NjQ=,MDEwOlJlcG9zaXRvcnkxODYxMjM1Mw==,MDEwOlJlcG9zaXRvcnkxOTA1MTI1,MDEwOlJlcG9zaXRvcnkxOTA3MTQ5MQ==,MDEwOlJlcG9zaXRvcnkxOTE0NzQwNA==,MDEwOlJlcG9zaXRvcnkxOTI3Nzkz,MDEwOlJlcG9zaXRvcnkxOTIwNjI2Mg==,MDEwOlJlcG9zaXRvcnkxOTMwNDk5MjE=,MDEwOlJlcG9zaXRvcnkxOTcxNTIzMDI=,MDEwOlJlcG9zaXRvcnkxOTczMDYzNA==,MDEwOlJlcG9zaXRvcnkxOTg0NjQ5OA==,MDEwOlJlcG9zaXRvcnkxOTkzMTM5Mg==,MDEwOlJlcG9zaXRvcnkyMDA5MjM3NQ==,MDEwOlJlcG9zaXRvcnkyMDE2ODkz,MDEwOlJlcG9zaXRvcnkyMDIyNTA2OQ==,MDEwOlJlcG9zaXRvcnkyMDcyNzIyMDE=,MDEwOlJlcG9zaXRvcnkyMDg4MDYx,MDEwOlJlcG9zaXRvcnkyMTA3MDYzNw==,MDEwOlJlcG9zaXRvcnkyMTAwMjA4,MDEwOlJlcG9zaXRvcnkyMTI3MTMzMg==,MDEwOlJlcG9zaXRvcnkyMTI4NjkwNQ==,MDEwOlJlcG9zaXRvcnkyMTMwMTA0Nw==,MDEwOlJlcG9zaXRvcnkyMTQ3OTgxODY=,MDEwOlJlcG9zaXRvcnkyMTc5MDQ4Nw==,MDEwOlJlcG9zaXRvcnkyMTc5NTUx,MDEwOlJlcG9zaXRvcnkyMTg5NjQ3,MDEwOlJlcG9zaXRvcnkyMjA0NTQy,MDEwOlJlcG9zaXRvcnkyMjI5OTY5MTY=,MDEwOlJlcG9zaXRvcnkyMjIzMDM2,MDEwOlJlcG9zaXRvcnkyMjM1ODI1ODk=,MDEwOlJlcG9zaXRvcnkyMjU3OTkzNTA=,MDEwOlJlcG9zaXRvcnkyMjc1ODg4NDU=,MDEwOlJlcG9zaXRvcnkyMzI3MTkz,MDEwOlJlcG9zaXRvcnkyMzIyNjAyMg==,MDEwOlJlcG9zaXRvcnkyMzIyNjY5,MDEwOlJlcG9zaXRvcnkyMzMzNTEw,MDEwOlJlcG9zaXRvcnkyMzg2OTkzOQ==,MDEwOlJlcG9zaXRvcnkyNDE4MjU3ODc=,MDEwOlJlcG9zaXRvcnkyNDExMDUwMA==,MDEwOlJlcG9zaXRvcnkyNDMyMDY3NjY=,MDEwOlJlcG9zaXRvcnkyNDU0MTk5MTY=,MDEwOlJlcG9zaXRvcnkyNDY0OTUxOA==,MDEwOlJlcG9zaXRvcnkyNDg3OTA3ODU=,MDEwOlJlcG9zaXRvcnkyNDk3OTgzMg==,MDEwOlJlcG9zaXRvcnkyNTI2MDk4Mw==,MDEwOlJlcG9zaXRvcnkyNTI5NzAzMg==,MDEwOlJlcG9zaXRvcnkyNTQ4ODY4MQ==,MDEwOlJlcG9zaXRvcnkyNTQwMjMzNg==,MDEwOlJlcG9zaXRvcnkyNTkxMTI3OQ==,MDEwOlJlcG9zaXRvcnkyNjAzMzQyOTE=,MDEwOlJlcG9zaXRvcnkyNjE0NjU0OA==,MDEwOlJlcG9zaXRvcnkyNjE2MDgwNA==,MDEwOlJlcG9zaXRvcnkyNjE2MjA4MQ==,MDEwOlJlcG9zaXRvcnkyNjc5MDM5MzI=,MDEwOlJlcG9zaXRvcnkyNjgyMzI4NQ==,MDEwOlJlcG9zaXRvcnkyNjgyNjM4NQ==,MDEwOlJlcG9zaXRvcnkyNzE3NDcxOTI=,MDEwOlJlcG9zaXRvcnkyNzExMjMxMTQ=,MDEwOlJlcG9zaXRvcnkyNzI2MjY5MA==,MDEwOlJlcG9zaXRvcnkyNzIyNzE2MTk=,MDEwOlJlcG9zaXRvcnkyNzMyNzMw,MDEwOlJlcG9zaXRvcnkyNzkxODk0OA==,MDEwOlJlcG9zaXRvcnkyODUxMDY3Mg==,MDEwOlJlcG9zaXRvcnkyODYzNTI2Mw==,MDEwOlJlcG9zaXRvcnkyODkyNDAzNg==,MDEwOlJlcG9zaXRvcnkyOTE0NDA0OA==,MDEwOlJlcG9zaXRvcnkyOTM4Mjgz,MDEwOlJlcG9zaXRvcnkyOTMxNDA1,MDEwOlJlcG9zaXRvcnkyOTg3NTc3OTY=,MDEwOlJlcG9zaXRvcnkyOTk2MDM5NTY=,MDEwOlJlcG9zaXRvcnkyOTk5NDk4ODI=,MDEwOlJlcG9zaXRvcnkzMDE4MTg3,MDEwOlJlcG9zaXRvcnkzMDE4NTg3,MDEwOlJlcG9zaXRvcnkzMDE4NzQ1,MDEwOlJlcG9zaXRvcnkzMDEyNDM2,MDEwOlJlcG9zaXRvcnkzMDI0MDk1NQ==,MDEwOlJlcG9zaXRvcnkzMDI1OTQ0,MDEwOlJlcG9zaXRvcnkzMDY5Mjg4MTY=,MDEwOlJlcG9zaXRvcnkzMDcyNDgxMQ==,MDEwOlJlcG9zaXRvcnkzMDg2MDYwODM=,MDEwOlJlcG9zaXRvcnkzMTA2MTA2NQ==,MDEwOlJlcG9zaXRvcnkzMTAyNTcyOQ==,MDEwOlJlcG9zaXRvcnkzMTE3NDk4MTg=,MDEwOlJlcG9zaXRvcnkzMTI1Njk2OQ==,MDEwOlJlcG9zaXRvcnkzMTIwNjA0Ng==,MDEwOlJlcG9zaXRvcnkzMTIzMDUwOQ==,MDEwOlJlcG9zaXRvcnkzMTM5MDEwNQ==,MDEwOlJlcG9zaXRvcnkzMTcyNDA1MA==,MDEwOlJlcG9zaXRvcnkzMTkwNDEyNw==,MDEwOlJlcG9zaXRvcnkzMjMwOTczOTk=,MDEwOlJlcG9zaXRvcnkzMjMzMDAy,MDEwOlJlcG9zaXRvcnkzMjMzMDEw,MDEwOlJlcG9zaXRvcnkzMjQzNzM4MjE=,MDEwOlJlcG9zaXRvcnkzMjU0NjU4MQ==,MDEwOlJlcG9zaXRvcnkzMjgxMTQyNA==,MDEwOlJlcG9zaXRvcnkzNDQ0OTA3Mw==,MDEwOlJlcG9zaXRvcnkzNDQ3NDUxNg==,MDEwOlJlcG9zaXRvcnkzNDUzMjg5,MDEwOlJlcG9zaXRvcnkzNDY3NTQ5Mg==,MDEwOlJlcG9zaXRvcnkzNDg5NjY5Mg==,MDEwOlJlcG9zaXRvcnkzNDk0MTUzODQ=,MDEwOlJlcG9zaXRvcnkzNTA0Mjk5Ng==,MDEwOlJlcG9zaXRvcnkzNTA1Njc4,MDEwOlJlcG9zaXRvcnkzNTA5MDQ1NA==,MDEwOlJlcG9zaXRvcnkzNTE1MTUyMg==,MDEwOlJlcG9zaXRvcnkzNTE3ODAyMw==,MDEwOlJlcG9zaXRvcnkzNTI2NDU3NDQ=,MDEwOlJlcG9zaXRvcnkzNTI4MTg3Mg==,MDEwOlJlcG9zaXRvcnkzNTg2ODM0NQ==,MDEwOlJlcG9zaXRvcnkzNTgwODc5MA==,MDEwOlJlcG9zaXRvcnkzNTgyODkz,MDEwOlJlcG9zaXRvcnkzNzg1MTMwNw==,MDEwOlJlcG9zaXRvcnkzODA2OTgwMQ==,MDEwOlJlcG9zaXRvcnkzODIxNDU4OTc=,MDEwOlJlcG9zaXRvcnkzODg2ODE1NQ==,MDEwOlJlcG9zaXRvcnkzOTE1MTg0MQ==,MDEwOlJlcG9zaXRvcnkzOTE1ODIxOQ==,MDEwOlJlcG9zaXRvcnkzOTE3NzM1NA==,MDEwOlJlcG9zaXRvcnkzOTM5MTUz,MDEwOlJlcG9zaXRvcnkzOTQzNjgyOA==,R_kgDOG0u5mA,R_kgDOG88HTg,R_kgDOGHNeeQ,R_kgDOGMKKHQ,R_kgDOGOjM4Q,R_kgDOGP9b9w,R_kgDOGgdJxA,R_kgDOGpY44w,R_kgDOGxqdIQ,R_kgDOHJwc6g,R_kgDOHTVHIQ,R_kgDOHb7zcw
DavidSporer,0.0,0.0,0.0,0.0,0.0,0.0,0.0,0.0,0.0,0.0,0.0,1.0,0.0,0.0,0.0,0.0,0.0,0.0,0.0,0.0,0.0,0.0,0.0,0.0,0.0,0.0,0.0,0.0,0.0,0.0,0.0,0.0,0.0,0.0,1.0,1.0,0.0,1.0,0.0,0.0,0.0,1.0,1.0,1.0,1.0,1.0,0.0,0.0,1.0,0.0,0.0,1.0,0.0,0.0,0.0,0.0,0.0,0.0,0.0,0.0,0.0,0.0,0.0,0.0,1.0,1.0,0.0,0.0,1.0,0.0,0.0,0.0,0.0,0.0,0.0,0.0,0.0,0.0,0.0,0.0,0.0,0.0,0.0,1.0,0.0,0.0,0.0,0.0,0.0,1.0,1.0,0.0,0.0,0.0,0.0,0.0,0.0,1.0,0.0,0.0,0.0,0.0,0.0,1.0,0.0,0.0,0.0,0.0,0.0,0.0,0.0,0.0,0.0,0.0,0.0,0.0,0.0,0.0,0.0,0.0,0.0,0.0,0.0,0.0,0.0,0.0,0.0,1.0,0.0,0.0,1.0,0.0,0.0,0.0,0.0,0.0,0.0,0.0,0.0,0.0,0.0,0.0,0.0,1.0,1.0,1.0,0.0,0.0,1.0,0.0,0.0,0.0,0.0,0.0,0.0,0.0,0.0,1.0,0.0,1.0,0.0,0.0,0.0,0.0,0.0,0.0,0.0,0.0,0.0,0.0,0.0,0.0,0.0,0.0,0.0,0.0,0.0,0.0,0.0,0.0,0.0,0.0,0.0,0.0,0.0,0.0,0.0,0.0,0.0,0.0,0.0,0.0,0.0,0.0,0.0,0.0,0.0,0.0,0.0,0.0,0.0,0.0,0.0,0.0,0.0,0.0,0.0,0.0,0.0,0.0,0.0,0.0,0.0,0.0,0.0,0.0,0.0,0.0,0.0,0.0,0.0,0.0,0.0,0.0,0.0,0.0,0.0,0.0,0.0,0.0,0.0,0.0,0.0,0.0,0.0,0.0,0.0,0.0,0.0,0.0,0.0,0.0,0.0,0.0,0.0,0.0,0.0,0.0,0.0,0.0,0.0,0.0,0.0,0.0,0.0,0.0,0.0,0.0,0.0,0.0,0.0,0.0,0.0,0.0,0.0,0.0,0.0,0.0,0.0,0.0,0.0,0.0,0.0,0.0,0.0,0.0,0.0,0.0,0.0,0.0,0.0,0.0,0.0,0.0,0.0,0.0,0.0,0.0,0.0,0.0,0.0,0.0,0.0,0.0,0.0,0.0,0.0,0.0,1.0,1.0,1.0,0.0,0.0,0.0,0.0,0.0,0.0,0.0,0.0,0.0,0.0,0.0,0.0,0.0,0.0
Torsten85,1.0,0.0,0.0,0.0,0.0,0.0,0.0,0.0,0.0,0.0,0.0,0.0,0.0,0.0,0.0,0.0,0.0,0.0,0.0,0.0,0.0,0.0,0.0,0.0,0.0,0.0,0.0,0.0,0.0,0.0,0.0,0.0,0.0,0.0,0.0,0.0,0.0,0.0,0.0,0.0,0.0,0.0,0.0,0.0,0.0,0.0,0.0,0.0,0.0,0.0,0.0,0.0,0.0,0.0,0.0,0.0,0.0,0.0,0.0,0.0,0.0,0.0,0.0,0.0,0.0,0.0,0.0,0.0,0.0,0.0,0.0,0.0,0.0,0.0,0.0,0.0,0.0,0.0,0.0,0.0,0.0,0.0,0.0,0.0,0.0,0.0,0.0,0.0,0.0,0.0,0.0,0.0,0.0,0.0,0.0,0.0,0.0,0.0,0.0,0.0,0.0,0.0,0.0,0.0,0.0,0.0,0.0,0.0,0.0,0.0,0.0,0.0,0.0,0.0,0.0,0.0,0.0,0.0,0.0,0.0,0.0,0.0,0.0,0.0,0.0,0.0,0.0,0.0,0.0,0.0,0.0,0.0,0.0,0.0,0.0,0.0,0.0,0.0,0.0,0.0,0.0,0.0,0.0,0.0,0.0,0.0,0.0,0.0,0.0,0.0,0.0,0.0,0.0,0.0,0.0,0.0,0.0,0.0,0.0,0.0,0.0,0.0,0.0,0.0,0.0,0.0,0.0,0.0,0.0,0.0,0.0,0.0,0.0,0.0,0.0,0.0,0.0,0.0,0.0,0.0,0.0,0.0,0.0,0.0,0.0,0.0,0.0,0.0,0.0,0.0,0.0,0.0,0.0,0.0,0.0,0.0,0.0,0.0,0.0,0.0,0.0,0.0,0.0,0.0,0.0,0.0,0.0,0.0,0.0,0.0,0.0,0.0,0.0,0.0,0.0,0.0,0.0,0.0,0.0,0.0,0.0,0.0,0.0,0.0,0.0,0.0,0.0,0.0,0.0,0.0,0.0,0.0,0.0,0.0,0.0,0.0,0.0,0.0,0.0,0.0,0.0,0.0,0.0,0.0,0.0,0.0,0.0,0.0,0.0,0.0,0.0,0.0,0.0,0.0,0.0,0.0,0.0,0.0,0.0,0.0,0.0,0.0,0.0,0.0,0.0,0.0,0.0,0.0,0.0,0.0,0.0,0.0,0.0,0.0,0.0,0.0,0.0,0.0,0.0,0.0,0.0,0.0,0.0,0.0,0.0,0.0,0.0,0.0,0.0,0.0,0.0,0.0,0.0,0.0,0.0,0.0,1.0,0.0,0.0,0.0,0.0,0.0,0.0,1.0,0.0,0.0,0.0,0.0,0.0,0.0,0.0,0.0,1.0,0.0,0.0
akleineb,0.0,0.0,0.0,0.0,0.0,0.0,0.0,0.0,0.0,0.0,0.0,0.0,0.0,0.0,0.0,0.0,0.0,0.0,0.0,0.0,0.0,0.0,0.0,0.0,0.0,0.0,0.0,0.0,0.0,0.0,0.0,0.0,0.0,0.0,0.0,0.0,0.0,0.0,0.0,0.0,0.0,0.0,0.0,0.0,0.0,0.0,0.0,0.0,0.0,0.0,0.0,0.0,0.0,0.0,0.0,0.0,0.0,0.0,0.0,0.0,0.0,0.0,0.0,0.0,0.0,0.0,0.0,0.0,0.0,0.0,0.0,0.0,0.0,0.0,0.0,0.0,0.0,0.0,0.0,0.0,0.0,0.0,0.0,0.0,0.0,0.0,0.0,0.0,0.0,0.0,0.0,0.0,0.0,0.0,0.0,0.0,0.0,0.0,0.0,0.0,0.0,0.0,0.0,0.0,0.0,0.0,0.0,0.0,0.0,0.0,0.0,0.0,0.0,0.0,0.0,0.0,0.0,0.0,0.0,0.0,0.0,0.0,0.0,0.0,0.0,0.0,0.0,0.0,0.0,0.0,0.0,0.0,0.0,0.0,1.0,0.0,0.0,0.0,0.0,0.0,0.0,0.0,0.0,0.0,0.0,0.0,0.0,0.0,0.0,0.0,0.0,0.0,0.0,0.0,0.0,0.0,1.0,0.0,0.0,0.0,0.0,0.0,0.0,0.0,1.0,1.0,0.0,0.0,1.0,0.0,0.0,0.0,0.0,0.0,0.0,0.0,1.0,1.0,1.0,0.0,0.0,0.0,1.0,1.0,0.0,0.0,0.0,0.0,0.0,0.0,1.0,1.0,0.0,0.0,0.0,0.0,0.0,0.0,1.0,0.0,0.0,0.0,0.0,0.0,0.0,0.0,0.0,0.0,0.0,0.0,0.0,0.0,0.0,1.0,1.0,0.0,0.0,0.0,0.0,0.0,0.0,0.0,1.0,1.0,0.0,0.0,0.0,0.0,0.0,0.0,0.0,0.0,0.0,0.0,0.0,0.0,0.0,0.0,0.0,0.0,0.0,0.0,0.0,0.0,0.0,0.0,0.0,0.0,0.0,0.0,0.0,0.0,0.0,0.0,0.0,0.0,0.0,0.0,0.0,0.0,0.0,0.0,0.0,0.0,0.0,0.0,0.0,0.0,0.0,0.0,0.0,0.0,0.0,0.0,0.0,0.0,0.0,0.0,0.0,0.0,0.0,0.0,0.0,0.0,1.0,0.0,0.0,0.0,0.0,0.0,0.0,0.0,0.0,0.0,0.0,0.0,0.0,0.0,0.0,0.0,0.0,0.0,0.0,0.0,0.0,0.0,0.0,0.0,0.0,0.0,0.0,0.0,0.0,0.0,0.0
benjamin-kentsch,0.0,0.0,0.0,0.0,0.0,0.0,0.0,0.0,0.0,0.0,0.0,0.0,0.0,0.0,0.0,0.0,0.0,0.0,0.0,0.0,0.0,0.0,0.0,0.0,0.0,0.0,0.0,0.0,0.0,0.0,0.0,0.0,0.0,0.0,0.0,0.0,0.0,0.0,0.0,0.0,0.0,0.0,0.0,0.0,0.0,0.0,0.0,0.0,0.0,0.0,0.0,0.0,0.0,0.0,0.0,0.0,0.0,0.0,0.0,0.0,0.0,0.0,0.0,0.0,0.0,0.0,0.0,0.0,0.0,0.0,0.0,0.0,0.0,0.0,0.0,0.0,0.0,0.0,0.0,0.0,0.0,0.0,0.0,0.0,0.0,0.0,0.0,0.0,0.0,0.0,0.0,0.0,0.0,0.0,0.0,0.0,0.0,0.0,0.0,0.0,0.0,0.0,0.0,0.0,0.0,0.0,0.0,0.0,0.0,0.0,0.0,0.0,0.0,0.0,0.0,0.0,0.0,0.0,0.0,0.0,0.0,0.0,0.0,0.0,0.0,0.0,0.0,0.0,0.0,0.0,0.0,0.0,0.0,0.0,0.0,0.0,0.0,0.0,0.0,0.0,0.0,0.0,0.0,0.0,0.0,0.0,0.0,0.0,0.0,0.0,0.0,0.0,0.0,0.0,0.0,0.0,0.0,0.0,0.0,0.0,0.0,0.0,0.0,0.0,0.0,0.0,0.0,0.0,0.0,0.0,0.0,0.0,0.0,0.0,0.0,0.0,0.0,0.0,0.0,0.0,0.0,0.0,0.0,0.0,0.0,0.0,0.0,0.0,0.0,0.0,0.0,0.0,0.0,0.0,0.0,0.0,0.0,0.0,0.0,0.0,0.0,0.0,0.0,0.0,0.0,0.0,0.0,0.0,0.0,0.0,0.0,0.0,0.0,0.0,0.0,0.0,0.0,0.0,0.0,0.0,0.0,0.0,0.0,0.0,0.0,0.0,0.0,0.0,0.0,0.0,0.0,0.0,0.0,0.0,0.0,0.0,0.0,0.0,0.0,0.0,0.0,0.0,0.0,0.0,0.0,0.0,0.0,0.0,0.0,0.0,0.0,0.0,0.0,0.0,0.0,0.0,0.0,0.0,0.0,0.0,0.0,0.0,0.0,0.0,0.0,0.0,0.0,0.0,0.0,0.0,0.0,0.0,0.0,0.0,0.0,0.0,0.0,0.0,0.0,0.0,0.0,0.0,0.0,0.0,0.0,0.0,0.0,0.0,0.0,0.0,0.0,0.0,0.0,0.0,0.0,0.0,0.0,0.0,0.0,0.0,0.0,0.0,0.0,0.0,0.0,0.0,0.0,0.0,0.0,0.0,0.0,0.0,0.0,0.0,0.0
brgmn,0.0,0.0,0.0,0.0,0.0,0.0,0.0,0.0,0.0,0.0,1.0,0.0,0.0,1.0,0.0,0.0,0.0,0.0,0.0,0.0,0.0,0.0,0.0,0.0,0.0,0.0,0.0,0.0,0.0,0.0,0.0,0.0,0.0,1.0,0.0,0.0,0.0,0.0,0.0,0.0,0.0,0.0,0.0,0.0,0.0,0.0,0.0,0.0,0.0,0.0,0.0,0.0,0.0,0.0,0.0,0.0,0.0,0.0,0.0,0.0,0.0,0.0,0.0,0.0,0.0,0.0,0.0,0.0,0.0,0.0,0.0,1.0,0.0,0.0,0.0,0.0,0.0,0.0,0.0,0.0,0.0,0.0,0.0,0.0,0.0,0.0,0.0,0.0,0.0,0.0,0.0,0.0,0.0,0.0,0.0,0.0,0.0,0.0,0.0,1.0,0.0,0.0,0.0,0.0,0.0,0.0,1.0,0.0,0.0,0.0,0.0,1.0,0.0,0.0,0.0,0.0,1.0,0.0,0.0,0.0,0.0,1.0,1.0,1.0,1.0,1.0,0.0,0.0,0.0,1.0,0.0,0.0,1.0,1.0,1.0,0.0,1.0,1.0,0.0,0.0,1.0,1.0,0.0,0.0,0.0,0.0,1.0,1.0,0.0,1.0,1.0,0.0,0.0,0.0,1.0,0.0,0.0,0.0,0.0,0.0,0.0,0.0,0.0,0.0,0.0,0.0,0.0,0.0,0.0,0.0,0.0,0.0,0.0,0.0,0.0,0.0,0.0,0.0,0.0,0.0,0.0,0.0,0.0,0.0,0.0,0.0,0.0,0.0,0.0,0.0,0.0,0.0,0.0,1.0,0.0,0.0,0.0,0.0,0.0,0.0,0.0,0.0,0.0,0.0,0.0,0.0,1.0,0.0,0.0,0.0,0.0,0.0,0.0,0.0,0.0,0.0,0.0,0.0,0.0,0.0,0.0,0.0,0.0,0.0,0.0,0.0,0.0,0.0,0.0,0.0,0.0,0.0,0.0,0.0,0.0,0.0,0.0,0.0,0.0,0.0,0.0,0.0,0.0,0.0,0.0,0.0,0.0,0.0,0.0,0.0,0.0,0.0,0.0,0.0,0.0,0.0,0.0,0.0,0.0,0.0,0.0,0.0,0.0,0.0,0.0,0.0,0.0,0.0,0.0,0.0,0.0,0.0,0.0,0.0,0.0,0.0,0.0,0.0,0.0,0.0,0.0,0.0,1.0,0.0,0.0,0.0,0.0,0.0,0.0,0.0,0.0,0.0,0.0,0.0,0.0,0.0,0.0,1.0,0.0,0.0,0.0,0.0,0.0,0.0,0.0,0.0,0.0,0.0,0.0,0.0,0.0,0.0,0.0,0.0,0.0
bwaidelich,0.0,0.0,0.0,1.0,1.0,1.0,1.0,1.0,0.0,1.0,1.0,0.0,1.0,0.0,1.0,1.0,1.0,0.0,1.0,0.0,0.0,0.0,0.0,0.0,0.0,0.0,0.0,0.0,0.0,0.0,0.0,0.0,0.0,0.0,0.0,0.0,0.0,0.0,0.0,0.0,0.0,0.0,0.0,0.0,0.0,0.0,0.0,0.0,0.0,0.0,0.0,0.0,0.0,0.0,0.0,0.0,0.0,0.0,0.0,0.0,0.0,0.0,0.0,0.0,0.0,0.0,0.0,0.0,0.0,0.0,0.0,0.0,0.0,0.0,1.0,0.0,0.0,0.0,0.0,1.0,0.0,1.0,1.0,0.0,0.0,0.0,0.0,0.0,1.0,0.0,0.0,0.0,1.0,0.0,0.0,0.0,0.0,0.0,0.0,0.0,0.0,0.0,0.0,0.0,0.0,0.0,0.0,0.0,0.0,0.0,0.0,0.0,0.0,0.0,0.0,0.0,0.0,0.0,0.0,0.0,0.0,0.0,0.0,0.0,0.0,0.0,0.0,0.0,0.0,0.0,0.0,0.0,0.0,0.0,0.0,0.0,0.0,0.0,0.0,0.0,0.0,0.0,0.0,0.0,0.0,0.0,0.0,0.0,0.0,0.0,0.0,0.0,0.0,0.0,0.0,0.0,0.0,0.0,0.0,0.0,0.0,0.0,1.0,1.0,0.0,0.0,0.0,0.0,0.0,0.0,0.0,0.0,0.0,0.0,1.0,0.0,0.0,0.0,0.0,0.0,0.0,0.0,0.0,0.0,0.0,0.0,0.0,0.0,0.0,0.0,0.0,0.0,0.0,1.0,0.0,1.0,0.0,0.0,0.0,0.0,0.0,0.0,0.0,0.0,0.0,0.0,0.0,0.0,0.0,0.0,0.0,0.0,0.0,0.0,0.0,0.0,0.0,0.0,0.0,1.0,0.0,0.0,0.0,0.0,0.0,0.0,0.0,0.0,0.0,0.0,0.0,0.0,0.0,0.0,0.0,0.0,0.0,0.0,0.0,0.0,0.0,0.0,0.0,1.0,0.0,0.0,0.0,0.0,0.0,0.0,0.0,0.0,0.0,0.0,0.0,0.0,0.0,0.0,0.0,0.0,0.0,0.0,0.0,0.0,0.0,0.0,0.0,0.0,0.0,0.0,1.0,0.0,0.0,0.0,0.0,0.0,0.0,1.0,1.0,0.0,0.0,1.0,0.0,0.0,0.0,0.0,0.0,0.0,0.0,0.0,0.0,0.0,0.0,0.0,0.0,0.0,0.0,0.0,0.0,0.0,0.0,1.0,0.0,0.0,0.0,0.0,0.0,0.0,0.0,0.0,0.0,0.0,0.0,0.0,0.0
dimaip,0.0,0.0,0.0,0.0,0.0,0.0,0.0,0.0,0.0,0.0,0.0,0.0,0.0,0.0,0.0,0.0,0.0,0.0,0.0,0.0,0.0,0.0,0.0,0.0,0.0,0.0,0.0,0.0,0.0,0.0,0.0,0.0,0.0,0.0,0.0,0.0,0.0,0.0,0.0,0.0,0.0,0.0,0.0,0.0,0.0,0.0,0.0,0.0,0.0,0.0,0.0,0.0,0.0,0.0,0.0,0.0,0.0,0.0,0.0,0.0,0.0,0.0,0.0,0.0,0.0,0.0,1.0,0.0,0.0,0.0,0.0,0.0,0.0,0.0,0.0,0.0,0.0,0.0,0.0,0.0,0.0,0.0,0.0,0.0,0.0,0.0,0.0,0.0,0.0,0.0,0.0,0.0,0.0,0.0,0.0,0.0,0.0,0.0,0.0,0.0,0.0,0.0,0.0,0.0,0.0,0.0,0.0,0.0,0.0,0.0,0.0,0.0,0.0,0.0,0.0,0.0,0.0,0.0,0.0,0.0,0.0,0.0,0.0,0.0,0.0,0.0,0.0,0.0,0.0,0.0,0.0,0.0,0.0,0.0,0.0,0.0,0.0,0.0,1.0,0.0,0.0,0.0,0.0,0.0,0.0,0.0,0.0,0.0,0.0,0.0,0.0,0.0,0.0,0.0,0.0,0.0,0.0,0.0,0.0,0.0,0.0,0.0,0.0,0.0,0.0,0.0,0.0,0.0,0.0,1.0,0.0,0.0,0.0,0.0,0.0,0.0,0.0,0.0,0.0,0.0,0.0,0.0,0.0,0.0,0.0,0.0,0.0,0.0,0.0,0.0,0.0,0.0,0.0,0.0,0.0,0.0,0.0,1.0,0.0,0.0,0.0,0.0,0.0,1.0,0.0,0.0,0.0,0.0,0.0,0.0,0.0,0.0,0.0,0.0,0.0,0.0,0.0,0.0,0.0,0.0,0.0,1.0,0.0,0.0,0.0,0.0,1.0,0.0,1.0,0.0,0.0,1.0,0.0,1.0,1.0,1.0,0.0,1.0,1.0,0.0,0.0,1.0,0.0,0.0,1.0,0.0,1.0,1.0,1.0,0.0,0.0,0.0,0.0,0.0,0.0,0.0,0.0,0.0,1.0,0.0,0.0,1.0,0.0,0.0,1.0,0.0,1.0,1.0,1.0,1.0,0.0,0.0,0.0,0.0,0.0,0.0,1.0,0.0,0.0,1.0,0.0,0.0,0.0,0.0,0.0,0.0,0.0,0.0,1.0,0.0,0.0,0.0,1.0,0.0,0.0,0.0,0.0,0.0,0.0,0.0,0.0,0.0,0.0,0.0,0.0,0.0,0.0,0.0,0.0,0.0,0.0,0.0,0.0,0.0,0.0
dvaske,0.0,0.0,0.0,0.0,0.0,0.0,0.0,0.0,1.0,0.0,0.0,0.0,0.0,0.0,0.0,0.0,0.0,0.0,0.0,0.0,0.0,0.0,0.0,0.0,0.0,0.0,0.0,0.0,0.0,0.0,0.0,0.0,0.0,0.0,0.0,0.0,0.0,0.0,0.0,0.0,0.0,0.0,0.0,0.0,0.0,0.0,0.0,0.0,0.0,0.0,0.0,0.0,0.0,0.0,0.0,0.0,0.0,0.0,0.0,0.0,0.0,0.0,0.0,0.0,0.0,0.0,0.0,0.0,0.0,0.0,0.0,0.0,0.0,0.0,0.0,0.0,0.0,0.0,0.0,0.0,0.0,0.0,0.0,0.0,0.0,0.0,0.0,0.0,0.0,0.0,0.0,0.0,0.0,0.0,1.0,1.0,1.0,0.0,0.0,0.0,0.0,1.0,0.0,0.0,0.0,0.0,0.0,0.0,0.0,0.0,0.0,0.0,1.0,1.0,0.0,0.0,0.0,1.0,1.0,1.0,1.0,0.0,0.0,0.0,0.0,0.0,0.0,0.0,1.0,0.0,0.0,0.0,0.0,0.0,0.0,1.0,0.0,0.0,0.0,0.0,0.0,0.0,1.0,0.0,0.0,0.0,0.0,0.0,0.0,0.0,0.0,1.0,0.0,0.0,0.0,0.0,0.0,0.0,0.0,0.0,0.0,0.0,0.0,0.0,0.0,0.0,0.0,0.0,0.0,0.0,0.0,1.0,0.0,1.0,0.0,1.0,0.0,0.0,0.0,1.0,1.0,1.0,0.0,0.0,1.0,0.0,0.0,0.0,0.0,1.0,0.0,0.0,1.0,0.0,1.0,0.0,0.0,0.0,0.0,0.0,0.0,0.0,0.0,0.0,0.0,0.0,0.0,0.0,0.0,0.0,0.0,0.0,0.0,0.0,0.0,0.0,1.0,0.0,1.0,0.0,0.0,0.0,0.0,0.0,0.0,0.0,0.0,1.0,0.0,0.0,0.0,0.0,0.0,0.0,0.0,0.0,0.0,0.0,0.0,0.0,0.0,0.0,0.0,0.0,0.0,0.0,0.0,0.0,0.0,0.0,0.0,0.0,0.0,0.0,0.0,0.0,0.0,0.0,0.0,0.0,0.0,0.0,0.0,0.0,0.0,0.0,0.0,0.0,0.0,0.0,0.0,0.0,0.0,0.0,0.0,0.0,0.0,0.0,0.0,0.0,1.0,0.0,0.0,0.0,0.0,0.0,0.0,0.0,0.0,0.0,0.0,1.0,0.0,0.0,0.0,0.0,0.0,0.0,0.0,0.0,0.0,0.0,0.0,0.0,0.0,0.0,0.0,0.0,0.0,0.0,0.0,0.0,0.0,0.0,0.0
helmecke,0.0,0.0,0.0,0.0,0.0,0.0,0.0,0.0,0.0,0.0,0.0,0.0,0.0,0.0,0.0,0.0,0.0,0.0,0.0,0.0,0.0,0.0,0.0,0.0,0.0,0.0,0.0,0.0,0.0,0.0,0.0,0.0,0.0,0.0,0.0,0.0,0.0,0.0,0.0,0.0,0.0,0.0,0.0,0.0,0.0,0.0,0.0,0.0,0.0,0.0,0.0,0.0,0.0,0.0,0.0,0.0,0.0,0.0,0.0,0.0,0.0,0.0,0.0,0.0,0.0,0.0,0.0,0.0,0.0,0.0,0.0,0.0,0.0,0.0,0.0,0.0,0.0,0.0,0.0,0.0,0.0,0.0,0.0,0.0,0.0,0.0,0.0,0.0,0.0,0.0,0.0,0.0,0.0,0.0,0.0,0.0,0.0,0.0,0.0,0.0,0.0,0.0,0.0,0.0,0.0,0.0,0.0,0.0,0.0,0.0,0.0,0.0,0.0,0.0,0.0,0.0,0.0,0.0,0.0,0.0,0.0,0.0,0.0,0.0,0.0,1.0,0.0,0.0,0.0,0.0,0.0,0.0,0.0,0.0,0.0,0.0,0.0,0.0,0.0,0.0,0.0,0.0,0.0,0.0,0.0,0.0,0.0,0.0,0.0,0.0,0.0,0.0,0.0,0.0,0.0,0.0,0.0,0.0,0.0,0.0,0.0,0.0,0.0,0.0,0.0,0.0,1.0,0.0,0.0,0.0,0.0,0.0,0.0,0.0,0.0,0.0,0.0,0.0,0.0,0.0,0.0,0.0,0.0,0.0,0.0,0.0,0.0,0.0,0.0,0.0,0.0,0.0,0.0,0.0,0.0,0.0,0.0,0.0,0.0,0.0,0.0,0.0,0.0,0.0,0.0,1.0,0.0,0.0,0.0,0.0,0.0,0.0,0.0,0.0,0.0,0.0,0.0,0.0,0.0,0.0,1.0,0.0,0.0,0.0,0.0,0.0,0.0,0.0,0.0,0.0,0.0,0.0,0.0,0.0,0.0,0.0,0.0,0.0,0.0,0.0,0.0,0.0,0.0,0.0,0.0,0.0,0.0,0.0,0.0,0.0,0.0,0.0,0.0,0.0,0.0,0.0,0.0,0.0,0.0,0.0,0.0,0.0,0.0,0.0,0.0,0.0,0.0,0.0,0.0,0.0,0.0,0.0,0.0,0.0,0.0,1.0,0.0,0.0,0.0,0.0,0.0,0.0,0.0,0.0,0.0,0.0,0.0,0.0,0.0,0.0,0.0,0.0,0.0,0.0,0.0,0.0,0.0,0.0,0.0,0.0,0.0,0.0,0.0,0.0,1.0,1.0,1.0,1.0,1.0,0.0,1.0,0.0,0.0,1.0,0.0
jnmcfly,0.0,0.0,0.0,0.0,0.0,0.0,0.0,0.0,0.0,0.0,0.0,0.0,0.0,0.0,0.0,0.0,0.0,0.0,0.0,0.0,0.0,0.0,0.0,0.0,0.0,0.0,0.0,0.0,0.0,0.0,0.0,0.0,0.0,0.0,0.0,0.0,0.0,0.0,0.0,0.0,0.0,0.0,0.0,0.0,0.0,0.0,0.0,0.0,0.0,0.0,0.0,0.0,0.0,0.0,0.0,0.0,0.0,0.0,0.0,0.0,0.0,0.0,0.0,0.0,0.0,0.0,0.0,0.0,0.0,0.0,0.0,0.0,0.0,0.0,0.0,0.0,0.0,0.0,0.0,0.0,0.0,0.0,0.0,0.0,0.0,0.0,0.0,0.0,0.0,0.0,0.0,0.0,0.0,0.0,0.0,0.0,0.0,0.0,0.0,0.0,0.0,0.0,0.0,0.0,0.0,0.0,0.0,0.0,0.0,0.0,0.0,0.0,0.0,0.0,0.0,0.0,0.0,0.0,0.0,0.0,0.0,0.0,0.0,0.0,0.0,0.0,0.0,0.0,0.0,0.0,0.0,0.0,0.0,0.0,0.0,0.0,0.0,0.0,0.0,0.0,0.0,0.0,0.0,0.0,0.0,0.0,0.0,0.0,0.0,0.0,0.0,0.0,0.0,0.0,0.0,0.0,0.0,0.0,0.0,0.0,0.0,0.0,0.0,0.0,0.0,0.0,0.0,0.0,0.0,0.0,0.0,0.0,0.0,0.0,0.0,0.0,0.0,0.0,0.0,0.0,0.0,0.0,0.0,0.0,0.0,0.0,0.0,0.0,0.0,0.0,0.0,0.0,0.0,0.0,0.0,0.0,0.0,0.0,0.0,0.0,0.0,0.0,0.0,0.0,0.0,0.0,0.0,0.0,0.0,0.0,0.0,0.0,0.0,0.0,0.0,0.0,0.0,0.0,0.0,0.0,0.0,0.0,0.0,0.0,0.0,0.0,0.0,0.0,0.0,0.0,0.0,0.0,0.0,0.0,0.0,0.0,0.0,0.0,0.0,0.0,0.0,0.0,0.0,0.0,0.0,0.0,0.0,0.0,0.0,0.0,0.0,1.0,1.0,0.0,0.0,0.0,0.0,0.0,0.0,0.0,1.0,0.0,0.0,0.0,0.0,1.0,0.0,0.0,0.0,0.0,0.0,0.0,1.0,0.0,0.0,0.0,0.0,0.0,0.0,0.0,0.0,0.0,0.0,1.0,0.0,0.0,0.0,0.0,0.0,1.0,0.0,0.0,0.0,0.0,0.0,0.0,0.0,0.0,0.0,0.0,0.0,0.0,0.0,0.0,0.0,0.0,0.0,0.0,0.0,1.0,0.0,0.0,0.0,0.0,0.0
johannessteu,0.0,0.0,0.0,0.0,0.0,0.0,0.0,0.0,0.0,0.0,0.0,0.0,0.0,0.0,0.0,0.0,0.0,0.0,0.0,0.0,0.0,0.0,0.0,0.0,0.0,0.0,0.0,0.0,0.0,0.0,0.0,0.0,0.0,0.0,0.0,0.0,0.0,0.0,0.0,0.0,0.0,0.0,0.0,0.0,0.0,0.0,0.0,0.0,0.0,0.0,0.0,0.0,0.0,0.0,0.0,0.0,0.0,1.0,0.0,0.0,0.0,0.0,0.0,0.0,0.0,0.0,0.0,0.0,0.0,1.0,0.0,0.0,1.0,0.0,0.0,0.0,0.0,0.0,0.0,0.0,0.0,0.0,0.0,0.0,0.0,0.0,0.0,0.0,0.0,0.0,0.0,1.0,0.0,1.0,0.0,0.0,0.0,0.0,0.0,0.0,1.0,0.0,0.0,0.0,0.0,0.0,0.0,0.0,0.0,0.0,0.0,0.0,0.0,0.0,1.0,0.0,0.0,0.0,0.0,0.0,0.0,0.0,0.0,0.0,0.0,0.0,0.0,0.0,0.0,0.0,0.0,1.0,0.0,0.0,0.0,0.0,0.0,0.0,0.0,0.0,0.0,0.0,0.0,0.0,0.0,0.0,0.0,0.0,0.0,0.0,0.0,0.0,1.0,1.0,0.0,0.0,0.0,0.0,0.0,0.0,0.0,1.0,0.0,0.0,0.0,0.0,0.0,1.0,0.0,0.0,0.0,0.0,0.0,0.0,0.0,0.0,0.0,0.0,0.0,0.0,0.0,0.0,0.0,0.0,0.0,0.0,1.0,1.0,0.0,0.0,0.0,0.0,0.0,0.0,0.0,0.0,0.0,0.0,0.0,0.0,1.0,0.0,1.0,0.0,1.0,0.0,0.0,0.0,0.0,1.0,0.0,0.0,0.0,0.0,0.0,0.0,0.0,0.0,0.0,0.0,0.0,0.0,0.0,0.0,1.0,0.0,0.0,0.0,0.0,1.0,1.0,0.0,0.0,0.0,0.0,0.0,0.0,0.0,0.0,0.0,0.0,0.0,0.0,0.0,0.0,1.0,0.0,0.0,1.0,0.0,0.0,0.0,0.0,0.0,0.0,0.0,0.0,0.0,0.0,0.0,0.0,0.0,0.0,1.0,0.0,0.0,0.0,0.0,0.0,0.0,0.0,1.0,0.0,0.0,0.0,0.0,0.0,0.0,0.0,0.0,0.0,0.0,0.0,0.0,0.0,0.0,1.0,1.0,0.0,0.0,1.0,0.0,0.0,0.0,1.0,0.0,0.0,0.0,0.0,0.0,0.0,0.0,1.0,0.0,0.0,0.0,0.0,0.0,0.0,0.0,0.0,0.0,0.0,0.0,0.0
knupouls,0.0,0.0,0.0,0.0,0.0,0.0,0.0,0.0,0.0,0.0,0.0,0.0,0.0,0.0,0.0,0.0,0.0,0.0,0.0,0.0,0.0,1.0,1.0,1.0,1.0,1.0,1.0,1.0,1.0,1.0,1.0,1.0,1.0,0.0,0.0,0.0,0.0,0.0,1.0,0.0,0.0,0.0,0.0,0.0,0.0,0.0,0.0,0.0,0.0,0.0,1.0,0.0,1.0,0.0,1.0,1.0,1.0,0.0,0.0,0.0,0.0,0.0,0.0,1.0,0.0,0.0,0.0,0.0,0.0,0.0,0.0,0.0,0.0,0.0,0.0,0.0,1.0,1.0,1.0,0.0,0.0,0.0,0.0,0.0,0.0,0.0,1.0,0.0,0.0,0.0,0.0,0.0,0.0,0.0,0.0,0.0,0.0,0.0,1.0,0.0,0.0,0.0,1.0,0.0,1.0,1.0,0.0,1.0,0.0,1.0,1.0,0.0,0.0,0.0,0.0,0.0,0.0,0.0,0.0,0.0,0.0,0.0,0.0,0.0,0.0,0.0,0.0,0.0,0.0,0.0,0.0,0.0,0.0,0.0,0.0,0.0,0.0,0.0,0.0,0.0,0.0,0.0,0.0,0.0,0.0,0.0,0.0,0.0,0.0,0.0,0.0,0.0,0.0,0.0,0.0,0.0,0.0,0.0,0.0,0.0,0.0,0.0,0.0,0.0,0.0,0.0,0.0,0.0,0.0,0.0,0.0,0.0,0.0,0.0,0.0,0.0,0.0,0.0,0.0,0.0,0.0,0.0,0.0,0.0,0.0,0.0,0.0,0.0,0.0,0.0,0.0,0.0,0.0,0.0,0.0,0.0,0.0,0.0,0.0,0.0,0.0,0.0,0.0,0.0,0.0,0.0,0.0,0.0,0.0,0.0,0.0,0.0,0.0,0.0,0.0,0.0,0.0,0.0,0.0,0.0,0.0,0.0,0.0,0.0,0.0,0.0,0.0,0.0,0.0,0.0,0.0,0.0,0.0,0.0,0.0,0.0,0.0,0.0,0.0,0.0,0.0,0.0,0.0,0.0,0.0,0.0,0.0,0.0,0.0,0.0,0.0,0.0,0.0,0.0,0.0,0.0,0.0,0.0,0.0,0.0,0.0,0.0,0.0,0.0,0.0,0.0,0.0,0.0,0.0,0.0,0.0,0.0,0.0,0.0,0.0,0.0,0.0,0.0,0.0,0.0,0.0,0.0,0.0,0.0,0.0,0.0,0.0,0.0,0.0,0.0,0.0,0.0,0.0,0.0,0.0,0.0,0.0,0.0,0.0,0.0,0.0,0.0,0.0,0.0,0.0,0.0,0.0,0.0,0.0,0.0,0.0,0.0,0.0,0.0,0.0
mficzel,0.0,1.0,1.0,0.0,0.0,0.0,0.0,0.0,0.0,0.0,0.0,0.0,0.0,0.0,0.0,0.0,0.0,1.0,0.0,1.0,1.0,0.0,0.0,0.0,0.0,0.0,0.0,0.0,0.0,0.0,0.0,0.0,0.0,0.0,0.0,0.0,1.0,0.0,0.0,1.0,1.0,0.0,0.0,0.0,0.0,0.0,1.0,1.0,0.0,0.0,0.0,0.0,0.0,1.0,0.0,0.0,0.0,0.0,0.0,0.0,1.0,1.0,0.0,0.0,0.0,0.0,0.0,1.0,0.0,0.0,0.0,0.0,0.0,1.0,0.0,1.0,0.0,0.0,0.0,0.0,1.0,0.0,0.0,0.0,0.0,0.0,0.0,1.0,0.0,0.0,0.0,0.0,0.0,0.0,0.0,0.0,0.0,0.0,0.0,0.0,0.0,0.0,0.0,0.0,0.0,0.0,0.0,0.0,1.0,0.0,0.0,0.0,0.0,0.0,0.0,1.0,0.0,0.0,0.0,0.0,0.0,0.0,0.0,0.0,0.0,0.0,1.0,0.0,0.0,0.0,0.0,0.0,0.0,1.0,0.0,0.0,0.0,0.0,0.0,1.0,0.0,0.0,0.0,0.0,0.0,0.0,0.0,0.0,0.0,0.0,0.0,0.0,0.0,0.0,0.0,0.0,0.0,0.0,0.0,0.0,0.0,0.0,0.0,0.0,0.0,0.0,0.0,0.0,0.0,0.0,0.0,0.0,0.0,0.0,0.0,0.0,0.0,0.0,0.0,0.0,0.0,0.0,0.0,0.0,0.0,0.0,0.0,0.0,0.0,0.0,0.0,0.0,0.0,0.0,0.0,0.0,0.0,0.0,0.0,0.0,0.0,0.0,0.0,0.0,0.0,0.0,0.0,0.0,0.0,0.0,1.0,0.0,1.0,0.0,0.0,0.0,0.0,0.0,0.0,0.0,0.0,0.0,0.0,0.0,0.0,1.0,0.0,0.0,0.0,0.0,0.0,0.0,0.0,0.0,0.0,0.0,1.0,0.0,0.0,0.0,1.0,0.0,1.0,0.0,0.0,0.0,0.0,0.0,0.0,0.0,0.0,0.0,0.0,0.0,0.0,0.0,0.0,0.0,0.0,0.0,0.0,0.0,0.0,0.0,0.0,0.0,0.0,0.0,0.0,0.0,0.0,0.0,0.0,0.0,0.0,0.0,0.0,0.0,0.0,0.0,0.0,0.0,0.0,0.0,0.0,0.0,0.0,0.0,0.0,0.0,0.0,0.0,0.0,0.0,0.0,1.0,0.0,0.0,0.0,0.0,0.0,0.0,0.0,0.0,0.0,0.0,0.0,0.0,0.0,0.0,0.0,0.0,0.0,0.0,0.0
mschmidt291,0.0,0.0,0.0,0.0,0.0,0.0,0.0,0.0,0.0,0.0,1.0,0.0,0.0,0.0,0.0,0.0,0.0,0.0,0.0,0.0,0.0,0.0,0.0,0.0,0.0,0.0,0.0,0.0,0.0,0.0,0.0,0.0,0.0,0.0,0.0,0.0,0.0,0.0,0.0,0.0,0.0,0.0,0.0,0.0,0.0,0.0,0.0,0.0,0.0,0.0,0.0,0.0,0.0,0.0,0.0,0.0,0.0,0.0,0.0,0.0,0.0,0.0,0.0,0.0,0.0,0.0,0.0,0.0,0.0,0.0,0.0,0.0,0.0,0.0,0.0,0.0,0.0,0.0,0.0,0.0,0.0,0.0,0.0,0.0,0.0,0.0,0.0,0.0,0.0,0.0,0.0,0.0,0.0,0.0,0.0,0.0,0.0,0.0,0.0,0.0,0.0,0.0,0.0,0.0,0.0,0.0,0.0,0.0,0.0,0.0,0.0,0.0,0.0,0.0,0.0,0.0,1.0,0.0,0.0,0.0,0.0,0.0,0.0,0.0,0.0,1.0,0.0,0.0,0.0,0.0,0.0,0.0,0.0,0.0,0.0,0.0,0.0,0.0,0.0,0.0,0.0,0.0,0.0,0.0,0.0,0.0,0.0,0.0,0.0,0.0,0.0,0.0,0.0,0.0,0.0,0.0,0.0,0.0,0.0,0.0,0.0,0.0,0.0,0.0,0.0,0.0,0.0,0.0,0.0,0.0,0.0,0.0,0.0,0.0,0.0,0.0,0.0,0.0,0.0,0.0,0.0,0.0,0.0,0.0,0.0,0.0,0.0,0.0,0.0,0.0,0.0,0.0,0.0,0.0,0.0,0.0,0.0,0.0,0.0,0.0,0.0,0.0,0.0,0.0,0.0,0.0,0.0,0.0,0.0,0.0,0.0,0.0,0.0,0.0,0.0,0.0,0.0,0.0,0.0,0.0,0.0,0.0,0.0,0.0,0.0,0.0,0.0,0.0,0.0,0.0,0.0,0.0,0.0,0.0,0.0,0.0,0.0,0.0,0.0,0.0,0.0,0.0,0.0,0.0,0.0,0.0,0.0,0.0,0.0,0.0,0.0,0.0,0.0,0.0,0.0,0.0,0.0,0.0,0.0,0.0,0.0,0.0,0.0,0.0,0.0,0.0,0.0,0.0,0.0,0.0,0.0,0.0,0.0,0.0,0.0,0.0,0.0,0.0,0.0,0.0,0.0,0.0,0.0,0.0,0.0,0.0,0.0,0.0,0.0,0.0,0.0,0.0,0.0,0.0,0.0,0.0,0.0,1.0,0.0,0.0,0.0,0.0,0.0,0.0,0.0,0.0,0.0,0.0,0.0,0.0,0.0,0.0,0.0,0.0,0.0
ralfkuehnel,0.0,0.0,0.0,0.0,0.0,0.0,0.0,0.0,0.0,0.0,0.0,0.0,0.0,0.0,0.0,0.0,0.0,0.0,0.0,0.0,0.0,0.0,0.0,0.0,0.0,0.0,0.0,0.0,0.0,0.0,0.0,0.0,0.0,0.0,0.0,0.0,0.0,0.0,0.0,0.0,0.0,0.0,0.0,0.0,0.0,0.0,0.0,0.0,0.0,0.0,0.0,0.0,0.0,0.0,0.0,0.0,0.0,0.0,0.0,0.0,0.0,0.0,0.0,0.0,0.0,0.0,0.0,0.0,0.0,0.0,0.0,0.0,0.0,0.0,0.0,0.0,0.0,0.0,0.0,0.0,0.0,0.0,0.0,0.0,0.0,0.0,0.0,0.0,0.0,0.0,0.0,0.0,0.0,0.0,0.0,0.0,0.0,0.0,0.0,1.0,0.0,0.0,0.0,0.0,0.0,0.0,0.0,0.0,0.0,0.0,0.0,0.0,0.0,0.0,0.0,0.0,0.0,0.0,0.0,0.0,0.0,0.0,0.0,0.0,0.0,1.0,0.0,0.0,0.0,0.0,0.0,0.0,0.0,0.0,0.0,0.0,0.0,0.0,0.0,0.0,0.0,0.0,0.0,0.0,0.0,0.0,0.0,0.0,0.0,0.0,0.0,0.0,0.0,0.0,0.0,1.0,1.0,0.0,1.0,0.0,0.0,0.0,0.0,0.0,1.0,1.0,0.0,0.0,1.0,0.0,0.0,0.0,0.0,0.0,0.0,0.0,0.0,0.0,0.0,0.0,0.0,0.0,0.0,0.0,0.0,0.0,0.0,0.0,0.0,0.0,1.0,1.0,0.0,0.0,0.0,0.0,0.0,0.0,1.0,0.0,0.0,0.0,0.0,0.0,0.0,0.0,0.0,0.0,0.0,0.0,0.0,0.0,0.0,1.0,1.0,0.0,0.0,0.0,0.0,0.0,0.0,0.0,0.0,1.0,0.0,0.0,0.0,0.0,0.0,0.0,0.0,0.0,0.0,0.0,0.0,0.0,0.0,0.0,0.0,1.0,0.0,0.0,0.0,0.0,0.0,0.0,0.0,0.0,0.0,0.0,0.0,0.0,0.0,1.0,0.0,0.0,0.0,0.0,0.0,0.0,0.0,0.0,1.0,0.0,0.0,0.0,0.0,0.0,0.0,0.0,0.0,0.0,0.0,0.0,0.0,0.0,0.0,0.0,0.0,0.0,0.0,0.0,0.0,0.0,0.0,0.0,0.0,0.0,0.0,0.0,0.0,0.0,0.0,0.0,0.0,0.0,0.0,0.0,0.0,0.0,0.0,0.0,0.0,0.0,0.0,0.0,0.0,0.0,0.0,0.0,0.0,1.0,0.0,0.0,1.0
robertlemke,0.0,1.0,0.0,0.0,0.0,0.0,0.0,0.0,0.0,0.0,0.0,0.0,0.0,0.0,0.0,0.0,0.0,0.0,0.0,0.0,0.0,0.0,0.0,0.0,0.0,0.0,0.0,0.0,0.0,0.0,0.0,0.0,0.0,0.0,0.0,0.0,0.0,0.0,0.0,0.0,0.0,0.0,0.0,0.0,0.0,0.0,0.0,0.0,0.0,0.0,0.0,0.0,0.0,0.0,0.0,0.0,0.0,0.0,0.0,0.0,0.0,0.0,0.0,0.0,0.0,0.0,0.0,0.0,0.0,0.0,0.0,0.0,0.0,0.0,0.0,0.0,0.0,0.0,0.0,0.0,0.0,0.0,0.0,0.0,0.0,0.0,0.0,0.0,0.0,0.0,0.0,0.0,0.0,0.0,0.0,0.0,0.0,0.0,0.0,0.0,0.0,0.0,0.0,0.0,0.0,0.0,0.0,0.0,0.0,0.0,0.0,0.0,0.0,0.0,0.0,0.0,0.0,0.0,0.0,0.0,0.0,0.0,0.0,0.0,0.0,0.0,0.0,0.0,0.0,0.0,0.0,0.0,0.0,0.0,0.0,0.0,0.0,0.0,0.0,0.0,0.0,0.0,0.0,0.0,0.0,0.0,0.0,0.0,0.0,0.0,0.0,0.0,0.0,0.0,0.0,0.0,0.0,0.0,0.0,0.0,0.0,0.0,0.0,0.0,0.0,0.0,0.0,0.0,0.0,0.0,0.0,0.0,1.0,0.0,0.0,0.0,0.0,0.0,0.0,0.0,0.0,0.0,0.0,0.0,0.0,0.0,0.0,0.0,0.0,0.0,0.0,0.0,0.0,0.0,0.0,0.0,0.0,0.0,0.0,0.0,0.0,0.0,0.0,0.0,0.0,0.0,0.0,0.0,0.0,0.0,0.0,0.0,0.0,0.0,0.0,0.0,0.0,0.0,0.0,0.0,0.0,0.0,0.0,0.0,0.0,0.0,0.0,0.0,0.0,0.0,0.0,0.0,1.0,0.0,0.0,0.0,0.0,0.0,0.0,0.0,0.0,0.0,0.0,0.0,0.0,0.0,0.0,0.0,0.0,0.0,0.0,0.0,0.0,0.0,0.0,0.0,0.0,0.0,0.0,0.0,0.0,0.0,0.0,0.0,0.0,0.0,0.0,0.0,0.0,0.0,0.0,0.0,0.0,0.0,0.0,0.0,0.0,0.0,0.0,0.0,0.0,0.0,0.0,0.0,0.0,0.0,0.0,0.0,0.0,0.0,0.0,0.0,0.0,0.0,0.0,0.0,0.0,0.0,0.0,0.0,0.0,0.0,0.0,0.0,0.0,0.0,0.0,0.0,0.0,0.0,0.0,0.0,0.0,0.0,0.0
skurfuerst,0.0,0.0,0.0,0.0,0.0,0.0,0.0,0.0,0.0,0.0,0.0,0.0,0.0,0.0,0.0,0.0,0.0,0.0,0.0,0.0,0.0,0.0,0.0,0.0,0.0,0.0,0.0,0.0,0.0,0.0,0.0,0.0,0.0,0.0,0.0,0.0,0.0,0.0,0.0,0.0,0.0,0.0,0.0,0.0,0.0,0.0,0.0,0.0,0.0,1.0,0.0,0.0,0.0,0.0,0.0,0.0,0.0,0.0,1.0,1.0,0.0,0.0,1.0,0.0,0.0,0.0,0.0,0.0,0.0,0.0,1.0,0.0,0.0,0.0,0.0,0.0,0.0,0.0,0.0,0.0,0.0,0.0,0.0,0.0,1.0,1.0,0.0,0.0,0.0,0.0,0.0,0.0,0.0,0.0,0.0,0.0,0.0,0.0,0.0,0.0,0.0,0.0,0.0,0.0,0.0,0.0,0.0,0.0,0.0,0.0,0.0,0.0,0.0,0.0,0.0,0.0,0.0,0.0,0.0,0.0,0.0,0.0,0.0,0.0,0.0,0.0,0.0,0.0,0.0,0.0,0.0,0.0,0.0,0.0,0.0,0.0,0.0,0.0,0.0,0.0,0.0,0.0,0.0,0.0,0.0,0.0,0.0,0.0,0.0,0.0,0.0,0.0,0.0,0.0,0.0,0.0,0.0,0.0,0.0,0.0,1.0,0.0,0.0,0.0,0.0,0.0,0.0,0.0,0.0,0.0,1.0,0.0,0.0,0.0,0.0,0.0,0.0,0.0,0.0,0.0,0.0,0.0,0.0,0.0,0.0,1.0,0.0,0.0,1.0,0.0,0.0,0.0,0.0,0.0,0.0,0.0,1.0,0.0,0.0,1.0,0.0,1.0,0.0,0.0,0.0,0.0,0.0,1.0,1.0,0.0,0.0,1.0,0.0,0.0,0.0,1.0,0.0,1.0,0.0,0.0,0.0,0.0,0.0,0.0,0.0,0.0,0.0,0.0,0.0,0.0,0.0,0.0,0.0,0.0,0.0,0.0,0.0,0.0,0.0,0.0,0.0,0.0,0.0,0.0,0.0,0.0,0.0,0.0,0.0,1.0,1.0,0.0,0.0,0.0,1.0,1.0,1.0,1.0,0.0,1.0,0.0,0.0,0.0,0.0,0.0,0.0,0.0,0.0,0.0,0.0,0.0,0.0,0.0,1.0,1.0,0.0,0.0,0.0,0.0,0.0,0.0,0.0,0.0,0.0,0.0,1.0,0.0,0.0,0.0,0.0,0.0,0.0,0.0,1.0,0.0,0.0,0.0,0.0,0.0,0.0,0.0,0.0,0.0,0.0,0.0,0.0,0.0,0.0,0.0,0.0,0.0,0.0,0.0,0.0,0.0
