 ,MDEwOlJlcG9zaXRvcnk0MDA0MTU2MjA=,MDEwOlJlcG9zaXRvcnk0MDAwMjYyNTM=,MDEwOlJlcG9zaXRvcnk0MDI4MzUyOTY=,MDEwOlJlcG9zaXRvcnk0MDQ0ODkx,MDEwOlJlcG9zaXRvcnk0MDY2NTEzOQ==,MDEwOlJlcG9zaXRvcnk0MDc4NzU1MTI=,MDEwOlJlcG9zaXRvcnk0MDk2Mzk5MQ==,MDEwOlJlcG9zaXRvcnk0MDk2NDAxNA==,MDEwOlJlcG9zaXRvcnk0MDk3MjYzNA==,MDEwOlJlcG9zaXRvcnk0MDk3Mjc3Mg==,MDEwOlJlcG9zaXRvcnk0MDk3ODk5MA==,MDEwOlJlcG9zaXRvcnk0MTU4MTc5MQ==,MDEwOlJlcG9zaXRvcnk0MTU4NDUw,MDEwOlJlcG9zaXRvcnk0MjE5NDEyOQ==,MDEwOlJlcG9zaXRvcnk0Mjc1MTAxNA==,MDEwOlJlcG9zaXRvcnk0NDAxMjAzNQ==,MDEwOlJlcG9zaXRvcnk0NDYxMzQzOQ==,MDEwOlJlcG9zaXRvcnk0NDc0NTEzMA==,MDEwOlJlcG9zaXRvcnk0NTcwMzg4NA==,MDEwOlJlcG9zaXRvcnk0NTgwNTg=,MDEwOlJlcG9zaXRvcnk0NTgzMzc5OA==,MDEwOlJlcG9zaXRvcnk0NTk4MDA1Mg==,MDEwOlJlcG9zaXRvcnk0Njc2OTc5MA==,MDEwOlJlcG9zaXRvcnk0NjgwNjE4NA==,MDEwOlJlcG9zaXRvcnk0NzQ2MDE4MQ==,MDEwOlJlcG9zaXRvcnk0Nzg5OTY=,MDEwOlJlcG9zaXRvcnk1MDI2NDI5Ng==,MDEwOlJlcG9zaXRvcnk1MDgwNjcxNA==,MDEwOlJlcG9zaXRvcnk1MTg0MDgwMg==,MDEwOlJlcG9zaXRvcnk1MTkwNTQzNg==,MDEwOlJlcG9zaXRvcnk1MjM5MTg1,MDEwOlJlcG9zaXRvcnk1MjYzMDYxNg==,MDEwOlJlcG9zaXRvcnk1MzYxMjk4Ng==,MDEwOlJlcG9zaXRvcnk1MzYxMzA1Mg==,MDEwOlJlcG9zaXRvcnk1MzYxMzA1OA==,MDEwOlJlcG9zaXRvcnk1MzYxMzA3NQ==,MDEwOlJlcG9zaXRvcnk1MzYxMzAzMg==,MDEwOlJlcG9zaXRvcnk1NDQwMDY4Nw==,MDEwOlJlcG9zaXRvcnk1NjgzODUwOA==,MDEwOlJlcG9zaXRvcnk1Njk2MDA0Nw==,MDEwOlJlcG9zaXRvcnk1Njk3ODkyOA==,MDEwOlJlcG9zaXRvcnk1ODk4MDE2Nw==,MDEwOlJlcG9zaXRvcnk1OTg0NjE4Ng==,MDEwOlJlcG9zaXRvcnk2MTEzNzE1Mw==,MDEwOlJlcG9zaXRvcnk2MTQxMjAyMg==,MDEwOlJlcG9zaXRvcnk2MTU2NzMwNA==,MDEwOlJlcG9zaXRvcnk2MjAxMDky,MDEwOlJlcG9zaXRvcnk2Mzc4MDQ3,MDEwOlJlcG9zaXRvcnk2NTIxMjg1Ng==,MDEwOlJlcG9zaXRvcnk2NTQyNjY4NA==,MDEwOlJlcG9zaXRvcnk2NzA1MDU1MA==,MDEwOlJlcG9zaXRvcnk2NzA1MDU3MQ==,MDEwOlJlcG9zaXRvcnk2NzA1MDU5NA==,MDEwOlJlcG9zaXRvcnk2NzA1MDYxNQ==,MDEwOlJlcG9zaXRvcnk2NzA1MDYzOQ==,MDEwOlJlcG9zaXRvcnk2NzM2MTU2Ng==,MDEwOlJlcG9zaXRvcnk2ODQwMjMzNg==,MDEwOlJlcG9zaXRvcnk3MDI1NTA=,MDEwOlJlcG9zaXRvcnk3MDUyMjc2Ng==,MDEwOlJlcG9zaXRvcnk3MTM2Njk=,MDEwOlJlcG9zaXRvcnk3MTk5NTkzNw==,MDEwOlJlcG9zaXRvcnk3MjIyMTEzNg==,MDEwOlJlcG9zaXRvcnk3MjM0MzY1Nw==,MDEwOlJlcG9zaXRvcnk3Mjc4NjE5MA==,MDEwOlJlcG9zaXRvcnk3Mjg3ODk4Mg==,MDEwOlJlcG9zaXRvcnk3NDU1MTA3,MDEwOlJlcG9zaXRvcnk3NDg5MTIwMw==,MDEwOlJlcG9zaXRvcnk3NTc2NzE3Mw==,MDEwOlJlcG9zaXRvcnk3Njc5NTI2Ng==,MDEwOlJlcG9zaXRvcnk3NjkxNjMx,MDEwOlJlcG9zaXRvcnk3NzQxODU2,MDEwOlJlcG9zaXRvcnk3ODIxOTMwOA==,MDEwOlJlcG9zaXRvcnk3OTYzNjk3MA==,MDEwOlJlcG9zaXRvcnk3OTc3NzU5,MDEwOlJlcG9zaXRvcnk4MDE1MjI2Mg==,MDEwOlJlcG9zaXRvcnk4MDQ2NTAxMQ==,MDEwOlJlcG9zaXRvcnk4MzgxODEyMg==,MDEwOlJlcG9zaXRvcnk4NDA2Njky,MDEwOlJlcG9zaXRvcnk4NDkzNDAxMw==,MDEwOlJlcG9zaXRvcnk4NjczMzQ2Mw==,MDEwOlJlcG9zaXRvcnk4ODMwMzUyMA==,MDEwOlJlcG9zaXRvcnk5MDMyMDQ5NA==,MDEwOlJlcG9zaXRvcnk5MjgxNzA4,MDEwOlJlcG9zaXRvcnk5NDY1Mjc4MQ==,MDEwOlJlcG9zaXRvcnk5NDcwMjM2Nw==,MDEwOlJlcG9zaXRvcnk5NjcwMDExMA==,MDEwOlJlcG9zaXRvcnk5ODg1ODM5Ng==,MDEwOlJlcG9zaXRvcnkxMDA3NTgxNQ==,MDEwOlJlcG9zaXRvcnkxMDEyMTQ0MA==,MDEwOlJlcG9zaXRvcnkxMDEyMTc5NA==,MDEwOlJlcG9zaXRvcnkxMDI2MDE3NDk=,MDEwOlJlcG9zaXRvcnkxMDM0Mjg2MDM=,MDEwOlJlcG9zaXRvcnkxMDM5OTU4OTU=,MDEwOlJlcG9zaXRvcnkxMDQ4Nzk3Nzk=,MDEwOlJlcG9zaXRvcnkxMDU3MjIzNTI=,MDEwOlJlcG9zaXRvcnkxMDY3MDQwNDE=,MDEwOlJlcG9zaXRvcnkxMDYwMTczNDM=,MDEwOlJlcG9zaXRvcnkxMDYwNjAzMQ==,MDEwOlJlcG9zaXRvcnkxMDYyOTg2,MDEwOlJlcG9zaXRvcnkxMDc0NDE4Mw==,MDEwOlJlcG9zaXRvcnkxMDcxNzMw,MDEwOlJlcG9zaXRvcnkxMDcyODY4ODk=,MDEwOlJlcG9zaXRvcnkxMTAxMDYxMDQ=,MDEwOlJlcG9zaXRvcnkxMTAyMzcyNjg=,MDEwOlJlcG9zaXRvcnkxMTAzNjA3,MDEwOlJlcG9zaXRvcnkxMTE5Nzkw,MDEwOlJlcG9zaXRvcnkxMTIzMjU0NjQ=,MDEwOlJlcG9zaXRvcnkxMTQ1MzYyMjQ=,MDEwOlJlcG9zaXRvcnkxMTQ2OTkyNzM=,MDEwOlJlcG9zaXRvcnkxMTQ3NDI0MjI=,MDEwOlJlcG9zaXRvcnkxMTQzOTMyMjE=,MDEwOlJlcG9zaXRvcnkxMTUxMDMzMDg=,MDEwOlJlcG9zaXRvcnkxMTk0MTkxOTU=,MDEwOlJlcG9zaXRvcnkxMTkyODgz,MDEwOlJlcG9zaXRvcnkxMjA0NDg3MDk=,MDEwOlJlcG9zaXRvcnkxMjA1Mzc3OA==,MDEwOlJlcG9zaXRvcnkxMjA4OTQ1MzA=,MDEwOlJlcG9zaXRvcnkxMjE4OTg3MTc=,MDEwOlJlcG9zaXRvcnkxMjEwODYxOTM=,MDEwOlJlcG9zaXRvcnkxMjM1NzIzNjI=,MDEwOlJlcG9zaXRvcnkxMjM3MzI0ODI=,MDEwOlJlcG9zaXRvcnkxMjQ5MTgwODQ=,MDEwOlJlcG9zaXRvcnkxMjUyNzU0ODc=,MDEwOlJlcG9zaXRvcnkxMjYzMTU5MTk=,MDEwOlJlcG9zaXRvcnkxMjg1ODA1ODk=,MDEwOlJlcG9zaXRvcnkxMjk5OTAzOTY=,MDEwOlJlcG9zaXRvcnkxMjkwODQ4MDE=,MDEwOlJlcG9zaXRvcnkxMzA2ODgwMTE=,MDEwOlJlcG9zaXRvcnkxMzA4ODQ0NzA=,MDEwOlJlcG9zaXRvcnkxMzE3MTEyMDE=,MDEwOlJlcG9zaXRvcnkxMzE3MTEyNTM=,MDEwOlJlcG9zaXRvcnkxMzI3MDk4MjQ=,MDEwOlJlcG9zaXRvcnkxMzIwMDA0Mjk=,MDEwOlJlcG9zaXRvcnkxMzQ3NzU5NDM=,MDEwOlJlcG9zaXRvcnkxMzU3MDgyNDU=,MDEwOlJlcG9zaXRvcnkxMzUzNzgzMTQ=,MDEwOlJlcG9zaXRvcnkxMzYxNDAwNDA=,MDEwOlJlcG9zaXRvcnkxMzYzMjY4MTY=,MDEwOlJlcG9zaXRvcnkxMzYzOTcxMg==,MDEwOlJlcG9zaXRvcnkxMzcxNzE3MTk=,MDEwOlJlcG9zaXRvcnkxMzgxOTgz,MDEwOlJlcG9zaXRvcnkxMzk4NjM0,MDEwOlJlcG9zaXRvcnkxMzk4NjM4,MDEwOlJlcG9zaXRvcnkxMzk4NjMw,MDEwOlJlcG9zaXRvcnkxMzk4NjQw,MDEwOlJlcG9zaXRvcnkxMzk4NjU2,MDEwOlJlcG9zaXRvcnkxMzkyNTgxMjE=,MDEwOlJlcG9zaXRvcnkxNDA5NTcwMTg=,MDEwOlJlcG9zaXRvcnkxNDE2OTc0NDk=,MDEwOlJlcG9zaXRvcnkxNDIyODIw,MDEwOlJlcG9zaXRvcnkxNDM0Njk3OQ==,MDEwOlJlcG9zaXRvcnkxNDM1OTk1MDI=,MDEwOlJlcG9zaXRvcnkxNDQxNTI5MzU=,MDEwOlJlcG9zaXRvcnkxNDU0Mjg3,MDEwOlJlcG9zaXRvcnkxNDkwMjYyOTI=,MDEwOlJlcG9zaXRvcnkxNDkzMTQ0MDI=,MDEwOlJlcG9zaXRvcnkxNTI1MzY3OTg=,MDEwOlJlcG9zaXRvcnkxNTM1MDAyNDk=,MDEwOlJlcG9zaXRvcnkxNTQ5NTA5MjU=,MDEwOlJlcG9zaXRvcnkxNTQ5NjQ2Nw==,MDEwOlJlcG9zaXRvcnkxNTU2NjIzMDY=,MDEwOlJlcG9zaXRvcnkxNTY5NzE4Mzc=,MDEwOlJlcG9zaXRvcnkxNTYwOTg4Nzc=,MDEwOlJlcG9zaXRvcnkxNTc4NDY4NzY=,MDEwOlJlcG9zaXRvcnkxNTc5MjExNDM=,MDEwOlJlcG9zaXRvcnkxNTkxMTgwODQ=,MDEwOlJlcG9zaXRvcnkxNTkxODQxNjM=,MDEwOlJlcG9zaXRvcnkxNjIwMTA1OQ==,MDEwOlJlcG9zaXRvcnkxNjIxMjczODE=,MDEwOlJlcG9zaXRvcnkxNjQwODk5Mg==,MDEwOlJlcG9zaXRvcnkxNjY1NDYxMTU=,MDEwOlJlcG9zaXRvcnkxNjYwNzg5OA==,MDEwOlJlcG9zaXRvcnkxNjkxMzA4ODU=,MDEwOlJlcG9zaXRvcnkxNzM2ODg1ODc=,MDEwOlJlcG9zaXRvcnkxNzQ1MjA4MA==,MDEwOlJlcG9zaXRvcnkxNzQ1NTg5NTM=,MDEwOlJlcG9zaXRvcnkxNzU2MjQ1MTM=,MDEwOlJlcG9zaXRvcnkxNzY5MzgxOTU=,MDEwOlJlcG9zaXRvcnkxNzY5NDI3Nw==,MDEwOlJlcG9zaXRvcnkxNzc0MjAyMTQ=,MDEwOlJlcG9zaXRvcnkxNzc4ODI1MDY=,MDEwOlJlcG9zaXRvcnkxNzg0OTY1MQ==,MDEwOlJlcG9zaXRvcnkxNzgwNzk1OTU=,MDEwOlJlcG9zaXRvcnkxNzgzODY1MjE=,MDEwOlJlcG9zaXRvcnkxNzk0NzY1MTQ=,MDEwOlJlcG9zaXRvcnkxODE4NDE0ODU=,MDEwOlJlcG9zaXRvcnkxODEzNTI5NDU=,MDEwOlJlcG9zaXRvcnkxODQ3MTIzMDY=,MDEwOlJlcG9zaXRvcnkxODQ4NjAyMDM=,MDEwOlJlcG9zaXRvcnkxODQ4OTYxMjY=,MDEwOlJlcG9zaXRvcnkxODY0MzYz,MDEwOlJlcG9zaXRvcnkxODYzNzI5Nw==,MDEwOlJlcG9zaXRvcnkxODc4NzgwMTc=,MDEwOlJlcG9zaXRvcnkxODgzODAwMjU=,MDEwOlJlcG9zaXRvcnkxOTA3Mjk5MDY=,MDEwOlJlcG9zaXRvcnkxOTEwNTEzOTE=,MDEwOlJlcG9zaXRvcnkxOTEwNTQyMTE=,MDEwOlJlcG9zaXRvcnkxOTI5MjU4MzM=,MDEwOlJlcG9zaXRvcnkxOTQ2MzYyNQ==,MDEwOlJlcG9zaXRvcnkxOTU0MjI3MDg=,MDEwOlJlcG9zaXRvcnkxOTY0MzY5OTg=,MDEwOlJlcG9zaXRvcnkxOTk4MzMxNzY=,MDEwOlJlcG9zaXRvcnkyMDI4OTA3Nzg=,MDEwOlJlcG9zaXRvcnkyMDM0NTYxNDg=,MDEwOlJlcG9zaXRvcnkyMDU1Mjk2NA==,MDEwOlJlcG9zaXRvcnkyMDU1Mzk4Mg==,MDEwOlJlcG9zaXRvcnkyMDU2NTU1Mw==,MDEwOlJlcG9zaXRvcnkyMDU4MDQ5OA==,MDEwOlJlcG9zaXRvcnkyMDYyMTM4MTU=,MDEwOlJlcG9zaXRvcnkyMDg4MzI0MTQ=,MDEwOlJlcG9zaXRvcnkyMTIxMTk5Mjk=,MDEwOlJlcG9zaXRvcnkyMTQ1ODcxOTM=,MDEwOlJlcG9zaXRvcnkyMTQ4OTk3NDQ=,MDEwOlJlcG9zaXRvcnkyMTU4NDE1Njg=,MDEwOlJlcG9zaXRvcnkyMTUxNTI4MzA=,MDEwOlJlcG9zaXRvcnkyMTYzMjYz,MDEwOlJlcG9zaXRvcnkyMTg3NTAyMzM=,MDEwOlJlcG9zaXRvcnkyMTgyNzE0Ng==,MDEwOlJlcG9zaXRvcnkyMjA0MTc3,MDEwOlJlcG9zaXRvcnkyMjE2NzU3NzI=,MDEwOlJlcG9zaXRvcnkyMjEyNDk3Nw==,MDEwOlJlcG9zaXRvcnkyMjQzNzE0ODk=,MDEwOlJlcG9zaXRvcnkyMjg1MjE1NTU=,MDEwOlJlcG9zaXRvcnkyMzE2MzcxNTU=,MDEwOlJlcG9zaXRvcnkyMzIwNjE4MTk=,MDEwOlJlcG9zaXRvcnkyMzIyNzk1ODA=,MDEwOlJlcG9zaXRvcnkyMzM3Mjg3MjE=,MDEwOlJlcG9zaXRvcnkyMzMzNTEw,MDEwOlJlcG9zaXRvcnkyMzQ1MjA0NDM=,MDEwOlJlcG9zaXRvcnkyMzQ3OTg2NzU=,MDEwOlJlcG9zaXRvcnkyMzQzNDM4NzI=,MDEwOlJlcG9zaXRvcnkyMzU1MzQ3NjU=,MDEwOlJlcG9zaXRvcnkyMzU5MDE4MTM=,MDEwOlJlcG9zaXRvcnkyMzY5OTE5OTY=,MDEwOlJlcG9zaXRvcnkyMzgzMTY0Mjg=,MDEwOlJlcG9zaXRvcnkyNDAyOTg4MQ==,MDEwOlJlcG9zaXRvcnkyNDExNzYyNDI=,MDEwOlJlcG9zaXRvcnkyNDMyMDY3NjY=,MDEwOlJlcG9zaXRvcnkyNDYwNzk5Mjk=,MDEwOlJlcG9zaXRvcnkyNDg1NTA2ODA=,MDEwOlJlcG9zaXRvcnkyNDg3OTA3ODU=,MDEwOlJlcG9zaXRvcnkyNTI1NjgzNzU=,MDEwOlJlcG9zaXRvcnkyNTIyNzY=,MDEwOlJlcG9zaXRvcnkyNTQ3MDM0NQ==,MDEwOlJlcG9zaXRvcnkyNTQ4OTM4NA==,MDEwOlJlcG9zaXRvcnkyNTUwNzU5NTk=,MDEwOlJlcG9zaXRvcnkyNTgxODk5ODA=,MDEwOlJlcG9zaXRvcnkyNjM0NTMwNTc=,MDEwOlJlcG9zaXRvcnkyNjkxMDMwNg==,MDEwOlJlcG9zaXRvcnkyNzExMjMxMTQ=,MDEwOlJlcG9zaXRvcnkyNzI2ODc0ODA=,MDEwOlJlcG9zaXRvcnkyNzIwMTIxMTg=,MDEwOlJlcG9zaXRvcnkyNzIyNzE2MTk=,MDEwOlJlcG9zaXRvcnkyNzM0NTU3Mzg=,MDEwOlJlcG9zaXRvcnkyNzM4NzE4NTk=,MDEwOlJlcG9zaXRvcnkyNzQyNTU1OTM=,MDEwOlJlcG9zaXRvcnkyNzU5OTM4ODU=,MDEwOlJlcG9zaXRvcnkyNzUxNjkwMjU=,MDEwOlJlcG9zaXRvcnkyNzc2MjY0OTk=,MDEwOlJlcG9zaXRvcnkyNzk3NTk2MDU=,MDEwOlJlcG9zaXRvcnkyODE5NzUzMTA=,MDEwOlJlcG9zaXRvcnkyODExMjM0,MDEwOlJlcG9zaXRvcnkyODY4Njc0NTk=,MDEwOlJlcG9zaXRvcnkyODgyODI2Njc=,MDEwOlJlcG9zaXRvcnkyODk1MDQ1MjE=,MDEwOlJlcG9zaXRvcnkyOTIwMTQyMjk=,MDEwOlJlcG9zaXRvcnkyOTM0OTg1MDg=,MDEwOlJlcG9zaXRvcnkyOTMwOTY2,MDEwOlJlcG9zaXRvcnkzMDA0MTY2MzE=,MDEwOlJlcG9zaXRvcnkzMDAwNDY3NzM=,MDEwOlJlcG9zaXRvcnkzMDE0MjU2ODc=,MDEwOlJlcG9zaXRvcnkzMDMzOTc3NjI=,MDEwOlJlcG9zaXRvcnkzMDQ2NDYwMDE=,MDEwOlJlcG9zaXRvcnkzMDUwNzMzMTM=,MDEwOlJlcG9zaXRvcnkzMDYzNjY5MDA=,MDEwOlJlcG9zaXRvcnkzMDcyNTM2MDM=,MDEwOlJlcG9zaXRvcnkzMTM4Nzc4OTg=,MDEwOlJlcG9zaXRvcnkzMTQzNzI5Mjk=,MDEwOlJlcG9zaXRvcnkzMTcwMDU2Mzk=,MDEwOlJlcG9zaXRvcnkzMjA1MjI4Nw==,MDEwOlJlcG9zaXRvcnkzMjM1MzEwNjY=,MDEwOlJlcG9zaXRvcnkzMjM2NDA2MjM=,MDEwOlJlcG9zaXRvcnkzMjM5MzI1MDk=,MDEwOlJlcG9zaXRvcnkzMjY2OTQ1MQ==,MDEwOlJlcG9zaXRvcnkzMjc4NzI1Nzg=,MDEwOlJlcG9zaXRvcnkzMzI5MzYxMw==,MDEwOlJlcG9zaXRvcnkzMzMwODgyMTQ=,MDEwOlJlcG9zaXRvcnkzMzg2OTkzMTQ=,MDEwOlJlcG9zaXRvcnkzMzg4MTg0MzA=,MDEwOlJlcG9zaXRvcnkzNDA2MTQyNQ==,MDEwOlJlcG9zaXRvcnkzNDQ3Nzk2MTk=,MDEwOlJlcG9zaXRvcnkzNDU2Nzk2MTQ=,MDEwOlJlcG9zaXRvcnkzNDUyNjg4NA==,MDEwOlJlcG9zaXRvcnkzNDUzMjg5,MDEwOlJlcG9zaXRvcnkzNDc4MzI4NTE=,MDEwOlJlcG9zaXRvcnkzNDcyMjI2NDM=,MDEwOlJlcG9zaXRvcnkzNTExMjkzMjM=,MDEwOlJlcG9zaXRvcnkzNTI4MDc5MA==,MDEwOlJlcG9zaXRvcnkzNTI4MDc5NA==,MDEwOlJlcG9zaXRvcnkzNTI4MDc5Nw==,MDEwOlJlcG9zaXRvcnkzNTI4MDgxMQ==,MDEwOlJlcG9zaXRvcnkzNTI4MDgxMw==,MDEwOlJlcG9zaXRvcnkzNTI4MDgxNQ==,MDEwOlJlcG9zaXRvcnkzNTI4MDgxNw==,MDEwOlJlcG9zaXRvcnkzNTI4MDgyNg==,MDEwOlJlcG9zaXRvcnkzNTI4MDgzMA==,MDEwOlJlcG9zaXRvcnkzNTI4MDgzNg==,MDEwOlJlcG9zaXRvcnkzNTQ0NDI0,MDEwOlJlcG9zaXRvcnkzNTYxNzExNw==,MDEwOlJlcG9zaXRvcnkzNTYyNTU5Ng==,MDEwOlJlcG9zaXRvcnkzNTgxMjIxNQ==,MDEwOlJlcG9zaXRvcnkzNTk0MTkyMzM=,MDEwOlJlcG9zaXRvcnkzNjA1NTY4NjM=,MDEwOlJlcG9zaXRvcnkzNjAwMjkyNDc=,MDEwOlJlcG9zaXRvcnkzNjQ1ODA1MzM=,MDEwOlJlcG9zaXRvcnkzNjU1NDI5Njc=,MDEwOlJlcG9zaXRvcnkzNjUyNjM4NDM=,MDEwOlJlcG9zaXRvcnkzNjY0ODk1MjY=,MDEwOlJlcG9zaXRvcnkzNjY1MzQzMA==,MDEwOlJlcG9zaXRvcnkzNjczMzQ5NDU=,MDEwOlJlcG9zaXRvcnkzNjkxNTA2OTE=,MDEwOlJlcG9zaXRvcnkzNzA0Mzk=,MDEwOlJlcG9zaXRvcnkzNzM1MDg3MQ==,MDEwOlJlcG9zaXRvcnkzNzYzOTQwODQ=,MDEwOlJlcG9zaXRvcnkzNzc0OTY1NjI=,MDEwOlJlcG9zaXRvcnkzNzcyOTk4MjY=,MDEwOlJlcG9zaXRvcnkzODAxOTk5MzI=,MDEwOlJlcG9zaXRvcnkzODI5NDMyODE=,MDEwOlJlcG9zaXRvcnkzODMzNzE5Mg==,MDEwOlJlcG9zaXRvcnkzODQ5NTkzMzE=,MDEwOlJlcG9zaXRvcnkzODU1ODY=,MDEwOlJlcG9zaXRvcnkzODYzMjQ2OA==,MDEwOlJlcG9zaXRvcnkzODc1OTI0NzM=,MDEwOlJlcG9zaXRvcnkzOTA2MzQyOTQ=,MDEwOlJlcG9zaXRvcnkzOTA5OTUzOTk=,MDEwOlJlcG9zaXRvcnkzOTE0OTAzMQ==,MDEwOlJlcG9zaXRvcnkzOTY2ODcxMDg=,R_kgDOG8MOTQ,R_kgDOGIpoSQ,R_kgDOGQBJdg,R_kgDOGRGMqQ,R_kgDOGRlX1A,R_kgDOGZ1BSg,R_kgDOGdqFlg,R_kgDOGdwXmg,R_kgDOGeGmsQ,R_kgDOGiA2QA,R_kgDOGiGrWw,R_kgDOGkBepw,R_kgDOGka1Tg,R_kgDOGlEFxA,R_kgDOGnU3Lg,R_kgDOGoXg2Q,R_kgDOGp7JPA,R_kgDOGxPkhQ,R_kgDOHLxjQg,R_kgDOHM5n7A,R_kgDOHbp_VA,R_kgDOHf25Ew,R_kgDOHfE_HA
DavidSporer,0.0,0.0,0.0,0.0,1.0,0.0,0.0,0.0,0.0,0.0,0.0,0.0,0.0,0.0,0.0,0.0,0.0,1.0,0.0,1.0,0.0,0.0,0.0,0.0,0.0,0.0,0.0,0.0,0.0,0.0,0.0,0.0,1.0,1.0,1.0,1.0,1.0,0.0,0.0,0.0,0.0,0.0,0.0,0.0,0.0,0.0,0.0,0.0,0.0,0.0,0.0,0.0,0.0,0.0,0.0,0.0,0.0,1.0,0.0,0.0,0.0,0.0,0.0,0.0,0.0,0.0,0.0,0.0,0.0,0.0,0.0,0.0,0.0,0.0,0.0,0.0,0.0,0.0,0.0,0.0,0.0,0.0,1.0,0.0,0.0,0.0,0.0,0.0,0.0,0.0,0.0,0.0,0.0,0.0,0.0,0.0,0.0,0.0,0.0,0.0,0.0,0.0,0.0,0.0,0.0,0.0,0.0,0.0,0.0,0.0,1.0,0.0,0.0,0.0,0.0,0.0,0.0,0.0,0.0,0.0,0.0,0.0,0.0,0.0,0.0,0.0,0.0,0.0,0.0,0.0,0.0,0.0,0.0,0.0,0.0,0.0,0.0,0.0,0.0,0.0,1.0,1.0,1.0,1.0,1.0,1.0,0.0,0.0,0.0,0.0,0.0,0.0,0.0,0.0,0.0,0.0,0.0,0.0,0.0,0.0,0.0,0.0,0.0,0.0,0.0,0.0,0.0,0.0,0.0,0.0,0.0,0.0,0.0,0.0,0.0,0.0,0.0,0.0,0.0,0.0,0.0,0.0,0.0,0.0,0.0,0.0,0.0,0.0,0.0,0.0,0.0,0.0,0.0,0.0,0.0,0.0,0.0,0.0,0.0,0.0,0.0,0.0,0.0,0.0,0.0,0.0,0.0,0.0,0.0,0.0,0.0,0.0,0.0,0.0,0.0,0.0,0.0,0.0,0.0,0.0,0.0,0.0,0.0,0.0,0.0,0.0,0.0,0.0,0.0,0.0,0.0,0.0,0.0,0.0,0.0,0.0,0.0,0.0,0.0,0.0,0.0,0.0,0.0,0.0,0.0,0.0,0.0,0.0,0.0,0.0,0.0,0.0,0.0,0.0,0.0,0.0,0.0,0.0,0.0,0.0,0.0,0.0,0.0,0.0,0.0,0.0,0.0,0.0,0.0,0.0,0.0,0.0,0.0,0.0,0.0,0.0,0.0,0.0,0.0,0.0,0.0,0.0,0.0,0.0,0.0,0.0,0.0,0.0,0.0,0.0,0.0,0.0,0.0,0.0,0.0,0.0,0.0,1.0,1.0,1.0,1.0,1.0,1.0,1.0,1.0,1.0,1.0,0.0,1.0,1.0,0.0,0.0,0.0,0.0,0.0,0.0,0.0,0.0,0.0,0.0,0.0,0.0,0.0,0.0,0.0,0.0,1.0,0.0,0.0,0.0,0.0,0.0,0.0,0.0,0.0,0.0,0.0,0.0,0.0,0.0,0.0,0.0,0.0,0.0,0.0,0.0,0.0,0.0,0.0,0.0,0.0,0.0,0.0,0.0,0.0,0.0,0.0,0.0,0.0,0.0
Torsten85,0.0,0.0,0.0,0.0,0.0,0.0,0.0,0.0,0.0,0.0,0.0,0.0,0.0,0.0,0.0,0.0,0.0,0.0,1.0,0.0,0.0,0.0,0.0,0.0,1.0,1.0,0.0,0.0,0.0,0.0,1.0,1.0,0.0,0.0,0.0,0.0,0.0,0.0,0.0,0.0,1.0,1.0,1.0,0.0,0.0,0.0,0.0,0.0,0.0,0.0,0.0,0.0,0.0,0.0,0.0,0.0,0.0,0.0,0.0,0.0,0.0,0.0,0.0,0.0,0.0,1.0,0.0,0.0,0.0,0.0,0.0,0.0,0.0,0.0,0.0,0.0,0.0,0.0,0.0,0.0,1.0,1.0,0.0,0.0,0.0,0.0,0.0,0.0,0.0,0.0,0.0,0.0,0.0,0.0,0.0,0.0,0.0,0.0,0.0,0.0,0.0,0.0,0.0,0.0,0.0,0.0,0.0,0.0,0.0,0.0,0.0,0.0,0.0,0.0,0.0,0.0,0.0,0.0,0.0,0.0,0.0,0.0,0.0,0.0,0.0,0.0,0.0,0.0,1.0,0.0,0.0,0.0,0.0,0.0,0.0,0.0,1.0,0.0,0.0,0.0,0.0,0.0,0.0,0.0,0.0,0.0,0.0,0.0,0.0,0.0,0.0,1.0,0.0,0.0,0.0,0.0,0.0,0.0,0.0,0.0,0.0,0.0,0.0,0.0,0.0,0.0,0.0,0.0,0.0,0.0,0.0,0.0,0.0,0.0,0.0,0.0,0.0,0.0,0.0,0.0,0.0,0.0,0.0,0.0,0.0,1.0,0.0,0.0,0.0,0.0,0.0,0.0,0.0,0.0,0.0,0.0,0.0,1.0,0.0,0.0,0.0,0.0,0.0,0.0,0.0,0.0,1.0,0.0,0.0,0.0,0.0,0.0,0.0,0.0,0.0,0.0,0.0,0.0,0.0,0.0,0.0,0.0,0.0,0.0,0.0,0.0,1.0,0.0,0.0,0.0,0.0,0.0,0.0,0.0,0.0,1.0,0.0,0.0,0.0,1.0,0.0,0.0,0.0,0.0,0.0,0.0,0.0,0.0,0.0,0.0,0.0,1.0,0.0,0.0,0.0,0.0,0.0,0.0,0.0,0.0,0.0,1.0,0.0,0.0,1.0,0.0,0.0,0.0,0.0,0.0,0.0,0.0,0.0,0.0,0.0,1.0,0.0,0.0,0.0,1.0,0.0,0.0,0.0,0.0,0.0,0.0,0.0,0.0,0.0,1.0,0.0,0.0,0.0,0.0,0.0,0.0,0.0,0.0,0.0,0.0,0.0,0.0,0.0,0.0,0.0,0.0,0.0,0.0,0.0,0.0,0.0,0.0,0.0,0.0,0.0,0.0,0.0,0.0,0.0,0.0,0.0,0.0,0.0,0.0,0.0,0.0,0.0,0.0,0.0,0.0,0.0,0.0,0.0,0.0,0.0,0.0,0.0,0.0,0.0,0.0,1.0,0.0,0.0,0.0,0.0,0.0,1.0,0.0,0.0,0.0,0.0,0.0,0.0,0.0,0.0,0.0,0.0,0.0,0.0,0.0
akleineb,0.0,0.0,0.0,0.0,0.0,0.0,0.0,0.0,0.0,0.0,0.0,0.0,0.0,0.0,0.0,0.0,0.0,0.0,0.0,1.0,0.0,0.0,0.0,0.0,0.0,0.0,0.0,0.0,0.0,0.0,0.0,0.0,0.0,0.0,0.0,0.0,0.0,0.0,0.0,0.0,0.0,0.0,0.0,0.0,0.0,0.0,0.0,0.0,0.0,0.0,0.0,0.0,0.0,0.0,0.0,0.0,0.0,0.0,0.0,0.0,1.0,0.0,0.0,0.0,0.0,0.0,0.0,0.0,0.0,0.0,0.0,0.0,0.0,0.0,0.0,0.0,0.0,0.0,0.0,0.0,0.0,0.0,0.0,0.0,0.0,0.0,0.0,0.0,0.0,0.0,0.0,0.0,0.0,0.0,0.0,0.0,0.0,0.0,0.0,0.0,0.0,0.0,0.0,0.0,0.0,0.0,0.0,0.0,0.0,0.0,0.0,0.0,0.0,0.0,0.0,0.0,0.0,0.0,0.0,0.0,0.0,0.0,0.0,0.0,0.0,0.0,0.0,0.0,0.0,0.0,0.0,0.0,0.0,0.0,1.0,0.0,0.0,0.0,0.0,0.0,0.0,0.0,0.0,0.0,0.0,0.0,0.0,0.0,0.0,0.0,0.0,0.0,0.0,0.0,0.0,0.0,0.0,0.0,0.0,0.0,0.0,0.0,0.0,0.0,0.0,0.0,1.0,0.0,0.0,0.0,0.0,0.0,0.0,0.0,0.0,0.0,0.0,0.0,0.0,0.0,0.0,0.0,0.0,0.0,0.0,0.0,0.0,0.0,0.0,0.0,0.0,0.0,0.0,0.0,0.0,0.0,0.0,0.0,0.0,0.0,0.0,0.0,0.0,0.0,0.0,0.0,0.0,0.0,0.0,0.0,0.0,0.0,0.0,0.0,0.0,0.0,0.0,0.0,0.0,0.0,0.0,0.0,0.0,0.0,0.0,0.0,0.0,0.0,0.0,0.0,0.0,0.0,0.0,0.0,0.0,0.0,0.0,0.0,0.0,0.0,0.0,0.0,0.0,0.0,0.0,0.0,0.0,0.0,0.0,0.0,0.0,0.0,0.0,0.0,0.0,0.0,0.0,0.0,0.0,0.0,0.0,0.0,0.0,0.0,0.0,0.0,0.0,0.0,0.0,0.0,0.0,0.0,0.0,0.0,0.0,0.0,0.0,0.0,0.0,0.0,0.0,0.0,0.0,0.0,0.0,0.0,0.0,0.0,0.0,0.0,0.0,0.0,0.0,0.0,0.0,0.0,0.0,0.0,0.0,0.0,0.0,0.0,0.0,0.0,0.0,0.0,0.0,0.0,0.0,0.0,0.0,0.0,0.0,0.0,0.0,0.0,0.0,0.0,0.0,0.0,0.0,0.0,0.0,0.0,0.0,0.0,0.0,0.0,0.0,0.0,0.0,0.0,0.0,0.0,0.0,0.0,0.0,0.0,0.0,0.0,0.0,0.0,0.0,0.0,0.0,0.0,0.0,0.0,0.0,0.0,0.0,0.0,0.0,0.0,0.0,0.0,0.0,0.0,0.0,0.0
benjamin-kentsch,0.0,0.0,0.0,0.0,0.0,0.0,0.0,0.0,0.0,0.0,0.0,0.0,0.0,0.0,0.0,0.0,0.0,0.0,0.0,0.0,0.0,0.0,0.0,0.0,0.0,0.0,0.0,0.0,0.0,0.0,0.0,0.0,0.0,0.0,0.0,0.0,0.0,0.0,0.0,0.0,0.0,0.0,0.0,0.0,0.0,0.0,0.0,0.0,0.0,0.0,0.0,0.0,0.0,0.0,0.0,0.0,0.0,0.0,0.0,0.0,0.0,0.0,0.0,0.0,0.0,0.0,0.0,0.0,0.0,0.0,0.0,0.0,0.0,0.0,0.0,0.0,0.0,0.0,0.0,0.0,0.0,0.0,0.0,0.0,0.0,0.0,0.0,0.0,0.0,0.0,0.0,0.0,0.0,0.0,0.0,0.0,0.0,0.0,0.0,0.0,0.0,0.0,0.0,0.0,0.0,0.0,0.0,0.0,0.0,0.0,0.0,0.0,0.0,0.0,0.0,0.0,0.0,0.0,0.0,0.0,0.0,0.0,0.0,0.0,0.0,0.0,0.0,0.0,0.0,0.0,0.0,0.0,0.0,0.0,0.0,0.0,0.0,0.0,0.0,0.0,0.0,0.0,0.0,0.0,0.0,0.0,0.0,0.0,0.0,0.0,0.0,0.0,0.0,0.0,0.0,0.0,0.0,0.0,0.0,0.0,0.0,0.0,0.0,0.0,0.0,0.0,0.0,0.0,0.0,0.0,0.0,0.0,0.0,0.0,0.0,0.0,0.0,0.0,0.0,0.0,0.0,0.0,0.0,0.0,0.0,0.0,0.0,0.0,0.0,0.0,0.0,0.0,0.0,0.0,0.0,0.0,0.0,0.0,0.0,0.0,0.0,0.0,0.0,0.0,0.0,0.0,0.0,0.0,0.0,0.0,0.0,0.0,0.0,0.0,0.0,0.0,0.0,0.0,0.0,0.0,0.0,0.0,0.0,0.0,0.0,0.0,0.0,0.0,0.0,0.0,0.0,0.0,0.0,0.0,0.0,0.0,0.0,0.0,0.0,0.0,0.0,0.0,0.0,0.0,0.0,0.0,0.0,0.0,0.0,0.0,0.0,0.0,0.0,0.0,0.0,0.0,0.0,0.0,0.0,0.0,0.0,0.0,0.0,0.0,0.0,0.0,0.0,0.0,0.0,0.0,0.0,0.0,0.0,0.0,0.0,0.0,0.0,0.0,0.0,0.0,0.0,0.0,0.0,0.0,0.0,0.0,0.0,0.0,0.0,0.0,0.0,0.0,0.0,0.0,0.0,0.0,0.0,0.0,0.0,0.0,0.0,0.0,0.0,0.0,0.0,0.0,0.0,0.0,0.0,0.0,0.0,0.0,0.0,0.0,0.0,0.0,0.0,0.0,0.0,0.0,0.0,0.0,0.0,0.0,0.0,0.0,0.0,0.0,0.0,0.0,0.0,0.0,0.0,0.0,0.0,0.0,0.0,0.0,0.0,0.0,0.0,0.0,0.0,0.0,0.0,0.0,0.0,0.0,0.0,0.0,0.0,0.0,0.0,0.0,0.0,0.0,0.0,0.0,0.0,0.0
brgmn,0.0,1.0,0.0,0.0,0.0,0.0,0.0,0.0,0.0,0.0,0.0,0.0,0.0,0.0,0.0,0.0,0.0,0.0,0.0,0.0,0.0,0.0,0.0,0.0,0.0,0.0,0.0,0.0,0.0,0.0,0.0,0.0,0.0,0.0,0.0,0.0,0.0,0.0,0.0,0.0,0.0,0.0,0.0,0.0,0.0,0.0,0.0,0.0,0.0,0.0,0.0,0.0,0.0,0.0,0.0,0.0,0.0,0.0,0.0,0.0,0.0,0.0,0.0,0.0,0.0,0.0,0.0,0.0,0.0,0.0,0.0,0.0,0.0,0.0,0.0,0.0,0.0,0.0,0.0,0.0,0.0,0.0,0.0,0.0,0.0,0.0,0.0,0.0,0.0,0.0,0.0,0.0,1.0,0.0,0.0,0.0,0.0,0.0,0.0,0.0,0.0,0.0,0.0,0.0,0.0,0.0,0.0,0.0,0.0,0.0,0.0,0.0,0.0,1.0,0.0,0.0,0.0,0.0,1.0,0.0,0.0,0.0,0.0,0.0,0.0,0.0,0.0,0.0,0.0,0.0,0.0,1.0,0.0,0.0,0.0,0.0,0.0,0.0,0.0,0.0,0.0,0.0,0.0,0.0,0.0,0.0,0.0,1.0,0.0,0.0,0.0,0.0,0.0,0.0,0.0,0.0,0.0,0.0,0.0,0.0,0.0,1.0,0.0,0.0,0.0,0.0,1.0,0.0,0.0,0.0,0.0,0.0,0.0,0.0,0.0,0.0,0.0,0.0,0.0,1.0,0.0,0.0,0.0,0.0,1.0,0.0,0.0,0.0,0.0,0.0,0.0,1.0,0.0,0.0,1.0,0.0,0.0,0.0,0.0,0.0,1.0,0.0,0.0,0.0,0.0,0.0,0.0,0.0,0.0,0.0,0.0,0.0,0.0,0.0,0.0,0.0,1.0,0.0,0.0,0.0,0.0,0.0,0.0,0.0,0.0,0.0,0.0,0.0,0.0,0.0,0.0,0.0,1.0,0.0,0.0,0.0,0.0,0.0,0.0,0.0,0.0,0.0,0.0,0.0,0.0,0.0,0.0,0.0,0.0,0.0,0.0,0.0,0.0,0.0,0.0,1.0,0.0,0.0,0.0,0.0,0.0,0.0,0.0,0.0,0.0,0.0,0.0,0.0,0.0,0.0,0.0,1.0,0.0,0.0,0.0,0.0,0.0,0.0,0.0,0.0,0.0,0.0,0.0,0.0,0.0,0.0,0.0,0.0,0.0,0.0,0.0,0.0,0.0,0.0,0.0,0.0,0.0,0.0,0.0,0.0,0.0,0.0,0.0,0.0,0.0,0.0,0.0,0.0,0.0,0.0,0.0,0.0,0.0,0.0,0.0,0.0,0.0,0.0,0.0,0.0,0.0,0.0,0.0,1.0,0.0,0.0,0.0,0.0,1.0,0.0,0.0,0.0,0.0,0.0,0.0,0.0,0.0,0.0,1.0,0.0,0.0,0.0,0.0,0.0,0.0,0.0,0.0,0.0,0.0,0.0,0.0,0.0,0.0,0.0,0.0,0.0,0.0,0.0,0.0,0.0
bwaidelich,0.0,0.0,0.0,0.0,0.0,0.0,1.0,1.0,0.0,1.0,0.0,0.0,1.0,0.0,0.0,0.0,0.0,0.0,0.0,0.0,0.0,0.0,1.0,0.0,1.0,0.0,0.0,0.0,0.0,0.0,0.0,0.0,0.0,0.0,0.0,0.0,0.0,0.0,0.0,0.0,0.0,0.0,0.0,0.0,0.0,0.0,0.0,0.0,0.0,0.0,0.0,0.0,0.0,0.0,0.0,0.0,0.0,0.0,0.0,0.0,0.0,0.0,0.0,0.0,0.0,0.0,0.0,1.0,0.0,0.0,1.0,0.0,0.0,0.0,0.0,0.0,0.0,1.0,0.0,0.0,0.0,0.0,0.0,0.0,0.0,0.0,0.0,1.0,0.0,0.0,1.0,1.0,0.0,0.0,1.0,0.0,0.0,0.0,0.0,0.0,0.0,1.0,0.0,0.0,0.0,1.0,1.0,0.0,0.0,0.0,0.0,0.0,0.0,0.0,0.0,0.0,0.0,0.0,0.0,0.0,0.0,0.0,0.0,1.0,0.0,0.0,0.0,0.0,0.0,0.0,0.0,0.0,0.0,0.0,0.0,0.0,0.0,0.0,0.0,0.0,0.0,0.0,0.0,0.0,0.0,0.0,0.0,0.0,0.0,0.0,0.0,0.0,0.0,0.0,0.0,0.0,1.0,0.0,0.0,0.0,0.0,0.0,0.0,0.0,0.0,0.0,0.0,0.0,0.0,0.0,0.0,0.0,0.0,0.0,1.0,0.0,0.0,1.0,1.0,0.0,0.0,0.0,0.0,0.0,0.0,0.0,0.0,1.0,0.0,1.0,1.0,0.0,0.0,0.0,0.0,0.0,0.0,0.0,0.0,0.0,0.0,0.0,0.0,0.0,0.0,0.0,0.0,0.0,0.0,0.0,0.0,0.0,1.0,0.0,0.0,0.0,0.0,0.0,0.0,0.0,0.0,0.0,1.0,0.0,0.0,0.0,0.0,0.0,0.0,0.0,0.0,0.0,0.0,0.0,0.0,0.0,0.0,0.0,0.0,0.0,0.0,0.0,0.0,0.0,0.0,0.0,0.0,0.0,0.0,0.0,0.0,0.0,0.0,0.0,0.0,0.0,0.0,0.0,0.0,0.0,0.0,0.0,0.0,0.0,0.0,0.0,0.0,1.0,0.0,0.0,0.0,0.0,0.0,0.0,0.0,0.0,0.0,1.0,0.0,0.0,0.0,0.0,0.0,0.0,0.0,0.0,0.0,0.0,0.0,0.0,0.0,0.0,0.0,0.0,0.0,0.0,0.0,0.0,0.0,0.0,0.0,0.0,0.0,0.0,0.0,0.0,0.0,1.0,0.0,0.0,0.0,0.0,0.0,0.0,0.0,0.0,0.0,0.0,0.0,0.0,0.0,0.0,0.0,0.0,0.0,0.0,0.0,0.0,0.0,0.0,0.0,0.0,0.0,0.0,0.0,1.0,0.0,0.0,0.0,0.0,0.0,0.0,0.0,0.0,0.0,0.0,0.0,0.0,0.0,0.0,0.0,0.0,0.0,0.0,0.0,0.0,0.0,0.0,0.0,0.0
dimaip,0.0,0.0,0.0,0.0,0.0,0.0,0.0,0.0,0.0,0.0,0.0,0.0,0.0,0.0,0.0,0.0,0.0,0.0,0.0,0.0,0.0,0.0,0.0,0.0,0.0,0.0,0.0,0.0,1.0,1.0,0.0,0.0,0.0,0.0,0.0,0.0,0.0,0.0,0.0,0.0,0.0,0.0,0.0,0.0,0.0,0.0,0.0,0.0,0.0,0.0,0.0,0.0,0.0,0.0,0.0,1.0,0.0,0.0,0.0,0.0,0.0,0.0,0.0,0.0,0.0,0.0,0.0,0.0,0.0,0.0,0.0,0.0,0.0,0.0,0.0,0.0,0.0,0.0,1.0,0.0,0.0,0.0,0.0,0.0,0.0,1.0,0.0,0.0,0.0,0.0,0.0,0.0,0.0,1.0,0.0,0.0,0.0,0.0,0.0,0.0,0.0,0.0,0.0,0.0,0.0,0.0,0.0,0.0,0.0,0.0,0.0,0.0,0.0,0.0,0.0,0.0,0.0,0.0,0.0,0.0,0.0,0.0,0.0,0.0,0.0,0.0,0.0,0.0,0.0,0.0,0.0,0.0,0.0,0.0,0.0,0.0,0.0,1.0,0.0,0.0,0.0,0.0,0.0,0.0,0.0,0.0,0.0,0.0,0.0,0.0,0.0,0.0,0.0,0.0,0.0,0.0,0.0,0.0,0.0,0.0,0.0,0.0,1.0,0.0,0.0,1.0,0.0,0.0,0.0,0.0,0.0,0.0,0.0,0.0,0.0,0.0,0.0,0.0,0.0,0.0,0.0,1.0,0.0,1.0,0.0,0.0,0.0,0.0,1.0,0.0,0.0,0.0,0.0,0.0,0.0,0.0,0.0,1.0,0.0,0.0,0.0,1.0,0.0,0.0,0.0,1.0,0.0,0.0,0.0,0.0,0.0,0.0,0.0,0.0,1.0,1.0,0.0,0.0,0.0,0.0,0.0,0.0,0.0,0.0,0.0,0.0,0.0,0.0,0.0,0.0,0.0,0.0,0.0,0.0,0.0,0.0,0.0,0.0,0.0,0.0,0.0,0.0,0.0,0.0,0.0,1.0,1.0,0.0,0.0,0.0,0.0,0.0,0.0,0.0,0.0,0.0,0.0,0.0,0.0,0.0,0.0,0.0,1.0,0.0,0.0,0.0,0.0,0.0,0.0,1.0,1.0,0.0,0.0,0.0,0.0,0.0,0.0,0.0,0.0,0.0,0.0,0.0,0.0,0.0,0.0,0.0,0.0,1.0,0.0,0.0,0.0,0.0,0.0,0.0,1.0,0.0,1.0,0.0,0.0,0.0,0.0,0.0,0.0,0.0,0.0,0.0,0.0,0.0,0.0,0.0,0.0,0.0,0.0,1.0,0.0,0.0,0.0,0.0,0.0,0.0,1.0,0.0,1.0,0.0,0.0,0.0,0.0,0.0,0.0,0.0,0.0,1.0,0.0,0.0,0.0,0.0,0.0,0.0,0.0,0.0,0.0,1.0,0.0,0.0,0.0,0.0,0.0,0.0,0.0,0.0,0.0,0.0,0.0,0.0,0.0,0.0,0.0,0.0,0.0,0.0
dvaske,0.0,0.0,0.0,1.0,0.0,0.0,0.0,0.0,0.0,0.0,0.0,0.0,0.0,0.0,0.0,0.0,0.0,0.0,0.0,0.0,0.0,0.0,0.0,0.0,0.0,0.0,0.0,0.0,0.0,0.0,0.0,0.0,0.0,0.0,0.0,0.0,0.0,0.0,0.0,0.0,0.0,0.0,0.0,0.0,0.0,0.0,0.0,0.0,0.0,0.0,0.0,0.0,0.0,0.0,0.0,0.0,0.0,0.0,0.0,1.0,0.0,0.0,0.0,0.0,0.0,0.0,0.0,0.0,0.0,1.0,0.0,0.0,0.0,0.0,0.0,0.0,0.0,0.0,0.0,0.0,0.0,0.0,0.0,0.0,0.0,0.0,0.0,0.0,1.0,1.0,0.0,0.0,0.0,0.0,0.0,0.0,0.0,0.0,1.0,0.0,1.0,0.0,0.0,0.0,1.0,0.0,0.0,0.0,0.0,0.0,0.0,0.0,0.0,0.0,0.0,1.0,0.0,0.0,0.0,0.0,0.0,0.0,0.0,0.0,0.0,0.0,0.0,0.0,0.0,0.0,0.0,0.0,0.0,0.0,0.0,0.0,0.0,0.0,0.0,0.0,0.0,0.0,0.0,0.0,0.0,0.0,0.0,0.0,0.0,0.0,0.0,0.0,0.0,0.0,0.0,0.0,0.0,0.0,0.0,0.0,0.0,0.0,0.0,0.0,0.0,0.0,0.0,0.0,0.0,0.0,0.0,0.0,0.0,0.0,0.0,0.0,0.0,0.0,0.0,0.0,0.0,0.0,0.0,0.0,0.0,0.0,0.0,0.0,0.0,0.0,0.0,0.0,0.0,0.0,0.0,0.0,0.0,0.0,1.0,0.0,0.0,0.0,0.0,0.0,1.0,0.0,0.0,0.0,0.0,0.0,0.0,0.0,0.0,0.0,0.0,0.0,0.0,0.0,1.0,0.0,0.0,0.0,0.0,0.0,0.0,0.0,0.0,1.0,0.0,0.0,0.0,0.0,0.0,0.0,0.0,0.0,0.0,0.0,0.0,0.0,0.0,0.0,0.0,0.0,0.0,0.0,0.0,0.0,1.0,0.0,0.0,0.0,0.0,0.0,0.0,0.0,0.0,0.0,0.0,0.0,0.0,0.0,0.0,0.0,0.0,0.0,0.0,0.0,0.0,0.0,0.0,0.0,0.0,0.0,0.0,0.0,0.0,0.0,0.0,0.0,0.0,0.0,0.0,0.0,0.0,0.0,0.0,0.0,0.0,0.0,0.0,0.0,0.0,1.0,0.0,0.0,0.0,0.0,0.0,0.0,0.0,0.0,0.0,0.0,0.0,0.0,0.0,0.0,0.0,0.0,0.0,0.0,0.0,0.0,0.0,0.0,0.0,0.0,0.0,0.0,0.0,0.0,0.0,0.0,0.0,0.0,0.0,0.0,0.0,0.0,1.0,0.0,0.0,0.0,0.0,0.0,0.0,0.0,0.0,0.0,0.0,0.0,0.0,0.0,0.0,0.0,0.0,0.0,0.0,0.0,0.0,0.0,0.0,0.0,0.0,0.0,0.0,0.0,0.0,0.0
helmecke,0.0,0.0,1.0,0.0,0.0,0.0,0.0,0.0,0.0,0.0,0.0,0.0,0.0,0.0,0.0,0.0,0.0,0.0,0.0,0.0,0.0,0.0,0.0,0.0,0.0,0.0,0.0,0.0,0.0,0.0,0.0,0.0,0.0,0.0,0.0,0.0,0.0,1.0,0.0,0.0,0.0,0.0,0.0,0.0,0.0,0.0,0.0,0.0,0.0,0.0,0.0,0.0,0.0,0.0,0.0,0.0,0.0,0.0,1.0,0.0,0.0,0.0,0.0,0.0,1.0,0.0,0.0,0.0,0.0,0.0,0.0,0.0,0.0,1.0,0.0,0.0,1.0,0.0,0.0,0.0,0.0,0.0,0.0,0.0,0.0,0.0,0.0,0.0,0.0,0.0,0.0,0.0,0.0,0.0,0.0,0.0,0.0,0.0,0.0,0.0,0.0,0.0,0.0,0.0,0.0,0.0,0.0,0.0,0.0,0.0,0.0,0.0,0.0,0.0,0.0,0.0,0.0,0.0,0.0,1.0,0.0,0.0,0.0,0.0,0.0,0.0,0.0,0.0,0.0,0.0,0.0,0.0,0.0,1.0,0.0,0.0,0.0,0.0,0.0,0.0,0.0,0.0,0.0,0.0,0.0,0.0,0.0,0.0,0.0,0.0,0.0,0.0,0.0,0.0,0.0,0.0,0.0,0.0,0.0,0.0,0.0,0.0,0.0,0.0,0.0,0.0,0.0,0.0,0.0,0.0,0.0,0.0,0.0,0.0,0.0,0.0,0.0,0.0,0.0,0.0,0.0,0.0,0.0,0.0,0.0,0.0,0.0,0.0,0.0,0.0,0.0,0.0,0.0,0.0,0.0,0.0,0.0,0.0,0.0,0.0,0.0,0.0,0.0,0.0,0.0,0.0,0.0,0.0,1.0,0.0,0.0,0.0,0.0,0.0,0.0,0.0,0.0,0.0,0.0,0.0,0.0,0.0,0.0,0.0,0.0,0.0,0.0,0.0,0.0,0.0,0.0,0.0,0.0,0.0,0.0,0.0,0.0,0.0,0.0,0.0,0.0,1.0,0.0,0.0,1.0,0.0,0.0,0.0,0.0,0.0,0.0,0.0,0.0,0.0,0.0,0.0,0.0,1.0,1.0,1.0,0.0,0.0,0.0,1.0,0.0,0.0,0.0,0.0,0.0,0.0,0.0,0.0,0.0,1.0,0.0,0.0,0.0,0.0,0.0,0.0,0.0,0.0,1.0,0.0,0.0,0.0,0.0,0.0,0.0,0.0,0.0,1.0,0.0,0.0,0.0,0.0,0.0,0.0,0.0,0.0,0.0,0.0,0.0,0.0,0.0,0.0,0.0,0.0,0.0,0.0,0.0,0.0,0.0,0.0,0.0,0.0,0.0,1.0,0.0,0.0,0.0,0.0,0.0,0.0,0.0,1.0,0.0,0.0,0.0,1.0,0.0,0.0,1.0,0.0,0.0,0.0,1.0,1.0,0.0,1.0,0.0,0.0,0.0,0.0,1.0,0.0,0.0,0.0,1.0,0.0,1.0,1.0,0.0,0.0,0.0,1.0,0.0,0.0,0.0,0.0
jnmcfly,0.0,0.0,0.0,0.0,0.0,1.0,0.0,0.0,0.0,0.0,0.0,0.0,0.0,0.0,0.0,0.0,0.0,0.0,0.0,0.0,0.0,1.0,0.0,0.0,0.0,0.0,0.0,0.0,0.0,0.0,0.0,0.0,0.0,0.0,0.0,0.0,0.0,0.0,0.0,0.0,0.0,0.0,0.0,0.0,0.0,0.0,0.0,0.0,0.0,1.0,0.0,0.0,0.0,0.0,0.0,0.0,0.0,0.0,0.0,0.0,0.0,0.0,0.0,1.0,0.0,0.0,1.0,0.0,0.0,0.0,0.0,0.0,0.0,0.0,0.0,0.0,0.0,0.0,0.0,0.0,0.0,0.0,0.0,0.0,0.0,0.0,0.0,0.0,0.0,0.0,0.0,0.0,0.0,0.0,0.0,0.0,0.0,0.0,0.0,0.0,0.0,0.0,0.0,0.0,0.0,0.0,0.0,0.0,1.0,0.0,0.0,0.0,0.0,0.0,0.0,0.0,0.0,0.0,0.0,0.0,0.0,0.0,1.0,0.0,0.0,1.0,0.0,0.0,0.0,0.0,0.0,0.0,0.0,0.0,0.0,1.0,0.0,0.0,1.0,0.0,0.0,0.0,0.0,0.0,0.0,0.0,0.0,0.0,0.0,0.0,0.0,0.0,1.0,0.0,1.0,0.0,0.0,0.0,0.0,0.0,0.0,0.0,0.0,0.0,0.0,0.0,0.0,0.0,0.0,1.0,0.0,1.0,0.0,0.0,0.0,0.0,0.0,0.0,0.0,0.0,1.0,0.0,1.0,0.0,0.0,0.0,0.0,0.0,0.0,0.0,0.0,0.0,0.0,0.0,0.0,0.0,0.0,0.0,0.0,0.0,0.0,0.0,0.0,0.0,0.0,0.0,0.0,0.0,0.0,0.0,0.0,0.0,0.0,0.0,0.0,0.0,0.0,0.0,0.0,0.0,0.0,0.0,0.0,0.0,0.0,0.0,0.0,0.0,0.0,0.0,0.0,0.0,0.0,0.0,0.0,0.0,1.0,0.0,0.0,0.0,0.0,0.0,0.0,0.0,0.0,0.0,0.0,0.0,0.0,0.0,0.0,0.0,0.0,0.0,0.0,0.0,0.0,0.0,0.0,0.0,0.0,0.0,0.0,0.0,0.0,0.0,0.0,0.0,0.0,0.0,0.0,0.0,0.0,0.0,1.0,0.0,0.0,0.0,1.0,0.0,0.0,0.0,0.0,0.0,0.0,1.0,0.0,0.0,1.0,0.0,0.0,0.0,0.0,0.0,0.0,0.0,0.0,0.0,0.0,0.0,0.0,0.0,0.0,0.0,0.0,0.0,0.0,0.0,0.0,0.0,0.0,0.0,0.0,0.0,1.0,0.0,1.0,0.0,0.0,0.0,0.0,0.0,0.0,0.0,0.0,0.0,0.0,0.0,0.0,0.0,0.0,0.0,0.0,0.0,0.0,0.0,0.0,0.0,0.0,0.0,0.0,0.0,0.0,0.0,0.0,1.0,0.0,1.0,0.0,0.0,0.0,0.0,0.0,0.0,1.0,0.0,1.0,1.0,1.0,1.0
johannessteu,0.0,0.0,0.0,0.0,0.0,0.0,0.0,0.0,0.0,0.0,0.0,0.0,0.0,0.0,0.0,0.0,0.0,0.0,0.0,0.0,0.0,0.0,0.0,0.0,0.0,0.0,0.0,1.0,0.0,0.0,0.0,0.0,0.0,0.0,0.0,0.0,0.0,0.0,0.0,0.0,0.0,0.0,0.0,0.0,1.0,1.0,0.0,0.0,0.0,0.0,0.0,0.0,0.0,0.0,0.0,0.0,0.0,0.0,0.0,0.0,0.0,0.0,0.0,0.0,0.0,0.0,0.0,0.0,1.0,0.0,0.0,0.0,0.0,0.0,0.0,1.0,0.0,0.0,0.0,1.0,0.0,0.0,0.0,0.0,0.0,0.0,0.0,0.0,0.0,0.0,0.0,0.0,0.0,0.0,0.0,0.0,0.0,0.0,0.0,0.0,0.0,0.0,0.0,0.0,0.0,0.0,0.0,0.0,0.0,0.0,0.0,0.0,0.0,0.0,0.0,0.0,0.0,0.0,0.0,0.0,0.0,0.0,0.0,0.0,1.0,0.0,0.0,0.0,0.0,0.0,0.0,0.0,1.0,0.0,0.0,0.0,0.0,0.0,0.0,0.0,0.0,0.0,0.0,0.0,0.0,0.0,1.0,0.0,0.0,0.0,0.0,0.0,0.0,0.0,0.0,1.0,0.0,1.0,1.0,0.0,1.0,0.0,0.0,1.0,0.0,0.0,0.0,0.0,1.0,0.0,1.0,0.0,1.0,0.0,0.0,0.0,1.0,0.0,0.0,0.0,0.0,0.0,0.0,0.0,0.0,0.0,0.0,0.0,0.0,0.0,0.0,0.0,0.0,1.0,0.0,1.0,0.0,0.0,0.0,0.0,0.0,0.0,1.0,0.0,0.0,0.0,0.0,0.0,0.0,1.0,0.0,0.0,0.0,0.0,0.0,0.0,0.0,0.0,0.0,0.0,0.0,0.0,0.0,0.0,0.0,0.0,0.0,0.0,0.0,0.0,0.0,0.0,0.0,0.0,1.0,0.0,0.0,0.0,1.0,0.0,0.0,0.0,0.0,0.0,0.0,0.0,0.0,1.0,0.0,0.0,1.0,0.0,0.0,0.0,0.0,0.0,0.0,0.0,0.0,0.0,0.0,0.0,0.0,0.0,0.0,0.0,0.0,0.0,1.0,0.0,0.0,0.0,0.0,0.0,0.0,0.0,0.0,0.0,0.0,0.0,1.0,0.0,0.0,0.0,0.0,0.0,0.0,0.0,0.0,0.0,0.0,0.0,1.0,0.0,0.0,0.0,0.0,0.0,0.0,0.0,0.0,0.0,0.0,0.0,0.0,0.0,0.0,0.0,0.0,0.0,0.0,0.0,0.0,0.0,0.0,0.0,0.0,0.0,0.0,1.0,0.0,0.0,0.0,0.0,0.0,0.0,0.0,0.0,0.0,0.0,0.0,0.0,0.0,0.0,0.0,0.0,0.0,0.0,0.0,0.0,0.0,0.0,0.0,0.0,0.0,0.0,0.0,0.0,0.0,0.0,0.0,0.0,0.0,0.0,0.0,0.0,0.0,0.0,0.0,0.0
knupouls,0.0,0.0,0.0,0.0,0.0,0.0,0.0,0.0,0.0,0.0,0.0,0.0,0.0,0.0,0.0,0.0,0.0,0.0,0.0,0.0,0.0,0.0,0.0,0.0,0.0,0.0,0.0,0.0,0.0,0.0,0.0,0.0,0.0,0.0,0.0,0.0,0.0,0.0,0.0,0.0,0.0,0.0,0.0,0.0,0.0,0.0,0.0,0.0,0.0,0.0,0.0,0.0,0.0,0.0,0.0,0.0,0.0,0.0,0.0,0.0,0.0,0.0,0.0,0.0,0.0,0.0,0.0,0.0,0.0,0.0,0.0,0.0,0.0,0.0,0.0,0.0,0.0,0.0,0.0,0.0,0.0,0.0,0.0,0.0,0.0,0.0,0.0,0.0,0.0,0.0,0.0,0.0,0.0,0.0,0.0,0.0,0.0,0.0,1.0,0.0,0.0,0.0,0.0,0.0,0.0,0.0,0.0,0.0,0.0,0.0,0.0,0.0,0.0,0.0,0.0,0.0,0.0,0.0,0.0,0.0,0.0,0.0,0.0,0.0,0.0,0.0,0.0,0.0,0.0,0.0,0.0,0.0,0.0,0.0,0.0,0.0,0.0,0.0,0.0,0.0,0.0,0.0,0.0,0.0,0.0,0.0,0.0,0.0,0.0,0.0,0.0,0.0,0.0,1.0,0.0,0.0,0.0,0.0,0.0,0.0,0.0,0.0,0.0,0.0,0.0,0.0,0.0,0.0,0.0,0.0,0.0,0.0,0.0,0.0,0.0,0.0,0.0,0.0,0.0,0.0,0.0,0.0,0.0,0.0,0.0,0.0,0.0,0.0,0.0,0.0,0.0,0.0,0.0,0.0,0.0,0.0,0.0,0.0,0.0,0.0,0.0,0.0,0.0,0.0,0.0,0.0,0.0,0.0,0.0,0.0,0.0,0.0,0.0,0.0,0.0,0.0,0.0,0.0,0.0,0.0,0.0,0.0,0.0,0.0,0.0,0.0,0.0,0.0,0.0,0.0,0.0,0.0,0.0,0.0,0.0,0.0,0.0,0.0,0.0,0.0,0.0,0.0,1.0,0.0,0.0,0.0,0.0,0.0,0.0,0.0,0.0,0.0,0.0,0.0,0.0,0.0,0.0,0.0,0.0,0.0,0.0,0.0,0.0,0.0,0.0,0.0,0.0,0.0,0.0,0.0,0.0,0.0,0.0,0.0,0.0,0.0,0.0,0.0,0.0,0.0,0.0,0.0,0.0,0.0,0.0,0.0,0.0,0.0,0.0,0.0,0.0,0.0,0.0,0.0,0.0,0.0,0.0,0.0,0.0,0.0,0.0,0.0,0.0,0.0,0.0,0.0,0.0,0.0,0.0,0.0,0.0,0.0,0.0,0.0,0.0,0.0,0.0,0.0,0.0,0.0,0.0,0.0,0.0,0.0,0.0,0.0,0.0,0.0,0.0,0.0,0.0,0.0,0.0,0.0,0.0,0.0,0.0,0.0,0.0,0.0,0.0,0.0,0.0,0.0,0.0,0.0,0.0,0.0,0.0,0.0,0.0,0.0,0.0,0.0,0.0,0.0,0.0,0.0,0.0,0.0
mficzel,1.0,0.0,0.0,0.0,0.0,0.0,0.0,0.0,1.0,0.0,0.0,0.0,0.0,0.0,0.0,0.0,0.0,0.0,0.0,0.0,0.0,0.0,0.0,0.0,0.0,0.0,0.0,0.0,0.0,0.0,0.0,0.0,0.0,0.0,0.0,0.0,0.0,0.0,0.0,0.0,0.0,0.0,0.0,0.0,0.0,0.0,0.0,0.0,0.0,0.0,0.0,0.0,0.0,0.0,0.0,0.0,0.0,0.0,0.0,0.0,0.0,0.0,0.0,0.0,0.0,0.0,0.0,0.0,0.0,0.0,0.0,0.0,1.0,0.0,1.0,0.0,0.0,0.0,0.0,0.0,0.0,0.0,0.0,0.0,0.0,0.0,1.0,0.0,0.0,0.0,0.0,0.0,0.0,0.0,0.0,0.0,0.0,0.0,0.0,0.0,0.0,0.0,0.0,1.0,0.0,0.0,0.0,0.0,0.0,0.0,0.0,0.0,0.0,0.0,1.0,0.0,0.0,0.0,0.0,0.0,0.0,1.0,0.0,0.0,0.0,0.0,0.0,0.0,0.0,1.0,1.0,0.0,0.0,0.0,0.0,0.0,1.0,0.0,0.0,1.0,0.0,0.0,0.0,0.0,0.0,0.0,0.0,0.0,0.0,0.0,0.0,0.0,0.0,0.0,0.0,0.0,0.0,0.0,0.0,0.0,0.0,0.0,0.0,0.0,0.0,0.0,0.0,0.0,0.0,0.0,0.0,0.0,0.0,1.0,0.0,0.0,0.0,0.0,0.0,0.0,0.0,0.0,0.0,0.0,0.0,0.0,0.0,0.0,0.0,0.0,0.0,0.0,1.0,0.0,0.0,0.0,0.0,0.0,0.0,1.0,0.0,0.0,0.0,0.0,0.0,0.0,0.0,0.0,0.0,0.0,1.0,0.0,0.0,1.0,0.0,0.0,0.0,0.0,0.0,0.0,0.0,1.0,0.0,0.0,0.0,0.0,0.0,0.0,0.0,0.0,0.0,0.0,0.0,0.0,0.0,0.0,0.0,0.0,0.0,0.0,1.0,0.0,0.0,0.0,0.0,0.0,0.0,0.0,0.0,1.0,0.0,0.0,1.0,0.0,0.0,0.0,0.0,0.0,0.0,0.0,0.0,0.0,0.0,0.0,0.0,0.0,0.0,0.0,0.0,0.0,0.0,0.0,0.0,0.0,0.0,0.0,0.0,0.0,0.0,0.0,0.0,0.0,0.0,0.0,0.0,0.0,1.0,0.0,0.0,0.0,1.0,0.0,0.0,0.0,0.0,1.0,0.0,0.0,0.0,0.0,0.0,0.0,0.0,0.0,0.0,0.0,0.0,0.0,0.0,0.0,0.0,0.0,1.0,0.0,0.0,1.0,0.0,0.0,0.0,0.0,0.0,0.0,0.0,0.0,0.0,0.0,0.0,1.0,0.0,0.0,0.0,0.0,0.0,1.0,0.0,0.0,0.0,0.0,0.0,0.0,0.0,0.0,0.0,1.0,0.0,0.0,0.0,0.0,0.0,0.0,0.0,0.0,1.0,0.0,0.0,0.0,0.0,0.0,0.0,0.0
mschmidt291,0.0,0.0,0.0,0.0,0.0,0.0,0.0,0.0,0.0,0.0,0.0,1.0,0.0,0.0,0.0,1.0,1.0,0.0,0.0,0.0,0.0,0.0,0.0,1.0,0.0,0.0,0.0,0.0,0.0,0.0,0.0,0.0,0.0,0.0,0.0,0.0,0.0,0.0,0.0,0.0,0.0,0.0,0.0,0.0,0.0,0.0,1.0,0.0,0.0,0.0,0.0,0.0,0.0,0.0,0.0,0.0,1.0,0.0,0.0,0.0,0.0,0.0,1.0,0.0,0.0,0.0,0.0,0.0,0.0,0.0,0.0,0.0,0.0,0.0,0.0,0.0,0.0,0.0,0.0,0.0,0.0,0.0,0.0,0.0,1.0,0.0,0.0,0.0,0.0,0.0,0.0,0.0,0.0,0.0,0.0,0.0,0.0,0.0,0.0,1.0,0.0,0.0,1.0,0.0,0.0,0.0,0.0,1.0,0.0,0.0,0.0,1.0,0.0,0.0,0.0,0.0,1.0,0.0,0.0,0.0,0.0,0.0,0.0,0.0,0.0,0.0,1.0,0.0,0.0,0.0,0.0,0.0,0.0,0.0,0.0,0.0,0.0,0.0,0.0,0.0,0.0,0.0,0.0,0.0,0.0,0.0,0.0,0.0,0.0,0.0,1.0,0.0,0.0,0.0,0.0,0.0,0.0,0.0,0.0,1.0,0.0,0.0,0.0,0.0,1.0,0.0,0.0,0.0,0.0,0.0,0.0,0.0,0.0,0.0,0.0,1.0,0.0,0.0,0.0,0.0,0.0,0.0,0.0,0.0,0.0,0.0,1.0,0.0,0.0,0.0,0.0,0.0,0.0,0.0,0.0,0.0,1.0,0.0,0.0,0.0,0.0,0.0,0.0,1.0,0.0,0.0,0.0,1.0,0.0,0.0,0.0,0.0,0.0,0.0,0.0,0.0,0.0,0.0,0.0,0.0,0.0,0.0,0.0,0.0,0.0,0.0,0.0,0.0,0.0,0.0,0.0,0.0,0.0,0.0,0.0,0.0,0.0,1.0,0.0,0.0,0.0,0.0,0.0,0.0,0.0,0.0,0.0,0.0,0.0,0.0,0.0,0.0,0.0,1.0,0.0,0.0,0.0,0.0,0.0,0.0,0.0,0.0,0.0,0.0,0.0,0.0,0.0,0.0,0.0,0.0,0.0,0.0,0.0,0.0,0.0,0.0,1.0,0.0,0.0,0.0,0.0,0.0,0.0,0.0,0.0,0.0,0.0,0.0,0.0,0.0,0.0,0.0,0.0,0.0,0.0,0.0,0.0,0.0,0.0,0.0,0.0,0.0,0.0,0.0,0.0,0.0,0.0,0.0,0.0,0.0,0.0,0.0,0.0,0.0,0.0,0.0,0.0,0.0,0.0,0.0,0.0,0.0,0.0,0.0,0.0,0.0,0.0,0.0,0.0,0.0,0.0,0.0,0.0,0.0,0.0,0.0,0.0,0.0,0.0,0.0,0.0,0.0,0.0,0.0,0.0,0.0,0.0,0.0,0.0,0.0,0.0,0.0,0.0,0.0,0.0,0.0,0.0,0.0,0.0,0.0
ralfkuehnel,0.0,0.0,0.0,0.0,0.0,0.0,0.0,0.0,0.0,0.0,0.0,0.0,0.0,0.0,0.0,0.0,0.0,0.0,0.0,1.0,0.0,0.0,0.0,0.0,0.0,0.0,1.0,0.0,0.0,0.0,0.0,0.0,0.0,0.0,0.0,0.0,0.0,0.0,1.0,0.0,0.0,0.0,0.0,0.0,0.0,0.0,0.0,0.0,0.0,0.0,0.0,0.0,0.0,0.0,0.0,0.0,0.0,0.0,0.0,0.0,0.0,0.0,0.0,0.0,0.0,0.0,0.0,0.0,0.0,0.0,0.0,0.0,0.0,0.0,0.0,0.0,0.0,0.0,0.0,0.0,0.0,0.0,0.0,0.0,0.0,0.0,0.0,0.0,0.0,0.0,0.0,0.0,0.0,0.0,0.0,0.0,0.0,1.0,0.0,0.0,0.0,0.0,0.0,0.0,0.0,0.0,0.0,0.0,0.0,0.0,0.0,0.0,0.0,0.0,0.0,0.0,0.0,0.0,0.0,0.0,0.0,0.0,0.0,0.0,0.0,0.0,0.0,0.0,0.0,0.0,0.0,0.0,0.0,0.0,0.0,0.0,0.0,0.0,0.0,0.0,0.0,0.0,0.0,0.0,0.0,0.0,0.0,0.0,1.0,1.0,0.0,0.0,0.0,0.0,0.0,0.0,0.0,0.0,0.0,0.0,0.0,0.0,0.0,0.0,0.0,0.0,0.0,0.0,0.0,0.0,0.0,0.0,0.0,0.0,0.0,0.0,0.0,0.0,0.0,0.0,0.0,0.0,0.0,0.0,0.0,0.0,0.0,0.0,0.0,0.0,0.0,0.0,0.0,0.0,0.0,0.0,0.0,0.0,0.0,0.0,0.0,0.0,0.0,0.0,0.0,0.0,0.0,0.0,0.0,0.0,0.0,0.0,0.0,0.0,0.0,0.0,0.0,0.0,0.0,0.0,1.0,0.0,0.0,0.0,0.0,0.0,0.0,0.0,0.0,0.0,0.0,0.0,0.0,0.0,0.0,0.0,0.0,0.0,0.0,0.0,0.0,0.0,0.0,0.0,0.0,0.0,0.0,0.0,0.0,0.0,0.0,0.0,0.0,0.0,0.0,0.0,0.0,0.0,0.0,0.0,0.0,0.0,0.0,0.0,0.0,0.0,0.0,0.0,0.0,0.0,0.0,0.0,0.0,0.0,0.0,0.0,0.0,0.0,0.0,0.0,0.0,0.0,0.0,0.0,1.0,0.0,0.0,0.0,0.0,0.0,0.0,0.0,0.0,0.0,0.0,0.0,0.0,0.0,0.0,0.0,0.0,0.0,0.0,0.0,0.0,0.0,0.0,0.0,0.0,0.0,0.0,0.0,0.0,0.0,0.0,0.0,0.0,0.0,0.0,0.0,0.0,0.0,0.0,0.0,0.0,0.0,0.0,0.0,0.0,0.0,0.0,0.0,0.0,0.0,0.0,0.0,0.0,0.0,0.0,0.0,0.0,0.0,0.0,0.0,0.0,0.0,0.0,0.0,0.0,0.0,0.0,0.0,0.0,0.0,0.0,0.0,0.0,0.0,0.0,0.0
robertlemke,0.0,0.0,0.0,0.0,0.0,0.0,1.0,1.0,0.0,0.0,1.0,0.0,0.0,0.0,1.0,0.0,0.0,0.0,0.0,0.0,1.0,0.0,0.0,0.0,1.0,0.0,0.0,0.0,0.0,0.0,0.0,0.0,0.0,0.0,0.0,0.0,0.0,0.0,0.0,1.0,0.0,0.0,0.0,0.0,0.0,0.0,0.0,1.0,0.0,0.0,1.0,1.0,1.0,1.0,1.0,0.0,0.0,0.0,0.0,0.0,0.0,0.0,0.0,0.0,0.0,0.0,0.0,0.0,0.0,0.0,0.0,1.0,0.0,0.0,0.0,0.0,0.0,0.0,0.0,0.0,0.0,0.0,0.0,0.0,0.0,0.0,0.0,0.0,0.0,0.0,0.0,0.0,0.0,0.0,0.0,0.0,0.0,0.0,0.0,0.0,0.0,0.0,0.0,0.0,0.0,0.0,0.0,0.0,0.0,1.0,0.0,0.0,1.0,0.0,0.0,0.0,0.0,0.0,0.0,0.0,0.0,0.0,0.0,0.0,0.0,0.0,0.0,0.0,0.0,0.0,0.0,0.0,0.0,0.0,0.0,0.0,0.0,0.0,0.0,0.0,0.0,0.0,0.0,0.0,0.0,0.0,0.0,0.0,0.0,0.0,0.0,0.0,0.0,0.0,0.0,0.0,0.0,0.0,0.0,0.0,0.0,0.0,0.0,0.0,0.0,0.0,0.0,1.0,0.0,0.0,0.0,0.0,0.0,0.0,0.0,0.0,0.0,0.0,0.0,0.0,0.0,0.0,0.0,0.0,0.0,0.0,0.0,0.0,0.0,0.0,0.0,0.0,0.0,0.0,0.0,0.0,0.0,0.0,0.0,1.0,0.0,0.0,0.0,0.0,0.0,0.0,0.0,1.0,0.0,0.0,0.0,0.0,0.0,0.0,0.0,0.0,0.0,0.0,0.0,1.0,0.0,0.0,0.0,1.0,1.0,1.0,0.0,0.0,1.0,0.0,1.0,1.0,0.0,1.0,0.0,0.0,0.0,0.0,0.0,0.0,0.0,0.0,0.0,1.0,0.0,0.0,0.0,0.0,0.0,0.0,0.0,0.0,0.0,0.0,0.0,0.0,0.0,0.0,0.0,0.0,0.0,0.0,0.0,0.0,0.0,0.0,0.0,0.0,0.0,0.0,0.0,0.0,0.0,0.0,0.0,0.0,0.0,0.0,0.0,0.0,0.0,0.0,0.0,1.0,0.0,0.0,0.0,0.0,0.0,0.0,0.0,0.0,0.0,0.0,0.0,0.0,0.0,0.0,0.0,0.0,0.0,0.0,0.0,0.0,0.0,0.0,0.0,0.0,0.0,0.0,1.0,0.0,0.0,0.0,0.0,0.0,0.0,0.0,0.0,0.0,0.0,0.0,0.0,0.0,0.0,0.0,0.0,0.0,0.0,0.0,0.0,0.0,0.0,0.0,0.0,0.0,0.0,0.0,0.0,0.0,0.0,0.0,0.0,0.0,0.0,0.0,0.0,0.0,0.0,0.0,0.0,0.0,0.0,0.0,0.0,0.0,0.0,0.0,0.0,0.0
skurfuerst,0.0,0.0,0.0,0.0,0.0,0.0,1.0,0.0,0.0,0.0,0.0,0.0,0.0,1.0,0.0,0.0,0.0,0.0,0.0,0.0,0.0,0.0,0.0,0.0,1.0,0.0,0.0,0.0,0.0,0.0,0.0,0.0,0.0,0.0,0.0,0.0,0.0,0.0,0.0,0.0,0.0,0.0,0.0,1.0,0.0,0.0,0.0,0.0,1.0,0.0,0.0,0.0,0.0,0.0,0.0,0.0,0.0,0.0,0.0,0.0,0.0,1.0,0.0,0.0,0.0,0.0,0.0,0.0,0.0,0.0,0.0,0.0,0.0,0.0,0.0,0.0,0.0,0.0,0.0,0.0,0.0,0.0,0.0,1.0,0.0,0.0,0.0,0.0,0.0,0.0,0.0,0.0,0.0,0.0,0.0,1.0,1.0,0.0,0.0,0.0,0.0,0.0,0.0,0.0,0.0,0.0,0.0,0.0,0.0,0.0,0.0,0.0,0.0,0.0,0.0,0.0,0.0,1.0,0.0,0.0,1.0,0.0,0.0,0.0,0.0,0.0,0.0,1.0,0.0,0.0,0.0,0.0,0.0,0.0,0.0,0.0,0.0,0.0,0.0,0.0,0.0,0.0,0.0,0.0,0.0,0.0,0.0,0.0,0.0,0.0,0.0,0.0,0.0,0.0,0.0,0.0,0.0,0.0,0.0,0.0,0.0,0.0,0.0,0.0,0.0,0.0,0.0,0.0,0.0,0.0,0.0,0.0,0.0,0.0,0.0,0.0,0.0,0.0,0.0,0.0,0.0,0.0,0.0,0.0,0.0,0.0,0.0,0.0,0.0,0.0,0.0,0.0,0.0,0.0,0.0,0.0,0.0,0.0,0.0,0.0,0.0,0.0,0.0,0.0,0.0,0.0,0.0,0.0,0.0,0.0,0.0,1.0,0.0,0.0,0.0,0.0,0.0,1.0,0.0,0.0,0.0,0.0,0.0,0.0,0.0,0.0,0.0,0.0,0.0,1.0,0.0,0.0,0.0,0.0,0.0,0.0,0.0,0.0,0.0,0.0,0.0,0.0,0.0,0.0,0.0,0.0,0.0,0.0,0.0,0.0,0.0,0.0,0.0,0.0,1.0,0.0,1.0,0.0,0.0,0.0,1.0,0.0,0.0,0.0,0.0,1.0,1.0,0.0,0.0,0.0,0.0,0.0,1.0,0.0,0.0,0.0,0.0,0.0,0.0,0.0,0.0,1.0,0.0,0.0,0.0,0.0,0.0,0.0,0.0,0.0,0.0,0.0,0.0,0.0,0.0,0.0,0.0,0.0,0.0,0.0,0.0,0.0,0.0,0.0,0.0,0.0,0.0,0.0,0.0,0.0,0.0,1.0,0.0,0.0,0.0,0.0,0.0,0.0,1.0,0.0,0.0,1.0,0.0,0.0,1.0,0.0,0.0,0.0,0.0,0.0,0.0,0.0,0.0,0.0,1.0,0.0,0.0,0.0,0.0,0.0,0.0,0.0,1.0,0.0,0.0,0.0,0.0,0.0,0.0,1.0,0.0,0.0,0.0,1.0,0.0,0.0,0.0,0.0,0.0,0.0
