 ,MDEwOlJlcG9zaXRvcnk0MDI2NzY4NjE=,MDEwOlJlcG9zaXRvcnk0MDI5MDQ1MjY=,MDEwOlJlcG9zaXRvcnk0MDM3NDA3ODc=,MDEwOlJlcG9zaXRvcnk0MDMwMjA1MzE=,MDEwOlJlcG9zaXRvcnk0MDQxNzY4,MDEwOlJlcG9zaXRvcnk0MDY1OTgw,MDEwOlJlcG9zaXRvcnk0MDcwNzY1OQ==,MDEwOlJlcG9zaXRvcnk0MTIzMzkyMA==,MDEwOlJlcG9zaXRvcnk0MTgxMTQ5Ng==,MDEwOlJlcG9zaXRvcnk0Mg==,MDEwOlJlcG9zaXRvcnk0MjE3NjM3,MDEwOlJlcG9zaXRvcnk0MjE5NDEyOQ==,MDEwOlJlcG9zaXRvcnk0MjMzMjg2Mw==,MDEwOlJlcG9zaXRvcnk0MjQ0NjE2OA==,MDEwOlJlcG9zaXRvcnk0MjQyNTYw,MDEwOlJlcG9zaXRvcnk0MjY3NzA=,MDEwOlJlcG9zaXRvcnk0Mjk1NjQ2Nw==,MDEwOlJlcG9zaXRvcnk0MzQ4NTMyMw==,MDEwOlJlcG9zaXRvcnk0MzU4MTA4OA==,MDEwOlJlcG9zaXRvcnk0MzUxOTYzNg==,MDEwOlJlcG9zaXRvcnk0MzYxMzQwNA==,MDEwOlJlcG9zaXRvcnk0MzgxOTY=,MDEwOlJlcG9zaXRvcnk0NDA5NDI0,MDEwOlJlcG9zaXRvcnk0NDEyMDUxMg==,MDEwOlJlcG9zaXRvcnk0NDcxODQ=,MDEwOlJlcG9zaXRvcnk0NDkyOTc5MA==,MDEwOlJlcG9zaXRvcnk0NDkzNDY3NA==,MDEwOlJlcG9zaXRvcnk0NTY4NTAy,MDEwOlJlcG9zaXRvcnk0NTg4MzIy,MDEwOlJlcG9zaXRvcnk0NjI5MjQxMw==,MDEwOlJlcG9zaXRvcnk0NjQ1MjQ=,MDEwOlJlcG9zaXRvcnk0NjQ2NTM=,MDEwOlJlcG9zaXRvcnk0NjUxMjQyNQ==,MDEwOlJlcG9zaXRvcnk0NjUzNDQ1,MDEwOlJlcG9zaXRvcnk0NzIyOTQ=,MDEwOlJlcG9zaXRvcnk0NzM2MDM=,MDEwOlJlcG9zaXRvcnk0NzkzMzky,MDEwOlJlcG9zaXRvcnk0ODEyNjQ0Nw==,MDEwOlJlcG9zaXRvcnk0ODMyMDM4NA==,MDEwOlJlcG9zaXRvcnk0OTIyMTM3MA==,MDEwOlJlcG9zaXRvcnk0OTQwMTQxNg==,MDEwOlJlcG9zaXRvcnk0OTU4NjA1,MDEwOlJlcG9zaXRvcnk0OTYwNDU3Mg==,MDEwOlJlcG9zaXRvcnk0OTYyOTQ4MA==,MDEwOlJlcG9zaXRvcnk0OTk4NzkyMQ==,MDEwOlJlcG9zaXRvcnk1MDEwODYx,MDEwOlJlcG9zaXRvcnk1MDU2NTY=,MDEwOlJlcG9zaXRvcnk1MDUxMTc2,MDEwOlJlcG9zaXRvcnk1MDg4NDU=,MDEwOlJlcG9zaXRvcnk1MDgwNzU0Nw==,MDEwOlJlcG9zaXRvcnk1MTA4Nzc0MA==,MDEwOlJlcG9zaXRvcnk1MTI2MA==,MDEwOlJlcG9zaXRvcnk1MTkwNTM1Mw==,MDEwOlJlcG9zaXRvcnk1MjgyNTc0MQ==,MDEwOlJlcG9zaXRvcnk1MzEwMzY=,MDEwOlJlcG9zaXRvcnk1MzExOTk4OQ==,MDEwOlJlcG9zaXRvcnk1MzI4MTkxMQ==,MDEwOlJlcG9zaXRvcnk1MzQ3NDA=,MDEwOlJlcG9zaXRvcnk1MzY2Njcz,MDEwOlJlcG9zaXRvcnk1NDE5MzYyMQ==,MDEwOlJlcG9zaXRvcnk1NTE3NjM0MA==,MDEwOlJlcG9zaXRvcnk1NTc3MTY1MQ==,MDEwOlJlcG9zaXRvcnk1NjM5MA==,MDEwOlJlcG9zaXRvcnk1NzA2MTYyOQ==,MDEwOlJlcG9zaXRvcnk1NzI0MjIz,MDEwOlJlcG9zaXRvcnk1NzU5OA==,MDEwOlJlcG9zaXRvcnk1ODA2MDIw,MDEwOlJlcG9zaXRvcnk1ODgwNDg4MQ==,MDEwOlJlcG9zaXRvcnk1OTE4NDA=,MDEwOlJlcG9zaXRvcnk1OTM0NTE3,MDEwOlJlcG9zaXRvcnk1OTQ0NzU1Ng==,MDEwOlJlcG9zaXRvcnk1OTQzNTM2NA==,MDEwOlJlcG9zaXRvcnk1OTY3MTE=,MDEwOlJlcG9zaXRvcnk1OTYxNjg2Nw==,MDEwOlJlcG9zaXRvcnk1OTg3MjIy,MDEwOlJlcG9zaXRvcnk2MTE5NzA=,MDEwOlJlcG9zaXRvcnk2MTI1OQ==,MDEwOlJlcG9zaXRvcnk2MjA5MTMzOQ==,MDEwOlJlcG9zaXRvcnk2MjUyOTQ=,MDEwOlJlcG9zaXRvcnk2MjgxMjI2MQ==,MDEwOlJlcG9zaXRvcnk2MjkyNTI1Mw==,MDEwOlJlcG9zaXRvcnk2MzIxMw==,MDEwOlJlcG9zaXRvcnk2MzQ5OTY1MA==,MDEwOlJlcG9zaXRvcnk2NDY2NDA1,MDEwOlJlcG9zaXRvcnk2NDY4ODI=,MDEwOlJlcG9zaXRvcnk2NTU2MTcwOQ==,MDEwOlJlcG9zaXRvcnk2NTk3Nzg2Ng==,MDEwOlJlcG9zaXRvcnk2NTkzNDE=,MDEwOlJlcG9zaXRvcnk2NjI3Njc0Mg==,MDEwOlJlcG9zaXRvcnk2NjQxODAzNg==,MDEwOlJlcG9zaXRvcnk2NzEyMjk=,MDEwOlJlcG9zaXRvcnk2ODAwMzcxMw==,MDEwOlJlcG9zaXRvcnk2ODQxNDg=,MDEwOlJlcG9zaXRvcnk2ODc4Mzg2,MDEwOlJlcG9zaXRvcnk3MDc3Njkw,MDEwOlJlcG9zaXRvcnk3MDgwMTMzMQ==,MDEwOlJlcG9zaXRvcnk3MjA2NjkzNQ==,MDEwOlJlcG9zaXRvcnk3MjAwMQ==,MDEwOlJlcG9zaXRvcnk3MjI1MDg=,MDEwOlJlcG9zaXRvcnk3MjQ3Nzc1Mg==,MDEwOlJlcG9zaXRvcnk3MjcwNTM4,MDEwOlJlcG9zaXRvcnk3NDA4MDc2,MDEwOlJlcG9zaXRvcnk3NTI3NzAwMw==,MDEwOlJlcG9zaXRvcnk3NjA1MzgxNA==,MDEwOlJlcG9zaXRvcnk3NjIyMDk3Mg==,MDEwOlJlcG9zaXRvcnk3Njk5MDIwOQ==,MDEwOlJlcG9zaXRvcnk3NzM4MzY2,MDEwOlJlcG9zaXRvcnk3NzY1NDAz,MDEwOlJlcG9zaXRvcnk3OTA4NzI=,MDEwOlJlcG9zaXRvcnk4MDI4NjI4OA==,MDEwOlJlcG9zaXRvcnk4MTYxOTc=,MDEwOlJlcG9zaXRvcnk4MjA2ODYx,MDEwOlJlcG9zaXRvcnk4MjAxMjU2,MDEwOlJlcG9zaXRvcnk4MjIzODE2OA==,MDEwOlJlcG9zaXRvcnk4MzIyMjQ0MQ==,MDEwOlJlcG9zaXRvcnk4MzIyOTE4Ng==,MDEwOlJlcG9zaXRvcnk4NDA0MTkz,MDEwOlJlcG9zaXRvcnk4NDI0MDg1MA==,MDEwOlJlcG9zaXRvcnk4NDcyNDE3,MDEwOlJlcG9zaXRvcnk4NTAxMzI=,MDEwOlJlcG9zaXRvcnk4Njk1NjgwOA==,MDEwOlJlcG9zaXRvcnk4ODY3Mjg=,MDEwOlJlcG9zaXRvcnk4ODg0MTc3,MDEwOlJlcG9zaXRvcnk4ODg5MTky,MDEwOlJlcG9zaXRvcnk4OTg4MjU=,MDEwOlJlcG9zaXRvcnk5MDM0NzczMQ==,MDEwOlJlcG9zaXRvcnk5MTI1MDgzNw==,MDEwOlJlcG9zaXRvcnk5MTU3OA==,MDEwOlJlcG9zaXRvcnk5MjU1NDk1,MDEwOlJlcG9zaXRvcnk5MjcwMjUxOQ==,MDEwOlJlcG9zaXRvcnk5MzI2MjQxMg==,MDEwOlJlcG9zaXRvcnk5MzQ4NDIzMA==,MDEwOlJlcG9zaXRvcnk5MzU2NDM1Mw==,MDEwOlJlcG9zaXRvcnk5NDQ2MDcwNA==,MDEwOlJlcG9zaXRvcnk5NTQ4NzU0MQ==,MDEwOlJlcG9zaXRvcnk5NTU4MTI5,MDEwOlJlcG9zaXRvcnk5NjY1NTI=,MDEwOlJlcG9zaXRvcnk5NzA3MzAxMQ==,MDEwOlJlcG9zaXRvcnk5ODMxMjUz,MDEwOlJlcG9zaXRvcnk5ODQwOQ==,MDEwOlJlcG9zaXRvcnk5OTA0MDIwNQ==,MDEwOlJlcG9zaXRvcnk5OTExMzUz,MDEwOlJlcG9zaXRvcnk5OTk5MjgzOA==,MDEwOlJlcG9zaXRvcnkxMDA2MjIxNA==,MDEwOlJlcG9zaXRvcnkxMDAwMDE5Mg==,MDEwOlJlcG9zaXRvcnkxMDExNDMy,MDEwOlJlcG9zaXRvcnkxMDI5NjkyNDU=,MDEwOlJlcG9zaXRvcnkxMDIyMTgyMQ==,MDEwOlJlcG9zaXRvcnkxMDIzNzc0,MDEwOlJlcG9zaXRvcnkxMDM0MjQ0,MDEwOlJlcG9zaXRvcnkxMDMxNzU4OA==,MDEwOlJlcG9zaXRvcnkxMDQwMzAyNw==,MDEwOlJlcG9zaXRvcnkxMDU3NjkzOQ==,MDEwOlJlcG9zaXRvcnkxMDY4NjcwOTU=,MDEwOlJlcG9zaXRvcnkxMDYyODk3,MDEwOlJlcG9zaXRvcnkxMDg3NzgxMjY=,MDEwOlJlcG9zaXRvcnkxMTA0MTE=,MDEwOlJlcG9zaXRvcnkxMTA4MzY=,MDEwOlJlcG9zaXRvcnkxMTAwMDAzNjE=,MDEwOlJlcG9zaXRvcnkxMTEyMTI1NDI=,MDEwOlJlcG9zaXRvcnkxMTM5Njc2NDY=,MDEwOlJlcG9zaXRvcnkxMTMxNjk=,MDEwOlJlcG9zaXRvcnkxMTMyNTA5,MDEwOlJlcG9zaXRvcnkxMTQ5Mzg5NDM=,MDEwOlJlcG9zaXRvcnkxMTQzOTYw,MDEwOlJlcG9zaXRvcnkxMTU0Nzg4MjA=,MDEwOlJlcG9zaXRvcnkxMTU1ODM=,MDEwOlJlcG9zaXRvcnkxMTU5MTg1NQ==,MDEwOlJlcG9zaXRvcnkxMTU5Nzc5NzE=,MDEwOlJlcG9zaXRvcnkxMTY4ODUwMTc=,MDEwOlJlcG9zaXRvcnkxMTc1OTU2Njc=,MDEwOlJlcG9zaXRvcnkxMTcxNTc1Mw==,MDEwOlJlcG9zaXRvcnkxMTgyOTE0NQ==,MDEwOlJlcG9zaXRvcnkxMTk2ODMzMTE=,MDEwOlJlcG9zaXRvcnkxMTkwNzg3ODM=,MDEwOlJlcG9zaXRvcnkxMTkxNjA1NTM=,MDEwOlJlcG9zaXRvcnkxMjA0NDEzMg==,MDEwOlJlcG9zaXRvcnkxMjAxNjMyOQ==,MDEwOlJlcG9zaXRvcnkxMjAzMTM5,MDEwOlJlcG9zaXRvcnkxMjEyODk5MDE=,MDEwOlJlcG9zaXRvcnkxMjI4MTky,MDEwOlJlcG9zaXRvcnkxMjM2MzM4Nw==,MDEwOlJlcG9zaXRvcnkxMjU1NjMwNjE=,MDEwOlJlcG9zaXRvcnkxMjUxOTYyODM=,MDEwOlJlcG9zaXRvcnkxMjY2MDY5OTY=,MDEwOlJlcG9zaXRvcnkxMjY2ODUwMTQ=,MDEwOlJlcG9zaXRvcnkxMjYzNzEx,MDEwOlJlcG9zaXRvcnkxMjg3MDcyMTU=,MDEwOlJlcG9zaXRvcnkxMjgzNTAz,MDEwOlJlcG9zaXRvcnkxMjk3MTc3MTc=,MDEwOlJlcG9zaXRvcnkxMjk4MTY4NDk=,MDEwOlJlcG9zaXRvcnkxMjk5MzgwNTM=,MDEwOlJlcG9zaXRvcnkxMzA2ODQwODM=,MDEwOlJlcG9zaXRvcnkxMzA2ODgwMTE=,MDEwOlJlcG9zaXRvcnkxMzE3NzA0MjI=,MDEwOlJlcG9zaXRvcnkxMzE4OTY3,MDEwOlJlcG9zaXRvcnkxMzEzNjMyMjE=,MDEwOlJlcG9zaXRvcnkxMzM0MzY5,MDEwOlJlcG9zaXRvcnkxMzQwMTcyODY=,MDEwOlJlcG9zaXRvcnkxMzQyODkyMTE=,MDEwOlJlcG9zaXRvcnkxMzQzMDQ2NTM=,MDEwOlJlcG9zaXRvcnkxMzc0ODE3,MDEwOlJlcG9zaXRvcnkxMzc1MDAy,MDEwOlJlcG9zaXRvcnkxMzc2NDcwOTQ=,MDEwOlJlcG9zaXRvcnkxMzc3OTk1Nw==,MDEwOlJlcG9zaXRvcnkxMzc4MDU=,MDEwOlJlcG9zaXRvcnkxMzcyMDM3MTU=,MDEwOlJlcG9zaXRvcnkxMzg1NDc3OTc=,MDEwOlJlcG9zaXRvcnkxMzg5MzEyMTU=,MDEwOlJlcG9zaXRvcnkxMzg5OTY2,MDEwOlJlcG9zaXRvcnkxMzgxODkzMjk=,MDEwOlJlcG9zaXRvcnkxMzgyNA==,MDEwOlJlcG9zaXRvcnkxMzgzNTg=,MDEwOlJlcG9zaXRvcnkxMzk0MDU0MDA=,MDEwOlJlcG9zaXRvcnkxNDAzMjY5NTg=,MDEwOlJlcG9zaXRvcnkxNDE0MzYwODE=,MDEwOlJlcG9zaXRvcnkxNDE5MTAwODE=,MDEwOlJlcG9zaXRvcnkxNDI0MzQ2MA==,MDEwOlJlcG9zaXRvcnkxNDI0NDcw,MDEwOlJlcG9zaXRvcnkxNDI1MDc1Nw==,MDEwOlJlcG9zaXRvcnkxNDIwNTAwNDk=,MDEwOlJlcG9zaXRvcnkxNDIyNjM0MzY=,MDEwOlJlcG9zaXRvcnkxNDMyNDA5,MDEwOlJlcG9zaXRvcnkxNDQ1NzUxNjk=,MDEwOlJlcG9zaXRvcnkxNDQ2MjQ4NTc=,MDEwOlJlcG9zaXRvcnkxNDQwNzUxNTU=,MDEwOlJlcG9zaXRvcnkxNDQxMjg1ODc=,MDEwOlJlcG9zaXRvcnkxNDU3MDg4MDk=,MDEwOlJlcG9zaXRvcnkxNDUwNTA1NDQ=,MDEwOlJlcG9zaXRvcnkxNDY4NjM4Nzk=,MDEwOlJlcG9zaXRvcnkxNDc1NzI3OTQ=,MDEwOlJlcG9zaXRvcnkxNDc3NDQ3NjE=,MDEwOlJlcG9zaXRvcnkxNDc4Mjk5NA==,MDEwOlJlcG9zaXRvcnkxNDczMTUxNDI=,MDEwOlJlcG9zaXRvcnkxNDczMTYxMA==,MDEwOlJlcG9zaXRvcnkxNDg1MzA1ODg=,MDEwOlJlcG9zaXRvcnkxNDg3MTc3NA==,MDEwOlJlcG9zaXRvcnkxNDkwMDk1Mg==,MDEwOlJlcG9zaXRvcnkxNDkzMDcyOQ==,MDEwOlJlcG9zaXRvcnkxNTI0MTI5NQ==,MDEwOlJlcG9zaXRvcnkxNTI0NTU2NzE=,MDEwOlJlcG9zaXRvcnkxNTM1MDAyNDk=,MDEwOlJlcG9zaXRvcnkxNTQ3NDc1Nzc=,MDEwOlJlcG9zaXRvcnkxNTQ5OTIyMTU=,MDEwOlJlcG9zaXRvcnkxNTUyMTk4MDc=,MDEwOlJlcG9zaXRvcnkxNTUyMjA2NDE=,MDEwOlJlcG9zaXRvcnkxNTYzMTcxNTQ=,MDEwOlJlcG9zaXRvcnkxNTcwMjkxNjM=,MDEwOlJlcG9zaXRvcnkxNTg1Nzk=,MDEwOlJlcG9zaXRvcnkxNTg1ODQ2Nw==,MDEwOlJlcG9zaXRvcnkxNTg3Njc2NDE=,MDEwOlJlcG9zaXRvcnkxNTg4MDIx,MDEwOlJlcG9zaXRvcnkxNTgwNTU3Nw==,MDEwOlJlcG9zaXRvcnkxNTk5NzMwNDA=,MDEwOlJlcG9zaXRvcnkxNTkzNzUzMzQ=,MDEwOlJlcG9zaXRvcnkxNjA0Mjc0MDU=,MDEwOlJlcG9zaXRvcnkxNjA2MDE5MDI=,MDEwOlJlcG9zaXRvcnkxNjA4NjY4NjI=,MDEwOlJlcG9zaXRvcnkxNjA4OTAzNQ==,MDEwOlJlcG9zaXRvcnkxNjAyOTU4MTY=,MDEwOlJlcG9zaXRvcnkxNjE2Mzc3NjY=,MDEwOlJlcG9zaXRvcnkxNjE5MTg3NA==,MDEwOlJlcG9zaXRvcnkxNjI0MDc3,MDEwOlJlcG9zaXRvcnkxNjI5OTMzMQ==,MDEwOlJlcG9zaXRvcnkxNjM1ODczNzk=,MDEwOlJlcG9zaXRvcnkxNjMzMA==,MDEwOlJlcG9zaXRvcnkxNjQwODUwNw==,MDEwOlJlcG9zaXRvcnkxNjYzNDY4,MDEwOlJlcG9zaXRvcnkxNjc1OTYzOTM=,MDEwOlJlcG9zaXRvcnkxNjg2MzI0MzI=,MDEwOlJlcG9zaXRvcnkxNjk2NTc2Mg==,MDEwOlJlcG9zaXRvcnkxNjk3OQ==,MDEwOlJlcG9zaXRvcnkxNjkyNTAxMTk=,MDEwOlJlcG9zaXRvcnkxNzA3MjkxMzA=,MDEwOlJlcG9zaXRvcnkxNzA5NzczMDU=,MDEwOlJlcG9zaXRvcnkxNzE1OTU3MA==,MDEwOlJlcG9zaXRvcnkxNzI5ODM2,MDEwOlJlcG9zaXRvcnkxNzIyNTEyNTk=,MDEwOlJlcG9zaXRvcnkxNzQ2MTQzNw==,MDEwOlJlcG9zaXRvcnkxNzQ3NDM2Njg=,MDEwOlJlcG9zaXRvcnkxNzQwNTYy,MDEwOlJlcG9zaXRvcnkxNzU2NzE0OTk=,MDEwOlJlcG9zaXRvcnkxNzUzOTg1OTQ=,MDEwOlJlcG9zaXRvcnkxNzY0ODQyMg==,MDEwOlJlcG9zaXRvcnkxNzYwNjg2,MDEwOlJlcG9zaXRvcnkxNzc2NjgzNg==,MDEwOlJlcG9zaXRvcnkxNzc2ODUzMQ==,MDEwOlJlcG9zaXRvcnkxNzc4NzU4OA==,MDEwOlJlcG9zaXRvcnkxNzk2MDk1OTY=,MDEwOlJlcG9zaXRvcnkxNzk4NDYzNg==,MDEwOlJlcG9zaXRvcnkxODA0MDU1,MDEwOlJlcG9zaXRvcnkxODA4MDQ0OA==,MDEwOlJlcG9zaXRvcnkxODEwODE3MTc=,MDEwOlJlcG9zaXRvcnkxODI0MjM1ODY=,MDEwOlJlcG9zaXRvcnkxODIyMjI5OTA=,MDEwOlJlcG9zaXRvcnkxODM5MTEwOA==,MDEwOlJlcG9zaXRvcnkxODMzMDMz,MDEwOlJlcG9zaXRvcnkxODQ0ODU2Mzg=,MDEwOlJlcG9zaXRvcnkxODQ3MzQ2MzQ=,MDEwOlJlcG9zaXRvcnkxODU1NDc0MDQ=,MDEwOlJlcG9zaXRvcnkxODYwNzUyOQ==,MDEwOlJlcG9zaXRvcnkxODc2OTUxODY=,MDEwOlJlcG9zaXRvcnkxODcwODg2MA==,MDEwOlJlcG9zaXRvcnkxODg2MzY0MjQ=,MDEwOlJlcG9zaXRvcnkxODg4Njg3MA==,MDEwOlJlcG9zaXRvcnkxODg5MzM2Nw==,MDEwOlJlcG9zaXRvcnkxODk5OTgzMA==,MDEwOlJlcG9zaXRvcnkxOTEyMDE2Nzk=,MDEwOlJlcG9zaXRvcnkxOTIyMTg4NjI=,MDEwOlJlcG9zaXRvcnkxOTM1MzQ4Mg==,MDEwOlJlcG9zaXRvcnkxOTM2ODU0NzU=,MDEwOlJlcG9zaXRvcnkxOTM5MTk0MQ==,MDEwOlJlcG9zaXRvcnkxOTMxNjI2Mjk=,MDEwOlJlcG9zaXRvcnkxOTMxNjYxOQ==,MDEwOlJlcG9zaXRvcnkxOTQ2NDkxNg==,MDEwOlJlcG9zaXRvcnkxOTQ5MDE1MjM=,MDEwOlJlcG9zaXRvcnkxOTU2NTcyOTQ=,MDEwOlJlcG9zaXRvcnkxOTUzODkw,MDEwOlJlcG9zaXRvcnkxOTYzMDg1,MDEwOlJlcG9zaXRvcnkxOTc4Mjc4NDU=,MDEwOlJlcG9zaXRvcnkxOTc4Mjk2NDY=,MDEwOlJlcG9zaXRvcnkxOTc5MTQxNjE=,MDEwOlJlcG9zaXRvcnkxOTcwODEyOTE=,MDEwOlJlcG9zaXRvcnkyMDAwNDM=,MDEwOlJlcG9zaXRvcnkyMDAxNTAxMg==,MDEwOlJlcG9zaXRvcnkyMDAxOTUwNQ==,MDEwOlJlcG9zaXRvcnkyMDAyODI3Mg==,MDEwOlJlcG9zaXRvcnkyMDI1MjMxNDA=,MDEwOlJlcG9zaXRvcnkyMDM4ODg0NDU=,MDEwOlJlcG9zaXRvcnkyMDQ1MjMx,MDEwOlJlcG9zaXRvcnkyMDQ4MzUw,MDEwOlJlcG9zaXRvcnkyMDQzOTMx,MDEwOlJlcG9zaXRvcnkyMDYzMzg1Nw==,MDEwOlJlcG9zaXRvcnkyMDc3MjA2Ng==,MDEwOlJlcG9zaXRvcnkyMDg0OTA3,MDEwOlJlcG9zaXRvcnkyMDgwNjUwMTg=,MDEwOlJlcG9zaXRvcnkyMDk0NDE4MQ==,MDEwOlJlcG9zaXRvcnkyMDk3MzE2NjI=,MDEwOlJlcG9zaXRvcnkyMDkwNDQzNw==,MDEwOlJlcG9zaXRvcnkyMTA5OTUz,MDEwOlJlcG9zaXRvcnkyMTAyMjEwNzU=,MDEwOlJlcG9zaXRvcnkyMTE1NTg0MDM=,MDEwOlJlcG9zaXRvcnkyMTE2NjY=,MDEwOlJlcG9zaXRvcnkyMTEwOTc3Ng==,MDEwOlJlcG9zaXRvcnkyMTEzODEyOTE=,MDEwOlJlcG9zaXRvcnkyMTI1Nzg4,MDEwOlJlcG9zaXRvcnkyMTMwMjAyNjQ=,MDEwOlJlcG9zaXRvcnkyMTc0NDY2Mg==,MDEwOlJlcG9zaXRvcnkyMjA4MDkzOTM=,MDEwOlJlcG9zaXRvcnkyMjA5NzA1,MDEwOlJlcG9zaXRvcnkyMjE1MTI0MDc=,MDEwOlJlcG9zaXRvcnkyMjE4OTI3MTE=,MDEwOlJlcG9zaXRvcnkyMjEyMTI5,MDEwOlJlcG9zaXRvcnkyMjMyNDg2,MDEwOlJlcG9zaXRvcnkyMjgxMTc3,MDEwOlJlcG9zaXRvcnkyMjk1NjYyODg=,MDEwOlJlcG9zaXRvcnkyMjkzMDA2OA==,MDEwOlJlcG9zaXRvcnkyMzA4ODU3NDg=,MDEwOlJlcG9zaXRvcnkyMzMxNjUyMA==,MDEwOlJlcG9zaXRvcnkyMzUyODMyODc=,MDEwOlJlcG9zaXRvcnkyMzYxNDY2ODA=,MDEwOlJlcG9zaXRvcnkyMzc5Njc2NzA=,MDEwOlJlcG9zaXRvcnkyMzg5ODM=,MDEwOlJlcG9zaXRvcnkyMzgzMTY0Mjg=,MDEwOlJlcG9zaXRvcnkyMzk0MjA4MDU=,MDEwOlJlcG9zaXRvcnkyMzkwMzI0MjE=,MDEwOlJlcG9zaXRvcnkyNDE1MjQ3MDM=,MDEwOlJlcG9zaXRvcnkyNDE2MjI2Mg==,MDEwOlJlcG9zaXRvcnkyNDE5NTMzOQ==,MDEwOlJlcG9zaXRvcnkyNDEyMzg5MzY=,MDEwOlJlcG9zaXRvcnkyNDEzMTg1NzQ=,MDEwOlJlcG9zaXRvcnkyNDc3MjU4NDY=,MDEwOlJlcG9zaXRvcnkyNTEwNTM3ODg=,MDEwOlJlcG9zaXRvcnkyNTQzMTYzNA==,MDEwOlJlcG9zaXRvcnkyNTU5OTY1Mg==,MDEwOlJlcG9zaXRvcnkyNTg1OTU0NDA=,MDEwOlJlcG9zaXRvcnkyNTgyMzQ1MA==,MDEwOlJlcG9zaXRvcnkyNTk2MzAxMg==,MDEwOlJlcG9zaXRvcnkyNTkyNzYxOQ==,MDEwOlJlcG9zaXRvcnkyNjMyMTAwOA==,MDEwOlJlcG9zaXRvcnkyNjU4MjAz,MDEwOlJlcG9zaXRvcnkyNjU5NjY5,MDEwOlJlcG9zaXRvcnkyNjU5Njg3,MDEwOlJlcG9zaXRvcnkyNjUxNjIxMA==,MDEwOlJlcG9zaXRvcnkyNjYyMzExNDk=,MDEwOlJlcG9zaXRvcnkyNzEwODExNDU=,MDEwOlJlcG9zaXRvcnkyNzU2MDQ=,MDEwOlJlcG9zaXRvcnkyNzUyNTM5NDc=,MDEwOlJlcG9zaXRvcnkyNzY2MjUxNw==,MDEwOlJlcG9zaXRvcnkyNzgzMzUyNzM=,MDEwOlJlcG9zaXRvcnkyNzkwMzY5MA==,MDEwOlJlcG9zaXRvcnkyNzkxNDc1ODI=,MDEwOlJlcG9zaXRvcnkyODEzMjU4ODE=,MDEwOlJlcG9zaXRvcnkyODMwNDkxMjQ=,MDEwOlJlcG9zaXRvcnkyODMxNzE=,MDEwOlJlcG9zaXRvcnkyODMyODcx,MDEwOlJlcG9zaXRvcnkyODc1MTYzMg==,MDEwOlJlcG9zaXRvcnkyODc4NTM4Ng==,MDEwOlJlcG9zaXRvcnkyODg0Nzc4NDQ=,MDEwOlJlcG9zaXRvcnkyODg3OTIzMzM=,MDEwOlJlcG9zaXRvcnkyODgwMTAxMw==,MDEwOlJlcG9zaXRvcnkyODkzNDE=,MDEwOlJlcG9zaXRvcnkyOTA3NzI0MTU=,MDEwOlJlcG9zaXRvcnkyOTE4NTg3,MDEwOlJlcG9zaXRvcnkyOTY3MDI4Nzc=,MDEwOlJlcG9zaXRvcnkyOTg0MDc5OA==,MDEwOlJlcG9zaXRvcnkyOTg2ODExNQ==,MDEwOlJlcG9zaXRvcnkyOTg3NA==,MDEwOlJlcG9zaXRvcnkyOTg5MDI5NDA=,MDEwOlJlcG9zaXRvcnkyOTkwMDY3Mw==,MDEwOlJlcG9zaXRvcnkyOTkyNDQzMw==,MDEwOlJlcG9zaXRvcnkyOTkzNTQ2NjY=,MDEwOlJlcG9zaXRvcnkyOTkzNTQyMDc=,MDEwOlJlcG9zaXRvcnkzMDE0MDE4MQ==,MDEwOlJlcG9zaXRvcnkzMDE3MjU2MQ==,MDEwOlJlcG9zaXRvcnkzMDI0NTc0OA==,MDEwOlJlcG9zaXRvcnkzMDM0NzIyMjc=,MDEwOlJlcG9zaXRvcnkzMDM3Mjg0,MDEwOlJlcG9zaXRvcnkzMDUzNTY1NA==,MDEwOlJlcG9zaXRvcnkzMDY3MDE5OTY=,MDEwOlJlcG9zaXRvcnkzMDcxOTU5ODk=,MDEwOlJlcG9zaXRvcnkzMTA0NjUx,MDEwOlJlcG9zaXRvcnkzMTA4OTY1Mg==,MDEwOlJlcG9zaXRvcnkzMTA5MDEyNA==,MDEwOlJlcG9zaXRvcnkzMTQ0MjM1NQ==,MDEwOlJlcG9zaXRvcnkzMTQ0NjE3Nw==,MDEwOlJlcG9zaXRvcnkzMTQzMjU3Mw==,MDEwOlJlcG9zaXRvcnkzMTU2NjMyNg==,MDEwOlJlcG9zaXRvcnkzMTYyOTc1MQ==,MDEwOlJlcG9zaXRvcnkzMTc0MDEx,MDEwOlJlcG9zaXRvcnkzMTc5MjgyNA==,MDEwOlJlcG9zaXRvcnkzMTcxNTE2,MDEwOlJlcG9zaXRvcnkzMTg1NDI1,MDEwOlJlcG9zaXRvcnkzMTk0ODIw,MDEwOlJlcG9zaXRvcnkzMjA2NTYwNDM=,MDEwOlJlcG9zaXRvcnkzMjE0NDA2,MDEwOlJlcG9zaXRvcnkzMjE2OTUw,MDEwOlJlcG9zaXRvcnkzMjM3ODIzNjM=,MDEwOlJlcG9zaXRvcnkzMjQwMjUzNjE=,MDEwOlJlcG9zaXRvcnkzMjU5NDE=,MDEwOlJlcG9zaXRvcnkzMjUzMjM3Ng==,MDEwOlJlcG9zaXRvcnkzMjYwODc3NTg=,MDEwOlJlcG9zaXRvcnkzMjYzMzEyNzA=,MDEwOlJlcG9zaXRvcnkzMjc3MTE4MDg=,MDEwOlJlcG9zaXRvcnkzMjg4MzEyNDQ=,MDEwOlJlcG9zaXRvcnkzMjk3NTQ=,MDEwOlJlcG9zaXRvcnkzMjkwODI4NzI=,MDEwOlJlcG9zaXRvcnkzMzAzNDQ4Ng==,MDEwOlJlcG9zaXRvcnkzMzEyMTg4,MDEwOlJlcG9zaXRvcnkzMzI3Mjcy,MDEwOlJlcG9zaXRvcnkzMzU2NTk2OTY=,MDEwOlJlcG9zaXRvcnkzMzUxNTM=,MDEwOlJlcG9zaXRvcnkzMzY2ODUxNTg=,MDEwOlJlcG9zaXRvcnkzMzY5MDAwNA==,MDEwOlJlcG9zaXRvcnkzMzYwNjUwNjk=,MDEwOlJlcG9zaXRvcnkzMzYzNzIxNw==,MDEwOlJlcG9zaXRvcnkzMzg3MjM=,MDEwOlJlcG9zaXRvcnkzMzg4MDMw,MDEwOlJlcG9zaXRvcnkzMzkzMzE0NzE=,MDEwOlJlcG9zaXRvcnkzNDIxMzgyMTg=,MDEwOlJlcG9zaXRvcnkzNDM1OTY5Nw==,MDEwOlJlcG9zaXRvcnkzNDUzOTIw,MDEwOlJlcG9zaXRvcnkzNDc5NTY0Mg==,MDEwOlJlcG9zaXRvcnkzNDcwNDcx,MDEwOlJlcG9zaXRvcnkzNDcxNzcxMDE=,MDEwOlJlcG9zaXRvcnkzNDk0MzIwNzE=,MDEwOlJlcG9zaXRvcnkzNDkwMTIzODc=,MDEwOlJlcG9zaXRvcnkzNTIwODY4NTg=,MDEwOlJlcG9zaXRvcnkzNTMwODg1NA==,MDEwOlJlcG9zaXRvcnkzNTQ1MTI2OA==,MDEwOlJlcG9zaXRvcnkzNTQ1NzkwOTE=,MDEwOlJlcG9zaXRvcnkzNTYyMjA1Mzc=,MDEwOlJlcG9zaXRvcnkzNTc1NjM1MQ==,MDEwOlJlcG9zaXRvcnkzNTc2NDIxNDg=,MDEwOlJlcG9zaXRvcnkzNjA5MTAxMjY=,MDEwOlJlcG9zaXRvcnkzNjExODIyMjY=,MDEwOlJlcG9zaXRvcnkzNjI0MjM3NTI=,MDEwOlJlcG9zaXRvcnkzNjIwMDk=,MDEwOlJlcG9zaXRvcnkzNjM3Mjk=,MDEwOlJlcG9zaXRvcnkzNjM4NTc5OA==,MDEwOlJlcG9zaXRvcnkzNjUxMTc4,MDEwOlJlcG9zaXRvcnkzNjYzMzM3MA==,MDEwOlJlcG9zaXRvcnkzNjg5MTc4Nzc=,MDEwOlJlcG9zaXRvcnkzNjg5OTA1NDA=,MDEwOlJlcG9zaXRvcnkzNjk4ODgzMQ==,MDEwOlJlcG9zaXRvcnkzNzExNzI3Nzc=,MDEwOlJlcG9zaXRvcnkzNzI4NjY2,MDEwOlJlcG9zaXRvcnkzNzIyNDA0MDI=,MDEwOlJlcG9zaXRvcnkzNzM1NDAx,MDEwOlJlcG9zaXRvcnkzNzMzMDI4,MDEwOlJlcG9zaXRvcnkzNzUzOTEzMTg=,MDEwOlJlcG9zaXRvcnkzNzg1OTg2MjQ=,MDEwOlJlcG9zaXRvcnkzNzg2NDk5NQ==,MDEwOlJlcG9zaXRvcnkzNzkxMzg0,MDEwOlJlcG9zaXRvcnkzNzkzMjcy,MDEwOlJlcG9zaXRvcnkzNzkzMzQz,MDEwOlJlcG9zaXRvcnkzODA4MjA5,MDEwOlJlcG9zaXRvcnkzODAzMjIwNDQ=,MDEwOlJlcG9zaXRvcnkzODY1MjQ4OTU=,MDEwOlJlcG9zaXRvcnkzODk0ODIxMjM=,MDEwOlJlcG9zaXRvcnkzODkxMTk=,MDEwOlJlcG9zaXRvcnkzOTAzNjY=,MDEwOlJlcG9zaXRvcnkzOTI2NTY4OQ==,MDEwOlJlcG9zaXRvcnkzOTMxNTYwMA==,MDEwOlJlcG9zaXRvcnkzOTQ0NzU4,MDEwOlJlcG9zaXRvcnkzOTQ4NjAwNQ==,MDEwOlJlcG9zaXRvcnkzOTgzNDk1ODM=,MDEwOlJlcG9zaXRvcnkzOTk4MjEwNDY=,MDEwOlJlcG9zaXRvcnkzOTk5OTc1OA==,R_kgDOG1umyQ,R_kgDOG4NdDg,R_kgDOG6K31g,R_kgDOGHuIZQ,R_kgDOGI3YUg,R_kgDOGInlZA,R_kgDOGLzFQA,R_kgDOGUznig,R_kgDOGYGAJg,R_kgDOGe2Rcw,R_kgDOGeGmsQ,R_kgDOGg_XLQ,R_kgDOGh9o2w,R_kgDOGhNHvA,R_kgDOGiMY2g,R_kgDOGlFSOA,R_kgDOGnU3Lg,R_kgDOGqYSUg,R_kgDOGs8N6g,R_kgDOGz5nyA,R_kgDOHDbZGg,R_kgDOHGTfwA,R_kgDOHHaBvw,R_kgDOHIJTsg,R_kgDOHMNr-A,R_kgDOHfU5IA,R_kgDOHnelwg
Oliviergg,0,0,0,0,0,0,0,0,0,0,0,0,0,0,0,0,1,0,0,0,0,0,1,0,0,0,0,0,0,0,0,0,0,1,0,0,1,0,0,0,0,0,0,0,0,0,0,0,0,0,0,1,0,0,1,0,0,0,0,0,0,1,0,0,0,0,0,0,0,0,1,0,0,0,0,0,1,0,0,0,1,0,0,1,0,0,0,0,0,0,0,0,0,0,0,0,0,0,0,0,1,0,0,0,0,0,0,0,0,0,0,0,0,0,0,0,0,0,0,0,0,0,1,0,0,0,0,0,1,0,0,0,0,0,0,0,0,0,1,0,0,1,0,1,1,0,0,1,0,0,0,0,0,0,1,0,0,0,0,0,0,0,0,0,0,0,0,0,0,0,0,0,0,0,0,0,0,1,0,0,0,0,0,0,0,0,0,0,0,0,0,0,0,0,0,0,0,0,0,0,0,0,0,0,0,0,0,0,0,0,0,0,0,0,0,0,0,0,0,0,0,0,0,0,0,0,0,0,0,0,0,0,1,0,0,0,0,0,0,0,0,0,0,0,0,0,0,0,0,0,0,0,0,0,0,0,0,0,0,0,0,0,0,0,0,0,0,1,0,0,0,0,0,0,0,0,1,0,0,0,0,0,0,0,0,0,0,0,0,1,0,0,0,0,0,0,0,0,0,0,0,0,0,0,0,0,0,0,0,1,0,0,0,0,0,0,0,0,0,0,0,0,0,0,0,0,0,0,0,0,0,0,0,0,0,0,0,0,0,0,0,0,0,0,0,0,0,0,0,1,0,0,0,0,0,0,0,0,0,0,0,0,0,0,0,0,0,0,0,0,0,0,0,0,0,0,0,0,0,1,0,0,0,0,0,0,0,0,0,0,0,0,0,0,0,0,1,0,0,0,0,0,0,0,0,0,0,0,0,0,0,0,0,0,0,0,0,0,0,0,0,0,0,0,0,0,0,0,0,0,0,0,0,0,0,0,0,0,0,0,0,0,0,0,0,0,0,0,0,0,0,0,0,0,0,0,0,0,0,0,0,0,0,0,0,0,0,0,0,0,0,0,0,0,0,0,0,0,0,0,0,0,0,0,0,0,0,0,0,0,0,0,0,0,0,0,0,0,0,0,0,0,0,0,0,1,0,0,0,0,0,0,0,0,0,0,0,0,0,0,0,0,0,0,0,0,0,0,0,0,0,0,0,0,0,0
Sutto,0,0,0,0,0,0,0,0,0,0,0,1,0,0,0,0,0,0,0,0,0,0,0,0,0,0,0,0,0,0,0,0,0,0,0,0,0,0,0,0,0,0,0,0,0,0,0,0,0,0,0,0,0,0,0,0,0,0,0,0,0,0,0,0,0,0,0,0,0,0,0,0,0,0,0,0,0,0,0,0,0,0,0,0,0,0,0,0,0,0,0,0,0,0,0,0,0,0,0,1,0,0,0,0,0,0,0,0,0,0,0,0,0,0,1,0,0,0,1,0,0,0,0,0,0,0,0,0,0,0,0,0,0,0,0,0,0,1,0,0,0,0,1,0,0,0,0,0,0,0,0,0,0,1,0,0,0,0,0,1,0,0,0,1,0,1,0,0,0,0,0,0,0,0,0,0,0,0,0,0,0,0,0,0,0,0,0,1,0,1,1,0,0,1,0,0,1,0,0,0,0,0,0,0,0,0,1,0,0,0,0,0,0,0,0,0,0,0,0,0,0,0,0,0,0,1,0,0,0,0,0,0,0,1,0,0,0,0,0,0,0,0,0,0,0,0,0,0,0,0,0,0,0,0,0,0,0,1,0,0,0,0,0,0,0,0,0,0,0,0,0,0,0,0,1,0,0,0,0,0,0,0,0,0,0,0,0,0,0,0,0,0,0,0,1,0,0,0,0,1,0,0,0,0,0,0,0,0,0,0,0,0,0,0,0,0,0,0,0,0,0,0,0,0,0,0,0,0,0,0,0,0,0,0,0,0,0,0,0,0,0,1,0,0,0,0,0,0,0,0,0,0,0,0,0,0,0,0,0,0,0,0,0,0,0,0,0,0,0,1,0,0,0,0,0,0,0,0,0,0,0,0,0,0,0,1,0,0,0,0,0,0,1,1,0,0,0,0,0,1,0,0,0,0,0,0,0,0,0,0,0,0,0,0,0,0,0,0,0,0,0,0,0,0,0,0,0,0,0,0,0,0,0,0,0,0,0,0,0,0,0,0,0,0,0,0,0,0,0,0,0,0,0,0,0,0,0,0,0,0,0,0,0,0,0,0,0,0,0,0,0,0,0,0,0,1,0,0,0,0,0,0,0,0,0,0,0,0,0,0,0,0,1,0,0,0,0,0,0,0,0,0,0,0,0,0,0,0,0,0,0,0,0,0,0,0,0,0,0,0,0,0,0,0,0,0,0,0,0,0,0,0,0,0,0,0
aeschright,0,0,0,0,0,0,0,0,0,0,0,0,0,0,0,1,0,0,0,1,0,0,0,0,0,0,1,0,0,0,1,1,0,0,0,0,0,0,0,0,0,0,0,0,0,0,1,0,0,0,0,0,0,0,0,0,0,1,0,0,0,0,0,0,0,0,0,0,0,0,0,0,1,0,0,0,0,0,0,0,0,1,0,0,0,0,0,0,0,0,0,0,0,0,0,0,0,0,0,0,0,0,0,0,0,0,0,0,0,0,0,0,0,0,0,0,0,0,0,1,0,0,0,0,0,0,0,0,0,0,0,0,0,0,0,0,0,0,0,0,0,0,0,0,0,1,0,0,1,0,0,0,0,0,1,0,1,0,0,0,0,0,0,0,0,0,1,0,0,0,0,0,0,0,0,0,0,0,0,0,0,0,0,0,0,0,0,0,0,0,0,0,0,0,0,0,0,0,0,0,0,0,0,0,0,0,0,0,0,0,0,1,0,0,0,0,0,0,0,0,0,0,0,0,0,0,0,0,0,0,0,0,0,0,0,0,0,0,0,0,0,1,0,0,0,0,0,0,0,0,0,1,0,0,0,0,0,0,0,0,0,0,0,0,0,0,0,0,0,0,0,0,0,0,0,0,0,0,0,0,0,0,0,0,0,0,0,0,0,0,0,0,0,1,0,0,0,0,0,0,0,0,0,0,0,0,0,0,0,0,0,0,0,0,0,0,0,1,0,0,0,0,0,0,0,0,0,0,1,0,0,0,1,0,0,0,0,0,0,1,0,0,0,0,0,0,0,0,0,0,0,0,1,1,0,0,0,0,0,0,0,0,0,0,0,0,0,0,0,0,0,0,0,0,0,0,0,0,0,0,0,0,0,0,0,0,0,0,0,0,0,0,0,0,1,0,0,0,0,0,0,1,0,0,0,0,0,1,0,0,0,0,0,0,0,0,0,0,0,0,0,1,0,0,0,0,0,0,0,0,0,0,0,0,0,0,0,0,0,1,0,0,0,0,0,0,0,0,0,0,0,0,0,0,0,0,0,0,0,0,0,0,0,0,0,0,0,0,0,0,0,0,0,0,0,0,0,0,0,0,0,0,0,0,0,0,0,0,0,0,0,0,0,0,0,0,0,0,0,0,0,0,0,0,0,0,0,0,0,0,0,0,0,0,0,0,0,0,0,0,0,0,0,0,0,0,0,0,0,0,0,0,0,0,0,0
ambientsound,1,0,0,1,0,0,1,0,0,0,0,1,0,0,0,0,0,0,0,0,0,0,0,0,0,0,0,0,0,0,0,0,0,0,0,0,0,0,0,0,0,0,0,0,0,0,0,0,0,0,0,0,0,0,0,0,0,0,0,0,0,0,0,0,0,0,0,0,0,0,0,0,0,1,0,0,0,0,0,0,0,0,0,0,0,0,0,0,0,0,0,0,0,0,1,0,0,0,0,0,0,0,0,0,0,1,0,0,0,1,0,0,0,1,0,0,0,0,0,0,0,0,0,0,0,0,0,0,0,0,0,0,0,0,0,0,0,0,0,0,0,0,0,0,0,0,0,0,0,0,0,0,0,0,0,1,0,0,0,0,0,0,0,0,0,0,0,0,0,0,0,0,0,0,0,1,0,0,0,0,0,1,1,0,0,0,0,0,0,0,0,0,0,0,0,0,0,1,0,1,1,0,0,0,0,0,0,0,0,0,0,0,0,0,0,0,0,0,0,0,0,0,0,0,0,0,0,1,0,0,1,0,0,0,0,0,0,0,0,0,0,0,0,0,1,0,0,1,0,0,0,0,0,0,0,0,0,0,0,0,0,0,0,0,1,0,0,0,0,0,0,0,0,0,0,0,0,0,0,0,0,0,0,0,0,0,0,0,0,0,0,0,0,0,0,0,0,0,0,0,0,0,0,0,0,0,0,0,0,0,0,0,0,0,0,0,0,0,0,0,0,0,0,0,0,0,0,0,0,0,0,0,0,0,0,0,0,0,1,0,0,0,0,0,0,0,0,0,0,0,0,0,0,0,0,0,0,0,0,0,0,0,0,0,0,0,1,0,0,0,0,0,0,0,0,0,0,0,0,0,0,0,0,0,0,0,0,0,0,0,0,0,0,0,0,0,0,0,0,0,0,0,0,0,0,1,0,0,0,0,0,0,0,0,0,0,0,0,1,0,0,0,0,0,0,0,0,0,0,0,0,0,0,0,0,0,0,0,0,0,0,1,0,0,0,0,0,0,0,0,0,0,0,0,0,0,0,0,0,0,0,0,0,0,0,0,0,0,0,0,0,0,0,1,0,0,0,0,0,0,0,0,0,0,0,1,0,0,0,0,0,0,0,0,0,0,0,0,1,0,0,0,0,0,0,0,0,1,0,0,0,0,0,0,0,0,0,0,0,0,0,0,0,0,0,0,0,0,0,0,0,0,0,0,0,0
brodock,0,1,0,0,0,0,0,0,0,0,0,0,0,0,0,0,0,0,0,0,0,0,0,1,0,0,0,0,0,0,0,0,0,0,0,0,0,0,0,0,0,0,1,0,0,0,0,0,0,0,0,0,0,0,0,0,0,0,0,0,0,0,0,0,0,0,0,0,0,0,0,0,0,0,0,0,0,0,0,0,0,0,0,0,0,0,0,0,1,0,0,0,0,0,0,0,0,0,0,0,0,1,0,0,0,0,0,1,0,0,0,0,0,0,0,0,0,0,0,0,0,0,0,0,0,0,0,0,0,0,0,0,0,0,0,0,0,0,0,0,0,0,0,0,0,0,0,0,0,0,0,0,0,0,0,0,0,0,1,0,0,0,0,0,0,0,0,0,1,0,0,1,0,1,0,0,0,0,0,0,0,0,0,0,0,0,0,0,0,0,0,0,0,0,0,0,0,0,0,0,0,0,0,0,0,0,0,0,0,0,0,0,0,0,1,1,0,0,0,0,0,0,0,0,0,0,0,0,0,0,0,0,0,0,1,0,0,0,0,0,0,0,0,0,0,0,1,0,0,0,0,0,0,0,0,0,0,0,0,0,0,0,0,0,0,0,0,0,0,0,0,0,0,0,0,0,0,0,0,0,0,0,0,0,0,0,0,0,0,0,0,0,0,0,0,0,0,0,0,0,0,0,0,0,0,0,0,0,0,0,0,0,0,0,0,0,0,0,0,0,0,0,0,0,0,0,0,0,0,0,0,0,0,0,0,0,0,1,0,0,0,0,0,0,0,0,0,0,0,0,0,0,0,0,0,1,0,1,0,0,0,0,0,0,0,0,0,0,0,0,0,0,0,0,0,1,0,0,0,0,0,0,0,0,1,0,0,0,0,0,0,0,0,0,0,0,0,0,0,0,0,0,0,0,0,0,0,0,0,0,0,1,1,0,0,0,0,0,0,0,0,0,0,0,0,0,0,0,0,0,0,0,0,0,0,0,0,0,0,0,0,0,1,0,0,0,0,0,0,0,0,0,0,0,0,0,0,0,1,0,0,0,0,0,0,0,0,0,0,0,0,0,0,0,0,0,0,0,0,0,0,0,0,1,0,0,0,0,0,0,0,0,0,0,0,0,0,0,0,0,0,0,0,0,0,0,0,0,0,0,0,1,0,0,1,0,0,0,0,0,1,0,0,0,0,0,0,0,0,0,0,0,1,0,1,1
deepfryed,0,0,0,0,0,1,0,0,0,0,0,0,0,0,0,0,0,0,0,0,0,0,0,0,0,0,0,0,0,0,0,0,0,0,0,0,0,0,0,0,0,0,0,0,0,0,0,0,0,0,0,0,0,0,0,0,0,0,0,0,0,0,0,0,0,0,0,0,0,0,0,1,0,0,0,0,0,1,0,1,0,0,0,0,0,0,0,0,0,0,0,1,0,0,0,1,1,0,0,0,0,0,1,0,0,0,0,0,0,0,0,0,0,0,0,0,0,1,0,0,0,0,0,0,0,1,0,0,0,0,0,0,0,0,0,1,0,0,0,0,0,0,0,0,0,0,0,0,0,0,0,1,0,0,0,0,0,0,0,0,1,0,0,0,0,0,0,0,0,0,1,0,0,0,0,0,0,0,0,1,0,0,0,0,0,0,0,0,0,0,0,0,1,0,0,0,0,0,1,0,0,0,0,0,0,0,0,0,0,0,0,0,0,0,0,0,0,0,0,0,1,1,0,1,1,0,0,0,0,0,0,1,0,0,0,1,0,0,0,0,0,0,0,0,0,0,0,0,0,0,0,0,0,0,0,0,0,0,0,0,0,0,0,0,0,0,0,0,1,0,0,0,0,0,0,0,0,0,0,0,0,0,0,0,0,0,0,0,0,0,0,0,0,0,0,0,0,0,1,0,0,1,0,0,0,0,0,0,0,0,0,0,0,0,0,0,0,0,0,0,0,0,0,0,0,0,0,0,0,0,0,0,0,0,0,0,0,0,0,0,0,0,0,0,0,0,0,0,1,0,0,0,0,0,0,0,0,0,0,0,0,0,0,0,0,0,0,0,0,0,1,0,0,0,0,0,0,0,0,0,0,0,0,0,0,0,0,0,0,0,0,0,0,0,0,0,0,0,0,0,0,0,0,0,0,0,0,0,0,0,0,0,0,0,0,0,0,0,0,0,0,0,0,0,0,0,0,0,0,0,0,0,0,0,0,0,0,0,0,0,0,0,0,0,0,0,0,0,0,1,0,0,0,0,0,0,0,0,0,0,0,0,0,0,0,0,0,0,0,0,0,0,1,0,0,0,0,0,0,0,0,0,0,0,0,0,0,0,0,0,0,0,0,0,0,0,0,0,0,0,0,0,0,0,0,0,0,0,0,0,0,0,0,0,0,0,0,0,0,0,0,0,0,0,0,0,0,0,0,0,0,0,0,0,0,0
denniskuczynski,0,0,0,0,0,0,0,0,0,0,0,0,0,0,0,0,0,0,0,0,0,0,0,0,0,0,0,0,0,0,0,0,0,0,0,0,0,1,0,0,0,0,0,0,0,0,0,0,0,0,0,0,0,0,0,0,0,0,1,0,0,0,0,1,0,0,1,0,0,0,0,0,0,0,1,0,0,0,0,0,0,0,0,0,0,1,0,0,0,0,0,0,0,0,0,0,0,0,0,0,0,0,0,1,0,0,1,0,0,0,0,0,0,0,0,0,0,0,0,0,0,0,0,0,0,0,0,0,0,0,0,0,0,0,0,0,0,0,0,0,0,0,0,0,0,0,0,0,0,0,0,0,1,0,0,0,0,0,0,0,0,0,0,0,0,0,0,0,0,0,0,0,0,0,0,0,0,0,1,0,0,0,0,0,0,0,0,0,0,0,0,0,0,0,0,0,0,0,0,0,0,0,0,0,1,0,0,0,0,0,0,0,0,0,0,0,0,0,0,0,0,0,0,0,0,0,0,0,0,0,0,0,0,0,0,0,0,0,1,0,0,0,0,0,0,0,0,0,0,0,0,0,0,0,0,0,0,0,0,0,0,0,0,0,0,0,0,0,0,0,0,0,0,0,0,0,0,0,0,0,0,0,0,1,1,0,0,0,0,0,1,0,0,0,0,1,0,0,0,0,0,0,0,0,0,0,1,0,0,0,0,0,0,0,0,0,0,0,1,0,0,0,0,0,0,0,1,0,0,0,0,0,0,0,0,0,0,0,0,0,0,0,0,0,0,0,0,1,0,0,0,0,0,0,1,0,1,0,1,0,0,0,0,0,0,0,0,1,0,0,0,0,0,0,1,0,1,0,0,0,0,0,0,0,0,0,0,0,0,0,0,0,0,0,0,0,0,1,0,0,0,0,0,0,0,0,0,0,0,0,0,0,0,0,0,0,0,0,0,0,0,0,0,0,1,0,0,0,0,0,0,0,0,0,0,0,0,0,0,0,0,0,0,0,0,0,0,0,0,0,0,0,0,0,0,0,0,0,0,0,0,0,0,0,0,0,0,0,0,1,0,0,0,0,0,0,0,0,0,1,0,0,0,0,0,0,0,0,0,0,0,0,0,0,0,0,0,0,0,0,0,0,0,0,0,0,0,0,0,0,0,0,0,0,0,0,0,0,0,0,0,0,0,0,0,0,0,0,0,0,0,0,0,0,0,0
fnichol,0,0,0,0,0,0,0,0,0,0,0,0,0,0,0,0,0,0,0,0,0,0,0,0,0,0,0,0,0,0,0,0,0,0,0,0,0,0,0,0,0,0,0,0,0,0,0,0,0,0,0,0,0,1,0,0,0,0,0,0,0,0,0,0,0,0,0,1,0,0,0,0,0,0,0,0,0,0,0,0,0,0,0,0,0,0,0,0,0,0,0,0,0,0,0,0,0,0,0,0,0,0,0,0,0,0,0,0,0,1,0,0,0,0,0,0,0,0,0,0,0,0,0,0,0,0,0,0,0,0,0,0,1,0,0,0,0,0,0,0,0,0,0,0,0,0,0,0,0,0,0,0,0,0,0,0,0,0,0,0,0,0,0,0,0,0,0,0,0,0,0,0,0,0,0,0,0,0,0,0,0,0,0,0,0,0,0,0,0,0,0,0,0,0,0,0,0,0,0,0,0,0,0,0,0,0,0,0,0,0,0,0,0,0,0,0,0,0,0,0,0,0,0,0,0,0,0,0,1,0,0,0,0,0,0,0,0,0,0,0,0,0,0,0,0,0,0,0,0,0,0,0,0,0,0,0,0,0,0,0,0,0,0,0,0,0,0,0,0,0,0,0,0,0,0,0,0,0,0,0,0,0,0,0,0,0,0,0,0,0,0,0,0,0,0,0,0,0,0,0,0,0,0,0,0,0,0,0,0,0,0,0,0,0,0,0,0,0,0,0,0,0,0,0,0,0,0,0,0,0,0,0,0,0,0,0,0,0,0,0,0,0,0,0,1,0,0,0,0,0,1,0,0,0,0,0,0,0,0,0,0,0,0,0,0,1,0,0,0,0,0,1,0,0,0,0,0,0,0,0,0,0,0,0,0,0,0,1,0,0,0,0,0,0,0,0,0,0,0,0,0,0,0,0,1,0,0,0,1,0,0,0,0,0,0,0,0,0,0,0,0,0,0,0,0,0,0,0,0,0,0,0,0,0,0,0,0,0,0,0,0,0,0,0,0,0,0,0,0,0,1,0,1,0,1,0,0,0,0,0,0,0,0,0,1,1,1,1,0,0,1,1,0,0,0,0,1,0,0,0,0,0,0,0,0,0,0,0,0,0,1,0,0,0,0,0,0,0,0,1,0,0,0,0,0,0,0,0,0,0,1,0,0,0,0,0,1,1,0,0,0,0,0,1,0,1,1,0,0,0,0,0,0,0,0,0
geoffgarside,0,0,1,0,0,0,0,0,0,0,0,0,0,0,0,0,0,0,0,0,1,0,0,0,0,0,0,0,0,0,0,0,0,0,0,0,0,0,0,1,1,0,0,1,0,0,0,0,0,0,0,0,0,0,0,0,0,0,0,1,0,0,0,0,0,0,0,0,0,0,0,0,0,0,0,0,0,0,0,0,0,0,0,0,0,0,0,0,0,0,0,0,0,0,0,0,0,0,0,0,0,0,0,0,0,0,0,0,0,0,0,0,0,0,0,1,0,0,0,0,0,0,0,1,0,0,0,0,0,1,0,0,0,0,0,0,0,0,0,0,1,0,0,0,0,0,0,0,0,0,0,0,0,0,0,0,0,0,0,0,0,0,0,0,0,0,0,0,0,0,0,0,0,0,1,1,0,0,0,0,0,0,0,0,0,0,0,0,0,0,0,1,0,0,0,0,0,0,0,0,0,0,0,1,0,0,0,0,0,0,0,0,0,1,0,0,1,0,0,0,0,0,0,0,0,0,0,0,0,1,0,0,0,0,0,0,0,0,0,0,0,0,0,0,0,0,0,0,0,0,0,0,0,0,0,0,0,0,0,0,0,0,0,0,0,0,0,0,0,0,0,0,0,0,0,0,0,0,0,0,0,0,0,0,0,0,0,0,0,0,0,0,0,0,0,0,0,0,0,0,0,0,0,0,0,0,0,0,0,0,0,0,0,0,0,0,1,0,0,0,0,0,0,0,1,0,0,1,0,0,0,0,0,0,0,1,0,0,0,0,0,0,0,0,0,0,0,0,0,0,0,0,0,0,0,0,0,0,0,0,1,0,0,0,0,0,0,0,0,0,0,0,0,0,0,0,0,0,0,0,0,0,0,0,0,0,0,0,0,0,1,0,0,0,0,0,0,0,1,0,0,0,0,0,0,0,0,0,0,0,0,0,0,0,0,0,0,0,0,0,0,0,0,0,0,0,0,0,0,0,0,0,0,0,1,0,0,1,1,0,0,0,0,0,1,0,0,0,0,0,0,0,0,0,0,0,0,0,0,0,0,0,1,0,0,0,0,0,0,0,0,0,0,0,0,0,0,0,0,0,0,0,0,0,0,0,0,0,0,0,0,0,0,0,0,0,0,0,0,0,0,0,0,0,0,0,0,0,0,0,0,0,0,0,0,0,0,0,0,1,0,0,0,0,0,0,0,0,0,0,0,0,0,0,0,0
ivanacostarubio,0,0,0,0,0,0,0,0,0,0,0,0,0,0,0,0,0,1,0,0,0,0,0,0,0,0,0,0,0,0,0,0,0,0,0,0,0,0,0,0,0,0,0,0,0,0,0,0,0,0,0,0,0,0,0,1,1,0,0,0,0,0,0,0,0,0,0,0,0,0,0,0,0,0,0,0,0,0,0,0,0,0,0,0,0,0,0,0,0,1,0,0,0,0,0,0,0,0,0,0,0,0,0,0,0,0,0,0,0,0,0,0,0,0,0,0,0,0,0,0,0,0,0,0,0,0,0,0,0,0,0,0,0,0,0,0,0,0,0,0,0,0,0,0,0,0,0,0,0,0,0,0,0,0,0,0,0,0,0,0,0,0,0,0,0,0,0,0,0,1,0,0,0,0,0,0,1,0,0,0,0,0,0,0,0,0,0,0,0,0,0,0,0,0,1,0,0,0,0,0,0,0,0,0,0,0,0,1,0,0,0,0,0,0,0,0,1,0,0,0,0,0,0,0,0,0,0,0,0,0,0,0,0,0,0,0,0,0,0,0,1,0,0,0,0,0,0,0,0,0,0,0,1,0,0,0,0,0,0,0,0,0,0,0,0,0,1,0,0,0,1,0,0,0,0,1,0,0,1,0,0,0,0,0,0,0,0,0,0,0,0,0,0,0,0,0,0,0,0,0,0,0,0,0,0,0,0,0,0,0,0,1,0,1,1,1,0,0,0,0,0,0,1,0,0,1,0,0,0,0,0,0,0,0,0,0,1,0,0,0,0,0,0,1,0,0,0,0,0,0,0,0,0,0,0,0,0,0,0,0,0,0,0,0,0,0,0,0,0,0,0,0,0,0,0,0,0,0,0,0,0,0,0,0,0,0,0,0,0,0,0,0,0,0,0,1,0,0,0,0,0,0,0,0,0,0,0,0,0,0,0,0,0,1,0,1,0,0,0,0,0,0,0,0,0,0,0,0,0,0,0,0,0,0,0,0,0,0,0,0,0,0,0,0,0,0,0,1,0,0,0,0,0,0,0,0,0,0,0,0,0,0,0,0,0,0,0,0,0,0,0,0,0,0,0,0,0,0,0,0,0,0,0,0,0,0,0,0,0,0,0,0,0,0,0,0,0,0,0,0,0,0,1,0,0,0,0,0,0,0,0,0,0,0,0,0,0,0,0,0,0,0,0,0,0,0,0,1,0,0,0,0,0,1,0,0
joemsak,0,0,0,0,1,0,0,0,0,0,1,0,0,0,1,0,0,0,0,0,0,0,0,0,0,0,0,0,1,1,0,0,0,0,0,0,0,0,0,0,0,1,0,0,0,1,0,1,0,0,0,0,0,0,0,0,0,0,0,0,0,0,0,0,0,0,0,0,0,0,0,0,0,0,0,0,0,0,0,0,0,0,0,0,0,0,0,0,0,0,0,0,0,0,0,0,0,0,0,0,0,0,0,0,0,0,0,0,0,0,0,0,1,0,0,0,0,0,0,0,0,0,0,0,0,0,0,0,0,0,0,0,0,0,0,0,0,0,0,0,0,0,0,0,0,0,0,0,0,0,0,0,0,0,0,0,0,0,0,0,0,0,0,0,0,0,0,0,0,0,0,0,0,0,0,0,0,0,0,0,1,0,0,0,0,0,0,0,0,0,0,0,0,0,0,0,0,0,0,0,0,0,0,0,0,0,0,0,0,0,0,0,0,0,0,0,0,0,0,1,0,0,0,0,0,0,0,0,0,0,0,0,0,0,0,0,0,1,0,0,0,0,0,0,0,0,0,0,0,0,0,0,0,0,0,0,0,0,0,0,0,0,0,0,0,0,0,0,0,0,0,0,0,0,0,0,0,0,0,0,1,0,0,0,0,0,0,0,0,0,0,0,0,0,0,0,0,0,0,0,0,0,0,0,0,0,0,0,0,0,0,0,0,0,0,0,0,0,0,0,0,0,0,0,0,0,0,0,0,1,0,0,0,1,0,0,0,0,0,0,0,0,0,0,0,1,0,0,0,0,0,0,0,0,0,0,0,0,0,0,0,0,0,0,0,0,0,0,0,0,0,0,0,1,0,0,0,0,0,0,0,0,0,0,0,0,0,0,0,0,0,0,0,0,0,0,0,0,0,0,0,0,0,1,0,0,1,0,0,1,0,0,0,0,0,0,0,1,0,0,0,0,0,0,0,0,0,0,0,1,0,0,1,0,0,0,0,0,0,0,0,0,0,0,0,0,0,0,0,0,0,0,0,0,0,0,0,1,0,0,0,0,0,0,0,0,0,0,0,0,0,0,0,0,0,0,0,0,0,0,0,0,0,0,0,0,0,0,1,1,0,0,0,0,1,1,1,0,0,0,0,0,0,0,1,0,0,0,0,0,0,0,0,0,0,0,0,0,0,0,0,0,0,0,0,0,0,0,0,0,0,0,0,0,0,0
justincinmd,0,0,0,0,0,0,0,0,0,0,0,0,0,0,0,0,0,0,0,0,0,0,0,0,1,0,0,0,0,0,0,0,0,0,1,0,0,0,0,0,0,0,0,0,0,0,0,0,1,0,0,0,0,0,0,0,0,0,0,0,0,0,0,0,0,0,0,0,1,1,0,0,0,0,0,1,0,0,0,0,0,0,0,0,0,0,0,0,0,0,0,0,0,0,0,0,0,0,1,0,0,0,0,0,0,0,0,0,0,0,1,0,0,0,0,0,0,0,0,0,0,1,0,0,1,0,0,0,0,0,0,0,0,0,0,0,0,0,0,0,0,0,0,0,0,0,0,0,0,1,1,0,0,0,0,0,0,0,0,0,0,0,1,0,0,0,0,0,0,0,0,0,0,0,0,0,0,0,0,0,0,0,0,0,0,0,0,0,0,0,0,0,0,0,0,1,0,0,0,0,0,1,1,0,0,0,0,0,0,1,0,0,0,0,0,0,0,0,0,0,0,0,0,0,0,0,0,0,0,0,0,0,0,0,0,0,0,0,0,0,0,0,0,0,0,0,0,0,0,0,0,0,0,0,0,0,0,0,0,0,0,0,1,0,0,0,0,0,0,0,0,0,0,0,0,0,0,0,0,0,0,0,0,0,0,1,0,1,0,0,0,0,0,0,0,0,0,0,0,0,0,0,0,0,1,0,0,0,0,0,0,0,0,0,0,0,0,0,0,0,0,0,0,0,0,0,0,0,0,0,0,0,0,0,0,0,0,0,0,0,0,0,0,0,0,0,0,0,0,0,0,0,0,0,0,0,0,0,0,0,0,0,0,0,0,0,0,0,0,0,0,0,0,0,0,0,0,0,0,0,1,1,1,0,0,0,0,0,0,0,0,0,0,0,0,0,0,0,0,0,1,0,0,0,0,0,0,0,0,0,0,0,0,0,0,0,0,0,0,0,0,0,0,0,0,0,0,0,0,0,0,0,0,1,0,0,0,0,0,0,0,0,0,0,0,0,0,0,0,0,0,0,0,1,0,0,0,0,0,0,0,0,0,0,0,0,0,0,0,0,0,0,0,0,0,0,0,0,0,0,1,0,0,0,0,0,0,0,0,0,0,0,0,1,0,0,0,0,0,0,1,0,0,0,0,0,0,0,0,0,0,0,0,0,0,0,0,0,0,0,0,0,0,0,0,0,0,0,0,0,0,0,0,0,0,0
lukemadera,0,0,0,0,0,0,0,0,0,0,0,0,0,0,0,0,0,0,0,0,0,0,0,0,0,0,0,0,0,0,0,0,1,0,0,0,0,0,0,0,0,0,0,0,0,0,0,0,0,0,0,0,0,0,0,0,0,0,0,0,0,0,0,0,0,0,0,0,0,0,0,0,0,0,0,0,0,0,0,0,0,0,0,0,0,0,0,0,0,0,0,0,0,0,0,0,0,0,0,0,0,0,0,0,0,0,0,0,0,0,0,0,0,0,0,0,1,0,0,0,0,0,0,0,0,0,0,0,0,0,0,1,0,0,0,0,0,0,0,0,0,0,0,0,0,0,0,0,0,0,0,0,0,0,0,0,0,0,0,0,0,0,0,0,0,0,0,1,0,0,0,0,0,0,0,0,0,0,0,0,0,0,0,0,0,1,0,0,1,0,0,0,0,0,0,0,0,0,0,0,0,0,0,0,0,0,0,0,0,0,0,0,0,0,0,0,0,1,1,0,0,0,0,0,0,0,0,0,0,0,0,0,0,0,0,0,1,0,0,1,0,0,0,0,0,0,0,0,0,1,0,0,0,0,0,0,0,0,0,0,0,1,0,1,0,0,0,0,0,0,0,0,0,0,0,0,0,0,0,0,0,0,0,0,0,0,0,0,0,0,0,1,1,0,0,0,0,0,0,0,1,0,0,0,0,0,0,0,0,0,0,0,0,0,0,0,0,0,0,0,0,0,0,0,0,0,0,0,0,0,0,0,0,0,0,0,0,0,0,0,0,0,1,0,0,0,0,0,0,0,0,0,0,0,0,0,0,0,0,0,0,0,0,0,0,0,0,0,1,0,0,0,0,0,0,0,0,0,0,0,0,0,0,1,0,0,0,0,1,0,0,0,0,0,0,0,0,0,0,0,0,0,0,0,0,0,0,0,0,0,0,0,0,0,0,0,0,0,0,0,0,0,1,1,0,1,0,0,1,0,1,0,0,0,0,1,0,0,0,0,1,0,0,0,0,0,0,0,0,0,0,0,0,0,0,0,0,0,0,0,1,0,0,1,0,0,0,0,1,0,0,0,0,0,0,0,0,0,0,0,0,0,0,0,0,0,0,0,0,0,0,0,0,0,0,0,0,0,0,0,0,0,0,0,0,0,0,0,0,0,0,0,0,0,0,0,0,0,0,0,0,0,0,0,0,0,0,0,0,0,0,0,0,0,0,0
mauidude,0,0,0,0,0,0,0,1,1,0,0,0,0,0,0,0,0,0,0,0,0,0,0,0,0,0,0,1,0,0,0,0,0,0,0,0,0,0,0,0,0,0,0,0,0,0,0,0,0,0,0,0,1,0,0,0,0,0,0,0,0,0,0,0,0,0,0,0,0,0,0,0,0,0,0,0,0,0,0,0,0,0,0,0,0,0,0,0,0,0,0,0,0,0,0,0,0,0,0,0,0,0,0,0,0,0,0,0,0,0,0,0,0,0,0,0,0,0,0,0,0,0,0,0,0,0,0,0,0,0,0,0,0,1,0,0,0,0,0,0,0,0,0,0,0,0,0,0,0,0,0,0,0,0,0,0,0,1,0,0,0,0,0,0,0,0,0,0,0,0,0,0,0,0,0,0,0,0,0,0,0,0,0,0,0,0,0,0,0,0,0,0,0,0,0,0,0,0,0,0,0,0,0,0,0,0,0,0,0,0,0,0,0,0,0,0,0,0,0,0,0,0,0,0,0,0,1,0,0,0,0,0,0,0,0,0,0,0,0,0,0,0,1,0,0,1,0,0,0,0,0,0,0,0,0,0,0,0,0,0,0,0,0,0,0,0,0,0,0,1,0,0,0,0,0,0,0,0,0,0,0,0,0,0,0,0,1,0,0,0,0,0,0,0,0,0,1,0,0,0,0,0,1,0,0,1,0,0,0,0,0,0,0,0,0,0,0,0,0,0,0,0,0,0,0,0,0,0,0,0,0,0,0,0,0,0,0,0,0,0,0,0,0,0,0,0,1,0,0,0,0,0,0,0,0,0,0,0,0,0,0,0,0,0,1,0,0,0,0,0,0,0,0,0,0,0,0,0,0,0,0,0,0,0,0,0,0,0,0,0,0,0,0,0,0,0,0,0,0,0,0,0,0,0,0,0,0,0,0,0,0,0,0,0,1,0,0,0,0,0,0,0,0,0,0,0,0,1,0,0,0,0,0,0,0,0,1,0,0,0,0,0,0,0,0,0,0,0,1,0,0,0,0,0,0,0,1,0,0,0,0,0,0,0,0,0,0,0,0,0,0,0,0,0,0,0,0,0,0,0,0,0,0,0,1,0,0,0,0,0,0,0,0,0,0,0,0,0,0,0,0,0,0,0,0,0,0,0,1,0,0,0,0,0,0,0,0,0,0,0,0,0,0,0,0,0,0,0,0,0,0,0,0,0,0,0
mmangino,0,0,0,0,0,0,0,0,0,0,0,0,0,0,0,0,0,0,0,0,0,1,0,0,0,0,0,0,0,0,1,0,0,0,0,1,0,0,0,0,0,0,0,0,0,0,0,0,0,0,0,0,0,0,0,0,0,0,0,0,0,0,0,0,0,1,0,0,0,0,0,0,0,0,0,0,0,0,1,0,0,0,0,0,1,0,0,1,0,0,1,0,0,0,0,0,0,0,0,0,0,0,0,0,0,0,0,0,1,0,0,0,0,0,0,0,0,0,0,0,0,0,0,0,0,0,0,1,0,0,0,0,0,0,0,0,1,0,0,1,0,0,0,0,0,0,0,0,0,0,0,0,0,0,0,0,0,0,0,0,0,1,0,0,1,0,0,0,0,0,0,0,0,0,0,0,0,0,0,0,0,0,0,0,0,0,1,0,0,0,0,0,0,0,0,0,0,0,0,0,0,0,0,0,0,1,0,0,0,0,0,0,1,0,0,0,0,0,0,0,0,0,1,0,0,0,0,0,0,0,0,0,0,0,0,0,0,0,0,0,0,0,0,0,0,0,0,0,1,0,0,0,0,0,0,0,0,0,0,0,0,0,0,0,0,0,0,0,0,0,0,0,0,0,0,0,0,0,0,0,0,0,0,0,0,0,0,0,0,0,0,0,0,0,0,0,0,0,0,0,0,0,0,0,0,0,0,0,0,0,0,0,0,0,0,0,0,0,0,0,0,0,0,1,0,0,0,0,0,0,1,1,0,0,0,0,0,0,0,0,0,0,0,0,0,0,0,0,0,0,0,0,0,0,0,0,0,0,0,0,0,0,0,0,0,0,0,0,0,0,0,0,0,0,0,0,0,0,0,0,0,0,0,0,0,0,1,0,0,0,0,0,0,0,0,0,0,0,0,0,0,0,0,0,0,0,0,0,0,0,0,0,0,0,0,0,0,0,0,0,0,0,0,0,0,0,0,0,0,0,0,1,0,0,0,0,0,0,0,0,0,0,0,0,0,1,0,0,0,0,0,1,0,0,0,0,0,0,0,0,0,0,0,0,0,0,0,0,0,0,0,0,0,0,0,0,0,1,1,0,0,0,0,0,0,0,1,0,0,0,0,0,0,0,0,0,0,0,0,0,0,1,0,0,0,0,0,0,0,0,0,0,0,0,0,0,0,0,0,0,0,0,0,0,0,0,0,0,0,0,0,0,0,0,0,0
mniessner,0,0,0,0,0,0,0,0,0,1,0,0,0,0,0,0,0,0,0,0,0,0,0,0,0,0,0,0,0,0,1,0,0,0,0,0,0,0,0,0,0,0,0,0,0,0,0,0,0,0,0,0,0,0,0,0,0,0,0,0,0,0,1,0,0,0,0,0,0,0,0,0,0,0,0,0,0,0,0,0,0,0,0,0,0,0,0,0,0,0,0,0,1,0,0,0,0,1,0,0,0,0,0,0,0,0,0,0,0,0,0,0,0,0,0,0,0,0,0,0,0,0,0,0,0,0,0,0,0,0,0,0,0,0,0,0,0,0,0,0,0,0,0,0,0,0,0,0,0,0,0,0,0,0,0,0,0,0,0,0,0,0,0,0,0,0,0,0,0,0,0,0,0,0,0,0,0,0,0,0,0,0,0,0,0,0,0,0,0,0,0,0,0,0,0,0,0,0,0,0,0,0,0,0,0,0,0,0,0,0,0,0,0,0,0,0,0,0,0,0,0,0,0,0,0,0,0,0,0,0,0,0,0,0,0,0,0,0,0,0,0,0,0,0,0,0,0,0,0,0,0,0,0,0,0,0,0,0,0,0,0,0,0,0,0,1,0,0,0,0,0,1,0,0,0,0,0,0,0,0,0,0,0,0,0,0,0,0,0,0,0,0,0,0,0,0,0,0,0,0,0,0,0,0,0,0,0,0,0,0,0,0,0,0,0,0,0,0,0,0,0,0,0,0,0,0,0,0,0,0,0,0,0,0,1,0,0,0,0,0,0,0,0,0,0,0,0,0,0,0,0,0,0,0,0,0,0,0,0,0,0,0,1,0,0,0,0,0,0,0,0,0,0,0,0,0,0,0,0,0,0,0,0,0,0,0,0,0,0,0,0,0,0,0,0,0,0,0,0,0,0,0,0,0,0,0,0,0,0,0,0,0,0,0,0,0,0,0,0,0,0,0,0,0,0,0,0,0,0,0,0,0,0,0,0,0,0,0,0,0,0,0,0,0,0,0,0,0,0,0,0,0,0,0,0,0,0,0,0,0,0,1,0,0,0,0,0,0,0,0,0,0,0,0,0,0,0,0,0,0,0,0,0,0,0,0,0,0,0,0,0,0,0,0,0,0,0,0,0,0,0,0,0,0,0,0,0,0,0,0,0,0,0,0,0,0,0,0,0,0,0,0,0,0,0,0,0,0,0,0,0,0,0,0,0,0
nicinabox,0,0,0,0,0,0,0,0,0,0,0,0,0,1,0,0,0,0,0,0,0,0,0,0,0,1,0,0,0,0,0,0,0,0,0,0,0,0,1,0,0,0,0,0,0,0,0,0,0,1,0,0,0,0,0,0,0,0,0,0,0,0,0,0,0,0,0,0,0,0,0,0,0,0,0,0,0,0,0,0,0,0,1,0,0,0,0,0,0,0,0,0,0,1,0,0,0,0,0,0,0,0,0,0,1,0,0,0,0,0,0,1,0,0,0,0,0,0,0,0,1,0,0,0,0,0,1,0,0,0,0,0,0,0,0,0,0,0,0,0,0,0,0,0,0,0,0,0,0,0,0,0,0,0,0,0,0,0,0,0,0,0,0,0,0,0,0,0,0,0,0,0,1,0,0,0,0,0,0,0,0,0,0,0,1,0,0,0,0,0,0,0,0,0,0,0,0,0,0,0,0,0,0,0,0,0,0,0,0,0,1,0,0,0,0,0,0,0,0,0,0,0,0,0,0,0,0,0,0,0,0,0,0,0,0,0,0,0,0,0,0,0,0,1,0,0,0,0,0,0,1,0,0,1,0,0,1,0,0,1,1,0,0,0,0,0,0,0,0,0,0,0,0,1,0,0,0,0,0,1,0,0,1,0,0,0,0,0,1,0,0,0,0,0,0,0,0,0,0,0,0,0,0,1,0,0,0,1,0,0,0,0,1,0,0,0,0,0,0,0,0,0,0,0,0,0,0,0,0,0,0,0,0,0,0,0,0,0,0,0,0,0,0,0,0,0,0,0,0,0,0,0,0,0,0,0,0,0,0,1,0,0,0,1,0,0,0,0,0,0,0,0,0,0,0,0,0,0,0,0,0,0,0,0,0,0,0,0,0,0,0,0,0,0,0,0,0,0,0,0,0,0,0,0,0,0,0,0,0,0,0,0,0,0,0,0,0,0,0,0,0,0,0,0,0,0,0,0,0,0,0,0,0,0,0,0,0,0,0,0,0,0,0,0,0,0,0,0,0,0,0,0,0,0,0,1,0,0,0,0,0,0,0,0,0,0,0,0,0,0,0,0,0,0,0,0,0,0,0,0,0,1,0,0,0,0,0,0,0,0,0,0,0,0,0,0,0,0,0,0,0,0,0,0,0,0,0,0,0,0,0,0,0,0,0,0,0,0,0,0,0,0,0,0,0,0,0,0,0,0,0,0,0,0,0,0
phlipper,0,0,0,0,0,0,0,0,0,0,0,0,0,0,0,0,0,0,0,0,0,0,0,0,0,0,0,0,0,0,0,0,0,0,0,0,0,0,0,0,0,0,0,0,0,0,0,0,0,0,1,0,0,0,0,0,0,0,0,0,1,0,0,0,1,0,0,0,0,0,0,0,0,0,0,0,0,0,0,0,0,0,0,0,0,0,0,0,0,0,0,0,0,0,0,0,0,0,0,0,0,0,0,0,0,0,0,0,0,0,0,0,0,0,0,0,0,0,0,0,0,0,0,0,0,0,0,0,0,0,0,0,0,0,1,0,0,0,0,0,0,0,0,0,0,0,0,0,0,0,0,0,0,0,0,0,0,0,0,0,0,0,0,0,0,0,0,0,0,0,0,0,0,0,0,0,0,0,0,0,0,0,0,0,0,0,0,0,0,0,0,0,0,0,0,0,0,0,0,0,0,0,0,0,0,0,0,0,1,0,0,0,0,0,0,0,0,0,0,0,0,0,0,0,0,0,0,0,0,0,0,0,0,0,0,0,0,0,0,0,0,0,0,0,0,0,0,0,0,0,0,0,0,0,1,0,0,0,0,0,0,0,0,0,0,0,0,0,0,0,0,0,1,0,0,0,0,0,0,0,0,0,0,0,0,0,0,0,0,0,0,0,0,0,0,0,0,1,0,0,0,0,0,0,0,0,0,0,0,0,1,0,0,0,0,0,0,0,0,1,1,0,0,0,0,0,0,0,0,0,0,0,0,0,0,0,0,0,0,0,1,0,0,0,0,0,0,0,0,0,0,0,0,0,0,0,0,0,0,0,0,0,0,0,0,0,0,0,0,0,0,0,1,0,0,0,0,0,1,0,0,0,0,0,0,0,0,0,0,1,0,1,0,0,0,0,0,0,0,0,0,0,1,0,0,0,0,0,0,0,0,0,0,0,0,0,1,0,0,0,0,0,0,0,0,0,1,0,0,0,0,0,0,0,0,0,0,0,0,0,0,0,0,0,0,0,1,0,0,0,0,0,0,0,0,0,0,0,0,0,0,0,0,0,0,0,0,0,0,0,0,0,0,0,0,0,0,0,0,0,0,0,1,0,0,0,0,1,0,0,0,1,0,0,0,0,0,0,0,0,0,0,0,0,0,0,1,0,0,0,0,0,0,0,0,1,0,0,1,0,0,0,0,0,1,0,0,0,1,1,1,0,0,0,0,0
railsmechanic,0,0,0,0,0,0,0,0,0,0,0,0,1,0,0,0,0,0,1,0,0,0,0,0,0,0,0,0,0,0,0,0,0,0,0,0,0,0,0,0,0,0,0,0,1,0,0,0,0,0,0,0,0,0,0,0,0,0,0,0,0,0,0,0,0,0,0,0,0,0,0,0,0,0,0,0,0,0,0,0,0,0,0,0,0,0,1,0,0,0,0,0,0,0,0,0,0,0,0,0,0,0,0,0,0,0,0,0,0,0,0,0,0,0,0,0,0,0,0,0,0,0,0,0,0,0,0,0,0,0,1,0,0,0,0,0,0,0,0,0,0,0,0,0,0,0,1,0,0,0,0,0,0,0,0,0,0,0,0,0,0,0,0,0,0,0,0,0,0,0,0,0,0,0,0,0,0,0,0,0,0,0,0,1,0,0,0,0,0,0,0,0,0,0,0,0,0,0,0,0,0,0,0,0,0,0,0,0,0,0,0,0,0,0,0,0,0,0,0,0,0,0,0,0,0,0,0,0,0,0,0,0,0,0,0,0,0,0,0,0,0,0,0,0,0,0,0,0,0,0,0,0,0,0,0,1,0,0,1,0,0,0,0,0,0,0,0,0,0,0,0,0,0,0,0,0,0,1,0,0,0,1,0,0,0,0,0,0,0,0,0,0,0,0,0,0,0,0,0,0,0,0,0,0,0,0,0,0,1,0,0,0,0,0,0,0,0,0,0,0,0,1,0,0,0,0,0,0,0,0,0,0,0,0,0,0,0,0,0,0,0,0,0,0,0,0,0,0,0,0,0,1,0,0,0,0,0,0,0,0,0,1,0,0,0,0,0,0,0,0,0,0,0,0,0,0,0,1,0,0,0,0,0,0,0,0,0,0,0,0,0,0,0,0,0,0,0,0,0,0,0,0,0,0,0,0,0,0,0,0,1,0,0,0,0,0,0,0,0,1,1,0,0,0,0,0,0,0,0,0,0,0,0,0,0,0,0,0,0,0,0,0,0,1,0,0,0,0,0,0,0,0,0,0,0,0,0,0,0,1,0,0,0,0,0,0,0,0,0,0,0,0,0,0,1,0,0,0,0,0,0,0,0,0,0,0,0,0,0,0,0,0,0,0,0,0,0,1,0,0,0,0,0,1,0,0,0,0,0,1,0,0,1,1,0,0,0,0,0,0,0,1,1,0,0,0,0,0,0,0,0,1,0,0,0,0
tjmullicani,0,0,0,0,0,0,0,0,0,0,0,0,0,0,0,0,0,0,0,0,0,0,0,0,0,0,0,0,0,0,0,0,0,0,0,0,0,0,0,0,0,0,0,0,0,0,0,0,0,0,0,0,0,0,0,0,0,0,0,0,0,0,0,0,0,0,0,0,0,0,0,0,0,0,0,0,0,0,0,0,0,0,0,0,0,0,0,0,0,0,0,0,0,0,0,0,0,0,0,0,0,0,0,0,0,0,0,0,0,0,0,0,0,0,0,0,0,0,0,0,0,0,0,0,0,0,0,0,0,0,0,0,0,0,0,0,0,0,0,0,0,0,0,0,0,0,0,0,0,0,0,0,0,0,0,0,0,0,0,0,0,0,0,0,0,0,0,0,0,0,0,0,0,0,0,0,0,0,0,0,0,0,0,0,0,0,0,0,0,0,0,0,0,0,0,0,0,0,0,0,0,0,0,0,0,0,0,0,0,0,0,0,0,0,0,0,0,0,0,0,0,0,0,0,0,0,0,0,0,0,0,0,0,0,0,0,0,0,0,0,0,0,0,0,0,0,0,0,0,0,0,0,0,0,0,0,0,0,0,0,0,0,0,0,0,0,0,0,0,0,0,0,0,0,0,0,0,0,0,0,0,0,0,0,0,0,0,0,0,0,0,0,0,0,0,0,0,0,0,0,0,0,0,0,0,0,0,0,0,0,0,0,0,0,0,0,0,0,0,0,0,0,0,0,0,0,0,0,0,0,0,0,0,0,0,0,0,0,0,0,0,0,0,0,0,0,0,0,0,0,0,0,0,0,0,0,0,0,0,0,0,0,0,0,0,0,0,0,0,0,0,0,0,0,0,0,0,0,0,0,0,0,0,0,0,0,0,0,0,0,0,0,0,0,0,0,0,0,0,0,0,0,0,0,0,0,0,0,0,0,0,0,0,0,0,0,0,0,0,0,0,0,0,0,0,0,0,0,0,0,0,0,0,0,0,0,0,0,0,0,0,0,0,0,0,0,0,0,0,0,0,0,0,0,0,0,0,0,0,0,0,0,0,0,0,0,0,0,0,0,0,0,0,0,0,0,0,0,0,0,0,0,0,0,0,0,0,0,0,0,0,0,0,0,0,0,0,0,0,0,0,0,0,0,0,0,0,0,0,0,0,0,0,0,0,0,0,0,0,0,0,0,0,0,0,0,0,0,0,0,0,0,0,0,0,0
