 ,MDEwOlJlcG9zaXRvcnk0MDAwODY1Mw==,MDEwOlJlcG9zaXRvcnk0MDI0OTI0ODg=,MDEwOlJlcG9zaXRvcnk0MDM2NDE1MjE=,MDEwOlJlcG9zaXRvcnk0MDQ1NTgwMjI=,MDEwOlJlcG9zaXRvcnk0MDU1MDE2MQ==,MDEwOlJlcG9zaXRvcnk0MDY1NTU1ODA=,MDEwOlJlcG9zaXRvcnk0MDc5NTc3MDI=,MDEwOlJlcG9zaXRvcnk0MDk1Mjg3,MDEwOlJlcG9zaXRvcnk0MTQyNTg3,MDEwOlJlcG9zaXRvcnk0MjE4ODMzNQ==,MDEwOlJlcG9zaXRvcnk0MjQ3NTI5Ng==,MDEwOlJlcG9zaXRvcnk0MjQ4OTgyOQ==,MDEwOlJlcG9zaXRvcnk0Mjc2NjI5NQ==,MDEwOlJlcG9zaXRvcnk0MjkyMzA1NQ==,MDEwOlJlcG9zaXRvcnk0MzMyODQwMA==,MDEwOlJlcG9zaXRvcnk0MzgxNjQ1OA==,MDEwOlJlcG9zaXRvcnk0NDM0NDYwNg==,MDEwOlJlcG9zaXRvcnk0NDM2OTU5,MDEwOlJlcG9zaXRvcnk0NDk3NjU5MA==,MDEwOlJlcG9zaXRvcnk0NTA3MTE1Ng==,MDEwOlJlcG9zaXRvcnk0NTEwMzU=,MDEwOlJlcG9zaXRvcnk0NTQ3MTk4OA==,MDEwOlJlcG9zaXRvcnk0NTU1ODk0,MDEwOlJlcG9zaXRvcnk0NTc1OTk3Nw==,MDEwOlJlcG9zaXRvcnk0NjUyODky,MDEwOlJlcG9zaXRvcnk0NjY0MTI1MA==,MDEwOlJlcG9zaXRvcnk0Njc1NjQ0Nw==,MDEwOlJlcG9zaXRvcnk0NzIzMTcxNw==,MDEwOlJlcG9zaXRvcnk0NzMxNTU=,MDEwOlJlcG9zaXRvcnk0ODA4Mjgx,MDEwOlJlcG9zaXRvcnk0ODEwOTIzOQ==,MDEwOlJlcG9zaXRvcnk0ODI0Mjk5MA==,MDEwOlJlcG9zaXRvcnk0ODM5MTM=,MDEwOlJlcG9zaXRvcnk0ODMyODk3,MDEwOlJlcG9zaXRvcnk0ODc2OTI0MQ==,MDEwOlJlcG9zaXRvcnk0ODc3MzIx,MDEwOlJlcG9zaXRvcnk0ODcwMTA0Mg==,MDEwOlJlcG9zaXRvcnk0ODgzMzkxMA==,MDEwOlJlcG9zaXRvcnk0OTQyNjMyMA==,MDEwOlJlcG9zaXRvcnk1MDA3Njc1,MDEwOlJlcG9zaXRvcnk1MDIxMTE1NQ==,MDEwOlJlcG9zaXRvcnk1MDU5NDMxNg==,MDEwOlJlcG9zaXRvcnk1MDYxNzQyOA==,MDEwOlJlcG9zaXRvcnk1MTA1MTc=,MDEwOlJlcG9zaXRvcnk1MTUyNzE4,MDEwOlJlcG9zaXRvcnk1MTYwNzA2,MDEwOlJlcG9zaXRvcnk1MjI0ODg5,MDEwOlJlcG9zaXRvcnk1MjUyNDY5Ng==,MDEwOlJlcG9zaXRvcnk1MzE2MDY4,MDEwOlJlcG9zaXRvcnk1MzIxMTk=,MDEwOlJlcG9zaXRvcnk1MzIyMzM3Nw==,MDEwOlJlcG9zaXRvcnk1MzYzMTk0NQ==,MDEwOlJlcG9zaXRvcnk1NDE2ODc1OQ==,MDEwOlJlcG9zaXRvcnk1NDQwMDY4Nw==,MDEwOlJlcG9zaXRvcnk1NDk2Nzg2OA==,MDEwOlJlcG9zaXRvcnk1NTA3MzYxNA==,MDEwOlJlcG9zaXRvcnk1NTQzMTM=,MDEwOlJlcG9zaXRvcnk1NTgyNjA1,MDEwOlJlcG9zaXRvcnk1NzM0NTU=,MDEwOlJlcG9zaXRvcnk1NzQ3MTcz,MDEwOlJlcG9zaXRvcnk1ODE4NTE4,MDEwOlJlcG9zaXRvcnk1ODE5MTk=,MDEwOlJlcG9zaXRvcnk1ODE5ODA=,MDEwOlJlcG9zaXRvcnk1OTAxODYyNQ==,MDEwOlJlcG9zaXRvcnk1OTExMjI1,MDEwOlJlcG9zaXRvcnk1OTM5NzM4NQ==,MDEwOlJlcG9zaXRvcnk1OTQzNTM2NA==,MDEwOlJlcG9zaXRvcnk1OTg1MTk=,MDEwOlJlcG9zaXRvcnk1OTg5NjE3OA==,MDEwOlJlcG9zaXRvcnk2MTE4MzI=,MDEwOlJlcG9zaXRvcnk2MTIwNDU0Nw==,MDEwOlJlcG9zaXRvcnk2MTY2Nzk5MA==,MDEwOlJlcG9zaXRvcnk2MTc2MDE5OA==,MDEwOlJlcG9zaXRvcnk2MjY3MTY3MA==,MDEwOlJlcG9zaXRvcnk2NDAyODAw,MDEwOlJlcG9zaXRvcnk2NDcxMDU=,MDEwOlJlcG9zaXRvcnk2NDg0MTQ=,MDEwOlJlcG9zaXRvcnk2NDk5NDc4,MDEwOlJlcG9zaXRvcnk2NTAxOTUxMw==,MDEwOlJlcG9zaXRvcnk2NTI1Mg==,MDEwOlJlcG9zaXRvcnk2NjA4OTM2OA==,MDEwOlJlcG9zaXRvcnk2NjQ3MTY=,MDEwOlJlcG9zaXRvcnk2NzA0NjUx,MDEwOlJlcG9zaXRvcnk2NzAzMjU0NA==,MDEwOlJlcG9zaXRvcnk2NzQ1MQ==,MDEwOlJlcG9zaXRvcnk2NzgzMTY0,MDEwOlJlcG9zaXRvcnk2ODg3ODEz,MDEwOlJlcG9zaXRvcnk2OTY5MjAwMg==,MDEwOlJlcG9zaXRvcnk2OTg1NTA4Ng==,MDEwOlJlcG9zaXRvcnk3MDI5NzQ2OQ==,MDEwOlJlcG9zaXRvcnk3MTAxOQ==,MDEwOlJlcG9zaXRvcnk3MTI1MzA=,MDEwOlJlcG9zaXRvcnk3MTU0MjEyNg==,MDEwOlJlcG9zaXRvcnk3MjExNTY5Nw==,MDEwOlJlcG9zaXRvcnk3MjI5OTcyOQ==,MDEwOlJlcG9zaXRvcnk3MjU3MzYxNw==,MDEwOlJlcG9zaXRvcnk3Mjk5MQ==,MDEwOlJlcG9zaXRvcnk3MzA4MDA3,MDEwOlJlcG9zaXRvcnk3MzA5OTcyNQ==,MDEwOlJlcG9zaXRvcnk3MzM0MDc3,MDEwOlJlcG9zaXRvcnk3NDE1NTkyMw==,MDEwOlJlcG9zaXRvcnk3NDcwOTM5MQ==,MDEwOlJlcG9zaXRvcnk3NTc0MTA4,MDEwOlJlcG9zaXRvcnk3NTgyMTQzMg==,MDEwOlJlcG9zaXRvcnk3NjY5NDUxNQ==,MDEwOlJlcG9zaXRvcnk3Njk3ODI1NA==,MDEwOlJlcG9zaXRvcnk3OTM1Mg==,MDEwOlJlcG9zaXRvcnk3OTg5ODQxMg==,MDEwOlJlcG9zaXRvcnk4MDI5NDkxOA==,MDEwOlJlcG9zaXRvcnk4MDM4ODI3Mg==,MDEwOlJlcG9zaXRvcnk4MDUxODc=,MDEwOlJlcG9zaXRvcnk4MDY3NDE3OQ==,MDEwOlJlcG9zaXRvcnk4MDYwOTYwNw==,MDEwOlJlcG9zaXRvcnk4MDcxMTkzMw==,MDEwOlJlcG9zaXRvcnk4MTA3OTY=,MDEwOlJlcG9zaXRvcnk4MTExNjAwMg==,MDEwOlJlcG9zaXRvcnk4MTIxNTY=,MDEwOlJlcG9zaXRvcnk4MTQ2MTcyMw==,MDEwOlJlcG9zaXRvcnk4MTU3MTQ2Nw==,MDEwOlJlcG9zaXRvcnk4MTYwOTcxNQ==,MDEwOlJlcG9zaXRvcnk4MTYxOTc=,MDEwOlJlcG9zaXRvcnk4MjA5MDM=,MDEwOlJlcG9zaXRvcnk4MjMzMDc2OQ==,MDEwOlJlcG9zaXRvcnk4MjUyNzYw,MDEwOlJlcG9zaXRvcnk4MzA1MDY4MA==,MDEwOlJlcG9zaXRvcnk4MzA1NTM=,MDEwOlJlcG9zaXRvcnk4MzE1NjIz,MDEwOlJlcG9zaXRvcnk4NDE0MDYzNw==,MDEwOlJlcG9zaXRvcnk4NDI0MDQw,MDEwOlJlcG9zaXRvcnk4NDM3NjU1MQ==,MDEwOlJlcG9zaXRvcnk4NDQyNDI2OQ==,MDEwOlJlcG9zaXRvcnk4NDcyMjkxMw==,MDEwOlJlcG9zaXRvcnk4NDcyNDE3,MDEwOlJlcG9zaXRvcnk4NTAzMTQ0Mg==,MDEwOlJlcG9zaXRvcnk4NTMxMjczNA==,MDEwOlJlcG9zaXRvcnk4NjQ2NDc0Mw==,MDEwOlJlcG9zaXRvcnk4NjcwODIwMQ==,MDEwOlJlcG9zaXRvcnk4NzM4MDQ4Mw==,MDEwOlJlcG9zaXRvcnk4ODU2MTEwMw==,MDEwOlJlcG9zaXRvcnk4ODUxOTM4OQ==,MDEwOlJlcG9zaXRvcnk4ODc0MDEwMw==,MDEwOlJlcG9zaXRvcnk4ODc2MDYxNA==,MDEwOlJlcG9zaXRvcnk4ODc4ODA=,MDEwOlJlcG9zaXRvcnk4OTE2MzY=,MDEwOlJlcG9zaXRvcnk4OTkyMTgwMQ==,MDEwOlJlcG9zaXRvcnk5MDEzNjUwNA==,MDEwOlJlcG9zaXRvcnk5MDYxNTA=,MDEwOlJlcG9zaXRvcnk5MDc5MzQxOA==,MDEwOlJlcG9zaXRvcnk5MTE3NjU=,MDEwOlJlcG9zaXRvcnk5MTIzMzk=,MDEwOlJlcG9zaXRvcnk5MTgyMTY=,MDEwOlJlcG9zaXRvcnk5MjI1ODA4Ng==,MDEwOlJlcG9zaXRvcnk5MjMzMDc0Nw==,MDEwOlJlcG9zaXRvcnk5MjQ1NTE=,MDEwOlJlcG9zaXRvcnk5MzE3OTc5MQ==,MDEwOlJlcG9zaXRvcnk5MzExMzU=,MDEwOlJlcG9zaXRvcnk5MzYzNDM=,MDEwOlJlcG9zaXRvcnk5Mzg2OTM=,MDEwOlJlcG9zaXRvcnk5Mzg5MTcwMQ==,MDEwOlJlcG9zaXRvcnk5MzkwNDMw,MDEwOlJlcG9zaXRvcnk5NDA2MTMwNw==,MDEwOlJlcG9zaXRvcnk5NDE4NjM3,MDEwOlJlcG9zaXRvcnk5NDI2Nzg1NA==,MDEwOlJlcG9zaXRvcnk5NTYzMzM=,MDEwOlJlcG9zaXRvcnk5NTgwODA3NA==,MDEwOlJlcG9zaXRvcnk5NjM3NTI=,MDEwOlJlcG9zaXRvcnk5NzA3MzAxMQ==,MDEwOlJlcG9zaXRvcnk5Nzc3MzQyNw==,MDEwOlJlcG9zaXRvcnk5ODEyMjc3Mw==,MDEwOlJlcG9zaXRvcnk5ODI5NTg=,MDEwOlJlcG9zaXRvcnk5ODc2NDgyMg==,MDEwOlJlcG9zaXRvcnk5OTUwNjUyNA==,MDEwOlJlcG9zaXRvcnkxMDA0NzAwNzM=,MDEwOlJlcG9zaXRvcnkxMDAwMzczNzU=,MDEwOlJlcG9zaXRvcnkxMDEyOTY4ODE=,MDEwOlJlcG9zaXRvcnkxMDIwMzA4ODM=,MDEwOlJlcG9zaXRvcnkxMDM4MjkwNDI=,MDEwOlJlcG9zaXRvcnkxMDMyNjkyMjU=,MDEwOlJlcG9zaXRvcnkxMDQ3MzUx,MDEwOlJlcG9zaXRvcnkxMDQ3OTY3NzA=,MDEwOlJlcG9zaXRvcnkxMDU2Nzc2ODc=,MDEwOlJlcG9zaXRvcnkxMDY3NjY2,MDEwOlJlcG9zaXRvcnkxMDYxMjU5,MDEwOlJlcG9zaXRvcnkxMDYyODk3,MDEwOlJlcG9zaXRvcnkxMDc5MzIxNzY=,MDEwOlJlcG9zaXRvcnkxMDcyNzEz,MDEwOlJlcG9zaXRvcnkxMDczMjA0,MDEwOlJlcG9zaXRvcnkxMDg2NTYw,MDEwOlJlcG9zaXRvcnkxMDg3MzMyMzQ=,MDEwOlJlcG9zaXRvcnkxMDg3NjE2NDU=,MDEwOlJlcG9zaXRvcnkxMDgzNTI3,MDEwOlJlcG9zaXRvcnkxMDgzNzE5MDQ=,MDEwOlJlcG9zaXRvcnkxMDk4NzI2MjA=,MDEwOlJlcG9zaXRvcnkxMDkyOTEwMDc=,MDEwOlJlcG9zaXRvcnkxMDkzMzQ2,MDEwOlJlcG9zaXRvcnkxMDkzNDMwOTg=,MDEwOlJlcG9zaXRvcnkxMTA0NzY5,MDEwOlJlcG9zaXRvcnkxMTAwOTM2NjM=,MDEwOlJlcG9zaXRvcnkxMTAxNTI5MzY=,MDEwOlJlcG9zaXRvcnkxMTE2NjE2,MDEwOlJlcG9zaXRvcnkxMTE5NjQ1OTg=,MDEwOlJlcG9zaXRvcnkxMTEyMzYyMjY=,MDEwOlJlcG9zaXRvcnkxMTEyNTU4OQ==,MDEwOlJlcG9zaXRvcnkxMTEyOTg5MQ==,MDEwOlJlcG9zaXRvcnkxMTI1MzQ2NTE=,MDEwOlJlcG9zaXRvcnkxMTI5MDEw,MDEwOlJlcG9zaXRvcnkxMTIyNTM0,MDEwOlJlcG9zaXRvcnkxMTIzNzU2,MDEwOlJlcG9zaXRvcnkxMTM0MDU1OQ==,MDEwOlJlcG9zaXRvcnkxMTM1MDE4,MDEwOlJlcG9zaXRvcnkxMTM2ODg5NzA=,MDEwOlJlcG9zaXRvcnkxMTM3Njcx,MDEwOlJlcG9zaXRvcnkxMTM4MDIw,MDEwOlJlcG9zaXRvcnkxMTM4Mzgx,MDEwOlJlcG9zaXRvcnkxMTQ3OTE=,MDEwOlJlcG9zaXRvcnkxMTQwMzkzNQ==,MDEwOlJlcG9zaXRvcnkxMTU1ODYz,MDEwOlJlcG9zaXRvcnkxMTU4NTk5NzM=,MDEwOlJlcG9zaXRvcnkxMTUyMjkxMzQ=,MDEwOlJlcG9zaXRvcnkxMTY5OTE4Mzg=,MDEwOlJlcG9zaXRvcnkxMTc4MjgzNTg=,MDEwOlJlcG9zaXRvcnkxMTcxNTc1Mw==,MDEwOlJlcG9zaXRvcnkxMTcyNjQw,MDEwOlJlcG9zaXRvcnkxMTg4Mjg2NzU=,MDEwOlJlcG9zaXRvcnkxMTg5NzA5MTQ=,MDEwOlJlcG9zaXRvcnkxMTk2MzcyMTU=,MDEwOlJlcG9zaXRvcnkxMTk4NzEzNzg=,MDEwOlJlcG9zaXRvcnkxMTkwODk5NDk=,MDEwOlJlcG9zaXRvcnkxMTkxMTU0MDY=,MDEwOlJlcG9zaXRvcnkxMTkyNDY2MDQ=,MDEwOlJlcG9zaXRvcnkxMjA1MTkyNjk=,MDEwOlJlcG9zaXRvcnkxMjA1OTAwMjU=,MDEwOlJlcG9zaXRvcnkxMjA5NTA1MTI=,MDEwOlJlcG9zaXRvcnkxMjAyMDc2MzA=,MDEwOlJlcG9zaXRvcnkxMjAyMTkwNDU=,MDEwOlJlcG9zaXRvcnkxMjAyMjQyMDU=,MDEwOlJlcG9zaXRvcnkxMjE0MTIzMTE=,MDEwOlJlcG9zaXRvcnkxMjE4Mjg=,MDEwOlJlcG9zaXRvcnkxMjI3NTA1MDI=,MDEwOlJlcG9zaXRvcnkxMjI4MDA5NDI=,MDEwOlJlcG9zaXRvcnkxMjI5MjM4ODg=,MDEwOlJlcG9zaXRvcnkxMjIwMDU3,MDEwOlJlcG9zaXRvcnkxMjIwNzQw,MDEwOlJlcG9zaXRvcnkxMjIxMzA5,MDEwOlJlcG9zaXRvcnkxMjM0MDU1OTA=,MDEwOlJlcG9zaXRvcnkxMjM0NzE0,MDEwOlJlcG9zaXRvcnkxMjM2MjgzMDg=,MDEwOlJlcG9zaXRvcnkxMjQyMTk2NDQ=,MDEwOlJlcG9zaXRvcnkxMjU0Nzk3,MDEwOlJlcG9zaXRvcnkxMjU1NjMwNjE=,MDEwOlJlcG9zaXRvcnkxMjU3NTcwMjI=,MDEwOlJlcG9zaXRvcnkxMjUxODkzNzg=,MDEwOlJlcG9zaXRvcnkxMjY1NjgwMw==,MDEwOlJlcG9zaXRvcnkxMjY4NTc5ODg=,MDEwOlJlcG9zaXRvcnkxMjYwMTQ3Mzk=,MDEwOlJlcG9zaXRvcnkxMjc1NTM0NzY=,MDEwOlJlcG9zaXRvcnkxMjc2ODQ3NTk=,MDEwOlJlcG9zaXRvcnkxMjc3ODI2NTM=,MDEwOlJlcG9zaXRvcnkxMjc3OTQ1NQ==,MDEwOlJlcG9zaXRvcnkxMjg4ODk5Mw==,MDEwOlJlcG9zaXRvcnkxMjgxNzA1MTk=,MDEwOlJlcG9zaXRvcnkxMzA0NjQ5NjE=,MDEwOlJlcG9zaXRvcnkxMzE1MTY3,MDEwOlJlcG9zaXRvcnkxMzE3MTAxMDI=,MDEwOlJlcG9zaXRvcnkxMzEwMDY3Nw==,MDEwOlJlcG9zaXRvcnkxMzExMjc0NQ==,MDEwOlJlcG9zaXRvcnkxMzI2MjUzNDY=,MDEwOlJlcG9zaXRvcnkxMzI5MTkzNDM=,MDEwOlJlcG9zaXRvcnkxMzM0MzY5,MDEwOlJlcG9zaXRvcnkxMzM0NDIzODQ=,MDEwOlJlcG9zaXRvcnkxMzM1NzE2OTk=,MDEwOlJlcG9zaXRvcnkxMzMwNDY3Mw==,MDEwOlJlcG9zaXRvcnkxMzMzODYz,MDEwOlJlcG9zaXRvcnkxMzQwOTg0Mg==,MDEwOlJlcG9zaXRvcnkxMzU0NjMxMjI=,MDEwOlJlcG9zaXRvcnkxMzUwNjg2NDQ=,MDEwOlJlcG9zaXRvcnkxMzUzMjE4NjE=,MDEwOlJlcG9zaXRvcnkxMzY4MDU2MDU=,MDEwOlJlcG9zaXRvcnkxMzYwNjgw,MDEwOlJlcG9zaXRvcnkxMzYyNDYxODc=,MDEwOlJlcG9zaXRvcnkxMzg1NTQ3Ng==,MDEwOlJlcG9zaXRvcnkxMzgzMTI=,MDEwOlJlcG9zaXRvcnkxMzkxNzI5,MDEwOlJlcG9zaXRvcnkxNDE2NDYxOA==,MDEwOlJlcG9zaXRvcnkxNDEwNjkw,MDEwOlJlcG9zaXRvcnkxNDExMDY0ODk=,MDEwOlJlcG9zaXRvcnkxNDEzMTQyNTA=,MDEwOlJlcG9zaXRvcnkxNDEzNDUzNA==,MDEwOlJlcG9zaXRvcnkxNDM3NTE1NjE=,MDEwOlJlcG9zaXRvcnkxNDM3NjI4NQ==,MDEwOlJlcG9zaXRvcnkxNDMxNjIzMzI=,MDEwOlJlcG9zaXRvcnkxNDQ5NzQyOQ==,MDEwOlJlcG9zaXRvcnkxNDQxNDAzNDI=,MDEwOlJlcG9zaXRvcnkxNDU1NzQxOTc=,MDEwOlJlcG9zaXRvcnkxNDU1ODQwMDI=,MDEwOlJlcG9zaXRvcnkxNDU3ODIxMjY=,MDEwOlJlcG9zaXRvcnkxNDUyNDg3NTE=,MDEwOlJlcG9zaXRvcnkxNDY1NjMwMTQ=,MDEwOlJlcG9zaXRvcnkxNDY5OTQ4OQ==,MDEwOlJlcG9zaXRvcnkxNDYzNjg4NTU=,MDEwOlJlcG9zaXRvcnkxNDc0MzEz,MDEwOlJlcG9zaXRvcnkxNDc5NDAz,MDEwOlJlcG9zaXRvcnkxNDczNTA0NjM=,MDEwOlJlcG9zaXRvcnkxNDg5MTc=,MDEwOlJlcG9zaXRvcnkxNDgwMDc=,MDEwOlJlcG9zaXRvcnkxNDkyNDk0MzI=,MDEwOlJlcG9zaXRvcnkxNDkzMjc1,MDEwOlJlcG9zaXRvcnkxNTA0NjE3Mg==,MDEwOlJlcG9zaXRvcnkxNTA2Mjg2OQ==,MDEwOlJlcG9zaXRvcnkxNTA5MTE1MzA=,MDEwOlJlcG9zaXRvcnkxNTAwNzA2Mg==,MDEwOlJlcG9zaXRvcnkxNTE2MDAzNzM=,MDEwOlJlcG9zaXRvcnkxNTI1Nzg0,MDEwOlJlcG9zaXRvcnkxNTI5MTYw,MDEwOlJlcG9zaXRvcnkxNTI5NzU4ODM=,MDEwOlJlcG9zaXRvcnkxNTM5Nzg3,MDEwOlJlcG9zaXRvcnkxNTU5NDY0MA==,MDEwOlJlcG9zaXRvcnkxNTUwMTI2NzE=,MDEwOlJlcG9zaXRvcnkxNTUwNDE0ODE=,MDEwOlJlcG9zaXRvcnkxNTY3NTIxNTg=,MDEwOlJlcG9zaXRvcnkxNTczMTgwMDA=,MDEwOlJlcG9zaXRvcnkxNTg5NDUwMTQ=,MDEwOlJlcG9zaXRvcnkxNTgwMjQ0OTU=,MDEwOlJlcG9zaXRvcnkxNTgyMjUwODg=,MDEwOlJlcG9zaXRvcnkxNTk1MDk3Mg==,MDEwOlJlcG9zaXRvcnkxNTk1Nzcy,MDEwOlJlcG9zaXRvcnkxNTk1ODg4,MDEwOlJlcG9zaXRvcnkxNTkyMzcwNTE=,MDEwOlJlcG9zaXRvcnkxNjA3MjU4NQ==,MDEwOlJlcG9zaXRvcnkxNjA3NjMzODI=,MDEwOlJlcG9zaXRvcnkxNjEwOTIwNg==,MDEwOlJlcG9zaXRvcnkxNjM3MjIzNDk=,MDEwOlJlcG9zaXRvcnkxNjQyMDEzNTc=,MDEwOlJlcG9zaXRvcnkxNjU0OTUwMw==,MDEwOlJlcG9zaXRvcnkxNjU5NTE3NTA=,MDEwOlJlcG9zaXRvcnkxNjY2NjcwNDA=,MDEwOlJlcG9zaXRvcnkxNjc0NTU2MDU=,MDEwOlJlcG9zaXRvcnkxNjc3NjY4MzU=,MDEwOlJlcG9zaXRvcnkxNjcxMjIxOA==,MDEwOlJlcG9zaXRvcnkxNjcxNzQ=,MDEwOlJlcG9zaXRvcnkxNjg3MTIzNTA=,MDEwOlJlcG9zaXRvcnkxNjk0NTgyODg=,MDEwOlJlcG9zaXRvcnkxNjkyNzY5Mg==,MDEwOlJlcG9zaXRvcnkxNzAyMzYyMzI=,MDEwOlJlcG9zaXRvcnkxNzAzNDMzMDE=,MDEwOlJlcG9zaXRvcnkxNzE4OTEw,MDEwOlJlcG9zaXRvcnkxNzI0NjU0,MDEwOlJlcG9zaXRvcnkxNzI1MjE5MjY=,MDEwOlJlcG9zaXRvcnkxNzI3NTExMTk=,MDEwOlJlcG9zaXRvcnkxNzI5NTM4NDU=,MDEwOlJlcG9zaXRvcnkxNzM1MTI4,MDEwOlJlcG9zaXRvcnkxNzM4ODc4NTk=,MDEwOlJlcG9zaXRvcnkxNzM5NzA2Mjc=,MDEwOlJlcG9zaXRvcnkxNzQ4MDg2MTI=,MDEwOlJlcG9zaXRvcnkxNzU4Mzk5MTM=,MDEwOlJlcG9zaXRvcnkxNzU4NTU2Njc=,MDEwOlJlcG9zaXRvcnkxNzYzMTAyMzg=,MDEwOlJlcG9zaXRvcnkxNzcwNDk2NDU=,MDEwOlJlcG9zaXRvcnkxNzg5MzI0OTI=,MDEwOlJlcG9zaXRvcnkxNzgzMjI3NjI=,MDEwOlJlcG9zaXRvcnkxODA5ODk1,MDEwOlJlcG9zaXRvcnkxODE5NzQ0MzA=,MDEwOlJlcG9zaXRvcnkxODEyMzA5ODI=,MDEwOlJlcG9zaXRvcnkxODIwMDY1NzM=,MDEwOlJlcG9zaXRvcnkxODIwNjc1MDY=,MDEwOlJlcG9zaXRvcnkxODU2ODE4NzI=,MDEwOlJlcG9zaXRvcnkxODU3Nzg5NjQ=,MDEwOlJlcG9zaXRvcnkxODU5MTM4MDk=,MDEwOlJlcG9zaXRvcnkxODc0MDM2OTk=,MDEwOlJlcG9zaXRvcnkxODczNjcxNQ==,MDEwOlJlcG9zaXRvcnkxODg0ODYxODI=,MDEwOlJlcG9zaXRvcnkxODg4OTUwOTk=,MDEwOlJlcG9zaXRvcnkxODk0NzY5MDQ=,MDEwOlJlcG9zaXRvcnkxOTE0MDU=,MDEwOlJlcG9zaXRvcnkxOTEwODc1Mjc=,MDEwOlJlcG9zaXRvcnkxOTI1OTYzMjA=,MDEwOlJlcG9zaXRvcnkxOTUzMzg1,MDEwOlJlcG9zaXRvcnkxOTY3MDE2MTk=,MDEwOlJlcG9zaXRvcnkxOTc4MDkyNTA=,MDEwOlJlcG9zaXRvcnkxOTcxMjkwMjA=,MDEwOlJlcG9zaXRvcnkxOTg3Mjc4OTc=,MDEwOlJlcG9zaXRvcnkxOTk3MTI2NDM=,MDEwOlJlcG9zaXRvcnkyMDA1MDA5,MDEwOlJlcG9zaXRvcnkyMDAwMzY2OTI=,MDEwOlJlcG9zaXRvcnkyMDE1ODQxNzY=,MDEwOlJlcG9zaXRvcnkyMDEwNDA5,MDEwOlJlcG9zaXRvcnkyMDEwNDE0,MDEwOlJlcG9zaXRvcnkyMDExNjQ3,MDEwOlJlcG9zaXRvcnkyMDI5MjczOTU=,MDEwOlJlcG9zaXRvcnkyMDIwODcy,MDEwOlJlcG9zaXRvcnkyMDUxOTMwNTU=,MDEwOlJlcG9zaXRvcnkyMDY2OTAzMzA=,MDEwOlJlcG9zaXRvcnkyMDY4NDI2MTA=,MDEwOlJlcG9zaXRvcnkyMDc2NDUwODM=,MDEwOlJlcG9zaXRvcnkyMDc4MTQ5,MDEwOlJlcG9zaXRvcnkyMDc4NzEyMg==,MDEwOlJlcG9zaXRvcnkyMDg0MjEyMjU=,MDEwOlJlcG9zaXRvcnkyMDg3MTIwNzk=,MDEwOlJlcG9zaXRvcnkyMDg5NjY5,MDEwOlJlcG9zaXRvcnkyMDgyMDc2,MDEwOlJlcG9zaXRvcnkyMDk2Njc0NTg=,MDEwOlJlcG9zaXRvcnkyMDk3MzE2NjI=,MDEwOlJlcG9zaXRvcnkyMTAzNDcxNDM=,MDEwOlJlcG9zaXRvcnkyMTExMjQ2OTc=,MDEwOlJlcG9zaXRvcnkyMTI0NzM1Mjk=,MDEwOlJlcG9zaXRvcnkyMTI2MjQ0,MDEwOlJlcG9zaXRvcnkyMTI4NzQ0NDU=,MDEwOlJlcG9zaXRvcnkyMTIwMTA=,MDEwOlJlcG9zaXRvcnkyMTM5NzU4MQ==,MDEwOlJlcG9zaXRvcnkyMTQ1ODcxOTM=,MDEwOlJlcG9zaXRvcnkyMTU1NjY0NjI=,MDEwOlJlcG9zaXRvcnkyMTYxMjQ0MDc=,MDEwOlJlcG9zaXRvcnkyMTgzOTk5MzI=,MDEwOlJlcG9zaXRvcnkyMjAxMDUy,MDEwOlJlcG9zaXRvcnkyMjAyNTMyOA==,MDEwOlJlcG9zaXRvcnkyMjE2NTA3,MDEwOlJlcG9zaXRvcnkyMjEyNDk1NzE=,MDEwOlJlcG9zaXRvcnkyMjQxMTQzMzk=,MDEwOlJlcG9zaXRvcnkyMjQyMDg2,MDEwOlJlcG9zaXRvcnkyMjY1MTE2OTQ=,MDEwOlJlcG9zaXRvcnkyMjY3NDIyNjI=,MDEwOlJlcG9zaXRvcnkyMjc1Njc1MzI=,MDEwOlJlcG9zaXRvcnkyMjc2NTIwOTM=,MDEwOlJlcG9zaXRvcnkyMjg0MjQ2NjE=,MDEwOlJlcG9zaXRvcnkyMjgyNTYzMQ==,MDEwOlJlcG9zaXRvcnkyMjk2MTU5OTI=,MDEwOlJlcG9zaXRvcnkyMjk2NTk2NjI=,MDEwOlJlcG9zaXRvcnkyMjk4MjcyOTk=,MDEwOlJlcG9zaXRvcnkyMzAwODg4Njg=,MDEwOlJlcG9zaXRvcnkyMzAxMDE3,MDEwOlJlcG9zaXRvcnkyMzEyODM0NTI=,MDEwOlJlcG9zaXRvcnkyMzI5MTgwNjM=,MDEwOlJlcG9zaXRvcnkyMzMxMzAwODk=,MDEwOlJlcG9zaXRvcnkyMzMxNTcyNDY=,MDEwOlJlcG9zaXRvcnkyMzQ3NDE2NjA=,MDEwOlJlcG9zaXRvcnkyMzU5MDE4MTM=,MDEwOlJlcG9zaXRvcnkyMzc2NDcyNTg=,MDEwOlJlcG9zaXRvcnkyMzc5OTEyNDA=,MDEwOlJlcG9zaXRvcnkyMzcyMjI2MTk=,MDEwOlJlcG9zaXRvcnkyMzcyMjIzMDM=,MDEwOlJlcG9zaXRvcnkyMzg1NjM3NTE=,MDEwOlJlcG9zaXRvcnkyMzg3OTc4NjA=,MDEwOlJlcG9zaXRvcnkyMzk2MzMxNTE=,MDEwOlJlcG9zaXRvcnkyMzk3MDUxOTI=,MDEwOlJlcG9zaXRvcnkyMzkxMDg0MQ==,MDEwOlJlcG9zaXRvcnkyNDE0Mzkx,MDEwOlJlcG9zaXRvcnkyNDEwMTc4,MDEwOlJlcG9zaXRvcnkyNDEzNTA2,MDEwOlJlcG9zaXRvcnkyNDI1ODE3NzA=,MDEwOlJlcG9zaXRvcnkyNDI1ODQwNTA=,MDEwOlJlcG9zaXRvcnkyNDI3NjUyODA=,MDEwOlJlcG9zaXRvcnkyNDIxMjk1MTY=,MDEwOlJlcG9zaXRvcnkyNDM2MjU1,MDEwOlJlcG9zaXRvcnkyNDM2NzU1OTE=,MDEwOlJlcG9zaXRvcnkyNDM5NDgyNzc=,MDEwOlJlcG9zaXRvcnkyNDMxMDU2,MDEwOlJlcG9zaXRvcnkyNDQ3MjU0MDI=,MDEwOlJlcG9zaXRvcnkyNDQxNTE3,MDEwOlJlcG9zaXRvcnkyNDU3MDQ2MDg=,MDEwOlJlcG9zaXRvcnkyNDY4NTYxNzM=,MDEwOlJlcG9zaXRvcnkyNDYwNzk5Mjk=,MDEwOlJlcG9zaXRvcnkyNDcwMzI2MjE=,MDEwOlJlcG9zaXRvcnkyNDg0MTYzNQ==,MDEwOlJlcG9zaXRvcnkyNDg5MTA3Mw==,MDEwOlJlcG9zaXRvcnkyNDgwMjY0NA==,MDEwOlJlcG9zaXRvcnkyNDk4NDI0NzY=,MDEwOlJlcG9zaXRvcnkyNTA0MTI0MzQ=,MDEwOlJlcG9zaXRvcnkyNTI3MzIyOA==,MDEwOlJlcG9zaXRvcnkyNTM1Nzg3,MDEwOlJlcG9zaXRvcnkyNTMyNjY2NTM=,MDEwOlJlcG9zaXRvcnkyNTQ3MzQ1NTA=,MDEwOlJlcG9zaXRvcnkyNTU2NjQ5,MDEwOlJlcG9zaXRvcnkyNTYxNTgy,MDEwOlJlcG9zaXRvcnkyNTcwNDczOTc=,MDEwOlJlcG9zaXRvcnkyNTczMDU4,MDEwOlJlcG9zaXRvcnkyNTg3Mjg0MQ==,MDEwOlJlcG9zaXRvcnkyNTg4MzEzODE=,MDEwOlJlcG9zaXRvcnkyNTgzMDcwMDA=,MDEwOlJlcG9zaXRvcnkyNTk2NTQ4Nzg=,MDEwOlJlcG9zaXRvcnkyNTkxNDc4ODk=,MDEwOlJlcG9zaXRvcnkyNjA3MzMyOTk=,MDEwOlJlcG9zaXRvcnkyNjA5Mjg3NDI=,MDEwOlJlcG9zaXRvcnkyNjI3MTU4NDg=,MDEwOlJlcG9zaXRvcnkyNjM2ODQyMg==,MDEwOlJlcG9zaXRvcnkyNjMxNTczNzQ=,MDEwOlJlcG9zaXRvcnkyNjQ3MzE2NQ==,MDEwOlJlcG9zaXRvcnkyNjUwMDc4Nw==,MDEwOlJlcG9zaXRvcnkyNjUxNzgzNw==,MDEwOlJlcG9zaXRvcnkyNjY1NzQyMTE=,MDEwOlJlcG9zaXRvcnkyNjY5MjcyMjQ=,MDEwOlJlcG9zaXRvcnkyNjYxNDk4MA==,MDEwOlJlcG9zaXRvcnkyNjczNzQ4NzI=,MDEwOlJlcG9zaXRvcnkyNjg2MjMyNjI=,MDEwOlJlcG9zaXRvcnkyNjg2NjYxNzE=,MDEwOlJlcG9zaXRvcnkyNjg3OTQ4MTA=,MDEwOlJlcG9zaXRvcnkyNjgzNjE4Mg==,MDEwOlJlcG9zaXRvcnkyNjk0OTU1MDg=,MDEwOlJlcG9zaXRvcnkyNzAwMzI0NDk=,MDEwOlJlcG9zaXRvcnkyNzE4MjIxODg=,MDEwOlJlcG9zaXRvcnkyNzI0Mjg0NzQ=,MDEwOlJlcG9zaXRvcnkyNzI4NjEwNTc=,MDEwOlJlcG9zaXRvcnkyNzIwMTYyMzM=,MDEwOlJlcG9zaXRvcnkyNzM2NTU4NTM=,MDEwOlJlcG9zaXRvcnkyNzQ0Mjk2Nw==,MDEwOlJlcG9zaXRvcnkyNzQ0Nzk1MjA=,MDEwOlJlcG9zaXRvcnkyNzQzMzg1NzY=,MDEwOlJlcG9zaXRvcnkyNzUwMDI0Mw==,MDEwOlJlcG9zaXRvcnkyNzYyMDI2,MDEwOlJlcG9zaXRvcnkyNzc4Mzg4MDU=,MDEwOlJlcG9zaXRvcnkyNzc4ODQ3MQ==,MDEwOlJlcG9zaXRvcnkyNzg2MjI3NTI=,MDEwOlJlcG9zaXRvcnkyNzgyODc0NDA=,MDEwOlJlcG9zaXRvcnkyNzk1ODg1MjA=,MDEwOlJlcG9zaXRvcnkyNzk5NTYyNDQ=,MDEwOlJlcG9zaXRvcnkyODAwNTkxNDI=,MDEwOlJlcG9zaXRvcnkyODAyMjk3MDM=,MDEwOlJlcG9zaXRvcnkyODE2NzAzNzI=,MDEwOlJlcG9zaXRvcnkyODI5Mzg5MTI=,MDEwOlJlcG9zaXRvcnkyODQ2MzA2NTE=,MDEwOlJlcG9zaXRvcnkyODQzMDg0OTU=,MDEwOlJlcG9zaXRvcnkyODQzOA==,MDEwOlJlcG9zaXRvcnkyODU4NjQxOTk=,MDEwOlJlcG9zaXRvcnkyODY1MDAxMDE=,MDEwOlJlcG9zaXRvcnkyODc4NjQyNjU=,MDEwOlJlcG9zaXRvcnkyODczMzMwMjI=,MDEwOlJlcG9zaXRvcnkyODg2ODcyMzA=,MDEwOlJlcG9zaXRvcnkyODg2OTgxMTk=,MDEwOlJlcG9zaXRvcnkyODk1NzQ4,MDEwOlJlcG9zaXRvcnkyODk2NjIwODM=,MDEwOlJlcG9zaXRvcnkyODk4MjM5,MDEwOlJlcG9zaXRvcnkyODk5ODEyOTg=,MDEwOlJlcG9zaXRvcnkyOTA0OTU2OTc=,MDEwOlJlcG9zaXRvcnkyOTA5MzE4NjI=,MDEwOlJlcG9zaXRvcnkyOTAwMjE0OTA=,MDEwOlJlcG9zaXRvcnkyOTAyMzc5NjU=,MDEwOlJlcG9zaXRvcnkyOTE1MTU3OA==,MDEwOlJlcG9zaXRvcnkyOTE5OTg5NDk=,MDEwOlJlcG9zaXRvcnkyOTExNDM2Nw==,MDEwOlJlcG9zaXRvcnkyOTM4NzExODk=,MDEwOlJlcG9zaXRvcnkyOTQ2MDY2MDA=,MDEwOlJlcG9zaXRvcnkyOTQ2ODU2MDY=,MDEwOlJlcG9zaXRvcnkyOTQ5NzI=,MDEwOlJlcG9zaXRvcnkyOTU2NTE0MjM=,MDEwOlJlcG9zaXRvcnkyOTUwMzE2OTY=,MDEwOlJlcG9zaXRvcnkyOTcwNTg=,MDEwOlJlcG9zaXRvcnkyOTg2NTY2MDE=,MDEwOlJlcG9zaXRvcnkyOTg3NzU4,MDEwOlJlcG9zaXRvcnkyOTg4MjI2Mg==,MDEwOlJlcG9zaXRvcnkyOTg4OTg5OTI=,MDEwOlJlcG9zaXRvcnkyOTgwNzA5MDA=,MDEwOlJlcG9zaXRvcnkyOTgxNDc3NjY=,MDEwOlJlcG9zaXRvcnkyOTkxNjQ3Mzg=,MDEwOlJlcG9zaXRvcnkzMDA4NzQ4ODQ=,MDEwOlJlcG9zaXRvcnkzMDIwMzkzNQ==,MDEwOlJlcG9zaXRvcnkzMDIxMjMzODU=,MDEwOlJlcG9zaXRvcnkzMDMyMjM0MTE=,MDEwOlJlcG9zaXRvcnkzMDQyMTcwNzY=,MDEwOlJlcG9zaXRvcnkzMDQyMzc2NTg=,MDEwOlJlcG9zaXRvcnkzMDU4Nzcz,MDEwOlJlcG9zaXRvcnkzMDY1NTQ1OTI=,MDEwOlJlcG9zaXRvcnkzMDY5ODA3MzM=,MDEwOlJlcG9zaXRvcnkzMDc1MzYxMDc=,MDEwOlJlcG9zaXRvcnkzMDg3NzA=,MDEwOlJlcG9zaXRvcnkzMDgxNzI3NTc=,MDEwOlJlcG9zaXRvcnkzMDk0ODk5NDM=,MDEwOlJlcG9zaXRvcnkzMDk3ODE4ODQ=,MDEwOlJlcG9zaXRvcnkzMDkwMDk=,MDEwOlJlcG9zaXRvcnkzMTA0MjU4NQ==,MDEwOlJlcG9zaXRvcnkzMTI2NzAwMTU=,MDEwOlJlcG9zaXRvcnkzMTIyMzI3MDc=,MDEwOlJlcG9zaXRvcnkzMTM0NTM5NDE=,MDEwOlJlcG9zaXRvcnkzMTMwMjU2NTM=,MDEwOlJlcG9zaXRvcnkzMTMwNzU1MTY=,MDEwOlJlcG9zaXRvcnkzMTMzMzYxOA==,MDEwOlJlcG9zaXRvcnkzMTQyMDM0NTA=,MDEwOlJlcG9zaXRvcnkzMTU5MDc5NTQ=,MDEwOlJlcG9zaXRvcnkzMTYwODY3MDE=,MDEwOlJlcG9zaXRvcnkzMTYyMDI5Mg==,MDEwOlJlcG9zaXRvcnkzMTc4OTY1OA==,MDEwOlJlcG9zaXRvcnkzMTc5NTQyMg==,MDEwOlJlcG9zaXRvcnkzMTc5ODE3Mzg=,MDEwOlJlcG9zaXRvcnkzMTg4OTIyNDM=,MDEwOlJlcG9zaXRvcnkzMTkxNDg2OTY=,MDEwOlJlcG9zaXRvcnkzMTkyOTgyMDk=,MDEwOlJlcG9zaXRvcnkzMTkzNzAyNjM=,MDEwOlJlcG9zaXRvcnkzMjEyNzg=,MDEwOlJlcG9zaXRvcnkzMjI4NTA1,MDEwOlJlcG9zaXRvcnkzMjIwMTI1Nw==,MDEwOlJlcG9zaXRvcnkzMjM0MDQxOTI=,MDEwOlJlcG9zaXRvcnkzMjMwNDg3MDI=,MDEwOlJlcG9zaXRvcnkzMjQ4MTEwNjY=,MDEwOlJlcG9zaXRvcnkzMjg0OTI2MzY=,MDEwOlJlcG9zaXRvcnkzMjg2NjQ1NA==,MDEwOlJlcG9zaXRvcnkzMjg3ODYz,MDEwOlJlcG9zaXRvcnkzMjg4MzEyNDQ=,MDEwOlJlcG9zaXRvcnkzMjk0MTE2MjA=,MDEwOlJlcG9zaXRvcnkzMjkwMzAw,MDEwOlJlcG9zaXRvcnkzMzA0NTAzOA==,MDEwOlJlcG9zaXRvcnkzMzA2NjQ2MDg=,MDEwOlJlcG9zaXRvcnkzMzA4NTcxMTk=,MDEwOlJlcG9zaXRvcnkzMzI3NTA4NTk=,MDEwOlJlcG9zaXRvcnkzMzQ0MTY1ODY=,MDEwOlJlcG9zaXRvcnkzMzg0NTAzMjg=,MDEwOlJlcG9zaXRvcnkzMzk5NDM4MA==,MDEwOlJlcG9zaXRvcnkzNDA0MDYzMTM=,MDEwOlJlcG9zaXRvcnkzNDI4NTMy,MDEwOlJlcG9zaXRvcnkzNDI5NTEwNQ==,MDEwOlJlcG9zaXRvcnkzNDU5NjIyMTQ=,MDEwOlJlcG9zaXRvcnkzNDc3NzU5OTc=,MDEwOlJlcG9zaXRvcnkzNDc5ODM4NTY=,MDEwOlJlcG9zaXRvcnkzNDkwMTIzODc=,MDEwOlJlcG9zaXRvcnkzNTAwMzgyMg==,MDEwOlJlcG9zaXRvcnkzNTI3MjUzODU=,MDEwOlJlcG9zaXRvcnkzNTIxMDI0Mw==,MDEwOlJlcG9zaXRvcnkzNTIxMjAxNA==,MDEwOlJlcG9zaXRvcnkzNTM5NjgyNzg=,MDEwOlJlcG9zaXRvcnkzNTU0Mjk3Nzk=,MDEwOlJlcG9zaXRvcnkzNTUxNTg2Mg==,MDEwOlJlcG9zaXRvcnkzNTY3NDk5,MDEwOlJlcG9zaXRvcnkzNTc3NjE2MDM=,MDEwOlJlcG9zaXRvcnkzNTk0MTI3,MDEwOlJlcG9zaXRvcnkzNTk0OTIxOTE=,MDEwOlJlcG9zaXRvcnkzNjA3MTY5Nw==,MDEwOlJlcG9zaXRvcnkzNjA3OTQzNjg=,MDEwOlJlcG9zaXRvcnkzNjA5ODU0NTU=,MDEwOlJlcG9zaXRvcnkzNjEwNDQwMzQ=,MDEwOlJlcG9zaXRvcnkzNjIwMTk0,MDEwOlJlcG9zaXRvcnkzNjM0Njc4Nw==,MDEwOlJlcG9zaXRvcnkzNjQwNzQ2MzQ=,MDEwOlJlcG9zaXRvcnkzNjU3NzI=,MDEwOlJlcG9zaXRvcnkzNjUyNjM4NDM=,MDEwOlJlcG9zaXRvcnkzNjY2Njg5MzQ=,MDEwOlJlcG9zaXRvcnkzNjYzMzM3MA==,MDEwOlJlcG9zaXRvcnkzNjg5ODc5,MDEwOlJlcG9zaXRvcnkzNjkzNTE1MjY=,MDEwOlJlcG9zaXRvcnkzNzEzODYxOTM=,MDEwOlJlcG9zaXRvcnkzNzIyNDA0MDI=,MDEwOlJlcG9zaXRvcnkzNzMxMDExNTE=,MDEwOlJlcG9zaXRvcnkzNzY1MjUzMTA=,MDEwOlJlcG9zaXRvcnkzNzY2Nzk4NDU=,MDEwOlJlcG9zaXRvcnkzNzY5NDE5,MDEwOlJlcG9zaXRvcnkzNzc0OTY1NjI=,MDEwOlJlcG9zaXRvcnkzNzc3Mjcz,MDEwOlJlcG9zaXRvcnkzNzc4NTE5NDg=,MDEwOlJlcG9zaXRvcnkzNzg3MDE3NzY=,MDEwOlJlcG9zaXRvcnkzNzgzMTA3MTY=,MDEwOlJlcG9zaXRvcnkzNzkxODM1,MDEwOlJlcG9zaXRvcnkzODA5NjE=,MDEwOlJlcG9zaXRvcnkzODAyNjEyMDU=,MDEwOlJlcG9zaXRvcnkzODQ5ODQ4,MDEwOlJlcG9zaXRvcnkzODQxODgzMjA=,MDEwOlJlcG9zaXRvcnkzODU4MjQ5MTA=,MDEwOlJlcG9zaXRvcnkzODYzNDk3MDY=,MDEwOlJlcG9zaXRvcnkzODk4NDQxNQ==,MDEwOlJlcG9zaXRvcnkzOTQ1NDMxNTM=,MDEwOlJlcG9zaXRvcnkzOTU5MTcwMzI=,MDEwOlJlcG9zaXRvcnkzOTUzMjYzMQ==,MDEwOlJlcG9zaXRvcnkzOTc4OTYwOTc=,MDEwOlJlcG9zaXRvcnkzOTk4ODgz,R_kgDOG2W0JQ,R_kgDOG7AsAQ,R_kgDOG8FErg,R_kgDOGIAfbw,R_kgDOGJnvSQ,R_kgDOGJuYwA,R_kgDOGLXz-Q,R_kgDOGRwSZA,R_kgDOGStmJA,R_kgDOGVD2vA,R_kgDOGYSgAQ,R_kgDOGYcjjA,R_kgDOGZW99w,R_kgDOGffloQ,R_kgDOGj6M6g,R_kgDOGmxyVA,R_kgDOGoiNAw,R_kgDOGpP5cQ,R_kgDOGsWAUw,R_kgDOGwFFNA,R_kgDOGxrT3Q,R_kgDOHBGNKw,R_kgDOHM5AAg,R_kgDOHMoXIQ,R_kgDOHQHJ5A,R_kgDOHRZcKg,R_kgDOHUGgMA,R_kgDOHhtgEA,R_kgDOHkcLIQ,R_kgDOHliY9g,R_kgDOHpG72w,R_kgDOHqaDAA
amatsuda,0,0,0,1,0,0,0,0,0,0,0,0,0,0,0,0,0,0,0,0,0,0,0,0,0,0,0,0,0,0,0,0,0,0,0,0,0,0,0,0,0,0,0,0,0,0,0,0,0,0,0,0,0,0,0,0,0,0,0,0,0,0,0,0,1,0,0,0,0,0,0,0,0,0,0,0,0,0,0,0,0,0,0,0,0,0,0,0,0,0,0,0,0,0,0,0,0,0,0,0,0,0,0,0,0,0,0,0,0,0,0,0,0,0,0,0,0,0,0,0,0,0,0,0,0,0,0,0,0,0,0,0,0,0,0,0,1,0,0,0,0,0,0,0,0,0,0,0,0,0,0,0,0,0,0,0,0,0,0,0,0,0,0,0,0,0,0,0,0,0,0,0,0,0,0,0,0,0,0,0,0,0,0,0,0,0,0,0,0,0,0,0,0,0,0,0,0,0,0,0,0,0,0,0,0,0,0,0,0,0,0,0,0,0,0,0,0,0,0,0,0,0,0,0,0,0,0,0,0,1,0,0,0,0,0,0,0,0,0,0,0,0,0,0,0,0,0,0,0,0,0,0,0,0,0,0,0,0,0,0,0,0,0,0,0,0,0,0,0,0,0,0,0,1,0,0,0,0,0,0,0,0,0,0,0,0,0,0,0,0,0,0,0,0,0,0,0,0,0,0,0,1,0,0,0,0,0,0,0,0,1,0,0,0,0,0,0,0,0,0,0,0,0,0,0,0,0,0,0,0,0,0,0,0,0,0,0,0,0,0,0,0,0,0,0,0,0,0,0,0,0,0,0,0,0,0,0,0,1,0,0,1,0,0,0,0,0,0,0,0,0,0,0,0,0,0,0,0,0,0,0,0,0,0,0,0,0,0,0,0,0,0,0,0,0,0,0,0,0,0,0,0,0,0,0,0,0,0,0,0,0,0,0,0,0,0,1,0,0,0,0,0,1,0,0,0,0,0,0,0,0,0,0,0,1,0,0,0,0,0,0,0,0,1,0,0,0,0,0,0,0,1,0,0,0,0,0,0,0,0,0,0,0,0,0,0,0,0,0,0,0,0,0,0,0,0,1,0,0,0,0,0,0,0,0,0,0,0,0,0,0,0,0,0,0,0,0,0,0,0,0,0,0,0,0,0,0,0,1,0,0,0,1,0,0,0,1,1,0,0,0,0,0,0,0,0,0,0,0,1,0,0,0,0,1,0,0,0,0,0,0,0,0,0,0,0,0,0,0,0,0,0,0,0,0,0,1,1,0,0,0,0,0,0,0,0,0,0,0,0,0,0,0,0,0,0,0,0,0,0,1,0,1,0,0,0,0,0,0,0,0,0,0,0,0,0,0,0,0,0,0,0,0,0,0,0,0,1,0,0,0,0,0,0,0,0,0,0,0,1,0,1,0,0,0,0,0,0,0,0,0,0,0,0,0,0,0,0,0,0,0,0,0,0,1,0,0,0,0,0,0,0,0,0,0,0,0,1,0,0,0,0,0,0,0,0,0,0,0,0,0,0,0,0,0,0,0,0,0,0,0,0,0,0,0,0,0,0,0,0,0
bdimcheff,0,0,0,0,0,0,0,0,0,0,0,0,0,0,0,1,0,0,0,0,0,0,0,0,0,0,0,0,0,0,0,0,0,0,0,0,0,0,0,0,0,0,0,0,0,0,0,0,0,0,0,0,0,0,0,0,0,0,0,0,0,0,0,0,0,0,0,0,0,0,0,0,0,0,0,0,0,1,0,0,0,0,0,0,0,0,0,0,0,0,0,0,0,0,0,0,0,0,0,0,0,0,0,0,0,0,0,0,0,0,0,0,0,0,0,0,0,0,0,1,0,0,0,0,0,0,0,0,0,0,0,0,0,0,0,0,0,0,0,0,0,0,0,0,0,0,0,0,0,0,0,0,0,0,0,0,0,0,1,0,0,0,0,0,0,0,0,0,1,0,0,1,0,0,0,0,0,0,0,0,0,0,0,1,0,0,0,0,0,0,0,0,0,0,0,0,0,0,0,0,0,0,0,0,0,0,0,0,0,0,0,0,0,0,0,0,0,0,0,0,0,0,0,0,1,0,0,0,0,0,0,0,0,0,0,0,0,0,0,0,0,0,0,0,0,0,0,0,0,0,0,0,0,0,0,0,0,0,0,0,0,0,0,0,0,0,0,0,0,0,0,0,0,0,0,0,0,0,0,0,0,0,0,0,0,0,0,0,0,0,0,0,0,0,0,0,0,0,0,0,0,0,0,0,0,0,0,0,0,0,0,0,0,0,0,0,0,0,0,0,0,0,0,0,0,0,0,0,0,0,0,0,0,0,0,0,0,0,0,0,0,0,0,0,0,0,0,0,0,0,0,0,0,0,0,0,1,0,0,1,0,0,1,1,0,0,0,0,1,0,0,0,0,0,0,0,0,0,0,0,1,0,0,0,0,0,0,0,1,0,0,0,0,0,0,0,0,0,0,0,0,0,0,0,0,0,0,0,0,0,0,0,0,0,0,0,0,0,0,1,0,0,0,0,0,1,0,1,0,0,0,0,0,1,0,0,0,0,0,0,0,0,0,0,0,0,0,0,0,1,0,0,0,0,0,0,0,0,0,0,0,0,0,0,0,1,0,0,0,0,0,0,0,0,0,0,0,0,0,0,0,0,0,0,0,0,0,0,0,0,0,0,0,1,0,0,1,0,0,0,0,0,0,0,0,0,0,0,0,0,0,1,0,0,0,0,0,0,0,0,0,0,0,0,0,0,0,0,0,0,0,0,0,0,0,0,0,0,0,0,0,0,0,0,0,0,0,0,0,1,0,0,0,0,0,1,0,0,0,0,0,0,0,0,0,0,0,0,1,0,0,0,0,0,0,0,0,0,0,0,0,0,0,0,0,0,0,0,0,0,0,0,0,0,0,0,0,0,0,0,0,0,0,1,1,0,0,0,0,0,0,0,0,0,0,0,0,0,0,0,0,0,0,0,0,0,0,0,0,0,0,0,0,0,0,0,0,1,0,0,0,0,0,0,0,0,0,0,0,0,0,0,0,0,0,0,0,0,0,0,0,0,0,0,0,0,0,0,0,0,0,0,0,0,0,0,0,0,0,0,0,0,0,0,0,0,0,0,0,0,0
chinasaur,0,0,0,0,0,1,0,0,0,0,0,0,0,0,0,0,0,0,0,0,0,0,0,0,0,0,0,0,0,0,0,0,0,0,0,0,0,0,0,0,0,0,0,0,0,0,0,0,0,0,0,0,0,0,0,0,0,0,0,0,0,0,0,0,0,0,0,0,0,0,0,0,0,0,0,0,0,0,0,0,0,0,0,0,0,0,0,0,0,0,0,0,0,0,0,0,0,0,0,0,0,0,0,0,0,0,0,0,0,0,0,0,0,0,0,0,0,0,0,0,0,0,0,0,0,0,0,0,0,0,0,0,0,0,0,0,0,0,0,0,0,0,0,0,0,0,0,0,0,0,0,0,0,0,0,0,0,0,0,0,0,0,0,0,0,0,0,0,0,0,0,0,0,0,0,0,0,0,0,0,0,0,0,0,0,0,0,0,0,0,0,0,0,0,0,0,0,0,0,0,0,0,0,0,0,0,0,0,0,0,0,0,0,0,0,0,0,0,0,0,0,0,0,0,0,0,0,0,0,0,0,0,0,0,0,0,0,0,0,0,0,0,0,0,0,0,0,0,0,0,0,0,0,1,0,0,0,0,0,0,0,0,0,0,0,0,0,0,0,0,0,0,0,0,0,0,0,0,0,0,0,0,0,0,0,0,0,0,0,0,0,0,0,0,0,0,0,0,0,1,0,0,0,0,0,0,0,0,0,0,0,0,0,0,0,0,0,0,0,0,0,0,0,0,0,0,0,0,0,0,0,0,0,0,0,0,0,0,0,0,0,1,0,0,0,1,0,0,0,0,0,0,1,0,0,0,0,0,0,0,0,0,0,0,0,0,0,1,0,0,1,0,0,0,0,0,0,0,1,1,0,0,0,0,0,0,0,0,0,0,0,0,0,0,0,0,0,0,0,0,0,0,0,0,0,0,0,0,0,0,0,0,0,0,0,0,0,0,0,0,0,0,0,0,0,0,1,0,0,0,0,0,0,0,0,0,0,1,0,0,1,0,1,0,0,0,0,0,0,0,0,0,0,0,0,0,0,0,0,0,0,0,0,0,0,0,0,0,0,0,0,0,0,0,0,0,0,1,1,0,0,0,0,0,0,0,0,0,0,1,0,0,0,0,0,0,0,0,1,0,0,0,0,0,0,0,0,0,0,0,0,0,0,0,0,0,0,0,0,1,0,0,0,0,0,0,0,0,0,0,0,0,1,0,0,0,0,0,0,0,0,0,0,0,1,0,0,0,0,0,0,1,0,0,0,0,0,0,0,0,0,0,0,0,0,0,0,0,0,0,0,0,0,0,0,0,0,0,0,0,0,0,0,0,0,0,0,0,0,0,0,0,0,0,0,1,0,0,0,0,0,0,0,0,0,0,0,0,0,0,0,0,0,0,0,0,0,0,0,0,0,0,0,0,0,0,0,0,0,0,0,0,0,0,0,1,0,0,1,0,0,0,0,1,0,0,0,0,0,0,1,0,0,0,0,0,0,0,0,0,0,0,0,0,0,0,0,0,0,0,0,0,0,0,1,0,0,0,0,0,0,1,1,0,0,0,0,0,0,0,0
darkhelmet,0,0,0,0,0,0,0,0,0,0,0,0,0,0,1,0,0,1,0,0,0,0,0,0,0,0,0,0,0,0,0,0,0,0,0,0,0,0,0,0,0,0,0,0,0,0,0,0,0,0,0,0,0,1,0,0,0,0,0,0,0,0,0,0,0,0,0,0,0,0,0,0,0,0,0,0,0,0,0,0,0,0,0,0,0,0,0,0,0,0,0,0,0,0,0,0,0,0,0,0,0,0,0,0,0,0,0,0,0,0,0,0,0,0,0,0,0,0,0,0,0,0,0,0,0,0,0,0,0,0,0,0,0,0,0,0,0,1,0,0,0,0,0,0,0,0,0,0,0,0,0,0,0,0,0,0,0,0,0,0,0,0,0,0,0,0,1,0,0,0,0,0,0,0,0,0,1,0,0,0,0,0,0,0,0,0,0,0,0,0,0,0,0,0,0,0,0,0,0,0,0,0,0,0,0,0,0,0,0,0,0,0,0,0,0,0,0,0,0,0,0,0,0,0,0,0,0,0,0,0,0,0,0,0,0,0,0,0,0,0,0,0,0,0,0,0,1,0,1,0,1,0,0,0,0,0,0,0,1,0,0,0,0,0,0,0,0,0,0,0,0,0,0,0,0,0,0,0,0,0,0,0,0,0,0,0,0,0,0,0,0,0,0,0,0,0,0,0,0,0,0,0,0,0,0,0,0,0,0,0,0,0,0,0,0,0,0,0,0,0,0,0,0,0,0,0,0,0,0,0,0,0,0,0,0,0,0,0,0,0,0,0,0,0,0,0,0,0,0,0,0,0,0,0,0,0,0,0,0,0,0,0,0,0,0,0,0,0,0,0,0,0,0,0,0,0,0,0,0,0,0,0,0,0,0,0,0,0,0,0,0,0,0,0,0,0,0,0,0,0,0,0,0,0,0,0,0,0,0,0,0,0,0,0,1,0,0,1,0,0,1,0,0,0,0,0,0,0,0,0,0,0,1,0,0,0,0,0,0,0,0,0,0,0,0,0,0,0,0,0,0,0,0,0,0,0,0,0,0,0,0,0,0,0,0,0,0,0,0,0,0,0,0,0,0,1,0,0,0,0,0,0,1,0,0,0,0,1,1,0,0,0,0,0,0,0,0,0,0,0,0,0,0,0,0,0,0,0,0,0,0,0,0,0,0,0,0,0,0,0,0,0,1,0,0,0,0,0,0,0,0,0,0,0,0,0,0,0,0,0,0,0,0,0,0,0,0,0,0,0,0,0,0,0,0,0,0,0,0,0,0,0,0,0,0,0,0,0,0,0,0,0,0,1,0,0,0,1,0,0,0,0,0,0,0,0,0,0,0,0,0,0,0,0,0,0,0,0,0,0,0,1,0,0,0,0,0,0,0,0,0,1,0,0,0,0,0,0,0,0,0,0,0,0,1,0,0,0,0,0,0,0,1,1,0,0,0,0,0,0,0,0,0,0,0,0,0,0,0,0,0,0,0,0,1,1,0,0,0,0,0,0,1,0,0,0,0,0,0,0,0,0,0,0,0,0,0,0,0,1,0,0,0,0,0,0,0,0,0,0,0
djmaze,0,0,0,0,1,0,1,0,0,0,1,0,0,0,0,0,0,0,0,0,0,0,0,0,0,0,0,0,0,0,0,0,0,0,1,0,0,0,0,0,0,0,1,0,0,0,0,0,0,0,0,0,0,0,0,0,0,0,0,0,0,0,0,0,0,0,1,0,0,0,0,0,0,0,0,0,0,0,0,0,0,0,0,0,0,0,0,0,0,0,0,0,0,0,0,0,0,0,0,0,0,0,0,0,0,0,0,0,0,0,0,0,0,0,0,0,0,0,0,0,0,0,0,0,1,0,0,0,0,0,1,0,0,0,0,0,0,0,1,0,1,0,0,0,0,0,0,0,0,0,0,0,0,0,0,0,0,0,0,0,0,0,0,0,0,0,0,0,0,0,0,0,0,0,0,0,0,0,0,0,0,0,0,0,0,0,0,0,1,1,0,0,0,0,0,0,0,0,0,0,0,0,0,0,0,0,0,0,0,0,0,0,0,0,0,0,0,0,0,0,0,0,0,0,0,0,0,0,0,0,0,0,0,0,0,0,0,0,0,0,1,0,0,0,0,0,0,0,0,0,0,0,0,0,0,0,0,0,0,0,0,0,0,0,0,0,0,0,0,0,0,0,0,0,0,0,0,0,0,0,0,0,0,0,0,0,0,0,0,0,0,1,0,0,0,0,0,0,0,0,0,0,0,0,0,0,0,0,0,0,0,0,0,0,0,0,0,0,0,0,0,0,0,0,0,0,0,0,0,0,0,1,0,0,0,0,0,0,0,0,0,0,0,0,0,0,0,0,0,0,0,0,0,0,0,0,0,0,0,0,0,0,0,0,0,0,0,0,0,0,0,0,0,0,0,0,0,0,0,0,0,0,0,0,0,0,0,0,0,0,0,0,0,0,0,0,0,0,0,0,0,0,0,0,0,0,0,0,0,1,0,0,0,0,0,0,0,0,0,0,0,0,0,0,0,0,0,0,0,0,0,0,0,0,0,1,0,0,0,0,0,0,0,0,0,0,0,0,0,0,0,0,0,0,0,0,0,0,0,0,0,0,0,0,0,0,0,0,0,0,0,0,0,0,0,0,0,0,0,0,0,0,0,0,0,0,0,0,0,0,0,1,0,0,0,0,0,0,0,1,1,0,0,0,1,0,0,0,0,0,0,0,0,0,0,0,0,0,0,0,0,0,0,0,0,0,0,0,0,0,1,0,0,0,0,0,0,0,0,0,0,0,0,0,0,1,0,0,0,0,0,0,0,0,0,0,0,0,0,1,0,0,0,0,1,0,0,0,0,0,0,0,0,0,0,0,0,0,0,0,0,0,0,0,0,0,0,0,0,0,0,1,0,0,0,0,0,0,0,0,0,0,0,0,0,0,0,0,0,0,0,0,1,0,0,0,0,0,0,0,0,0,0,0,0,0,0,0,0,0,0,0,0,0,0,0,0,0,0,0,0,1,0,0,0,0,0,0,0,0,0,0,0,0,0,0,0,0,0,0,0,0,0,0,0,0,0,0,0,0,1,0,0,1,0,0,0,0,0,0,0,0,0,0,0,0,0,0,0,0,0
durran,0,0,0,0,0,0,0,0,1,0,0,0,0,0,0,0,0,0,0,0,0,0,0,0,0,0,1,0,0,0,0,0,0,0,0,0,0,0,0,0,0,0,0,0,0,0,1,0,1,0,0,0,0,0,0,0,0,1,0,1,1,0,0,0,0,0,0,0,0,0,0,0,0,0,0,0,0,0,0,0,0,0,0,0,0,1,1,0,0,0,1,0,0,0,0,0,0,1,0,0,0,0,1,0,0,0,0,0,0,0,0,0,0,0,0,0,0,0,0,0,0,0,0,1,0,0,1,0,0,0,0,0,0,0,0,0,0,0,0,0,0,0,0,0,0,1,0,0,0,0,0,0,0,0,0,0,0,0,0,1,0,0,1,0,0,0,0,0,0,0,0,0,0,0,0,0,0,0,0,0,0,0,0,0,0,0,0,0,0,0,0,0,0,0,0,0,0,0,0,0,1,0,0,1,0,0,0,0,0,0,0,0,0,0,0,0,0,0,0,1,0,0,0,0,0,0,0,0,0,0,0,0,0,0,0,0,0,0,0,0,0,0,0,0,0,0,0,0,0,0,0,0,0,0,0,0,0,0,0,0,0,0,0,0,1,0,0,0,0,0,0,0,0,0,0,0,0,0,0,0,0,0,0,0,0,0,0,0,0,0,0,0,0,0,1,0,0,0,0,0,0,0,0,0,0,0,0,0,0,0,0,0,0,0,0,0,0,0,0,0,1,0,0,0,0,0,0,0,0,0,0,0,0,0,0,0,0,0,0,0,0,0,0,0,0,0,0,0,0,0,0,0,0,0,1,0,0,0,0,0,0,0,0,0,0,0,0,0,0,0,0,0,0,0,0,0,0,0,0,0,0,0,0,0,0,0,0,0,0,0,0,0,0,0,0,0,0,0,0,0,0,0,0,0,1,0,0,0,1,0,0,0,0,0,0,0,0,0,0,0,0,0,0,0,0,0,0,0,0,0,0,0,0,0,0,0,0,0,0,0,0,0,0,0,0,0,0,0,0,0,0,0,0,0,0,0,0,0,0,0,0,0,0,0,0,0,0,0,0,0,0,0,0,0,0,0,0,0,0,0,0,0,0,0,0,0,0,0,0,0,0,0,0,0,0,0,0,0,0,0,0,0,0,0,0,0,0,1,0,0,0,0,0,0,0,0,0,0,0,0,0,0,0,0,0,0,0,0,0,0,0,0,0,0,0,0,0,0,0,0,0,0,0,0,0,0,0,0,0,0,0,0,0,0,0,0,0,0,0,0,0,0,0,0,0,0,0,0,0,0,0,0,0,0,1,0,0,0,0,0,0,0,0,0,0,1,1,0,0,0,0,0,0,0,0,0,0,0,0,0,0,0,0,0,0,0,0,0,0,0,0,0,0,0,0,0,0,0,0,0,0,0,0,0,0,0,0,0,0,0,0,0,0,0,0,0,0,0,0,0,0,0,0,0,0,0,0,0,0,0,0,0,0,0,0,0,0,0,0,0,0,0,0,0,0,0,0,0,0,0,0,0,0,0,0,0,0,0,0,0,0,0,0,0,0,0,0,0,0,0,0
jashmenn,1,0,0,0,0,0,0,0,0,0,0,0,0,0,0,0,0,0,0,0,0,0,0,0,0,0,0,1,0,0,0,0,0,0,0,0,0,0,0,0,0,0,0,0,0,0,0,0,0,0,0,0,0,0,0,0,0,0,0,0,0,0,0,0,0,0,0,0,1,0,0,0,0,1,0,0,0,0,0,0,0,0,0,0,0,0,0,0,0,0,0,0,0,0,0,0,0,0,1,0,0,0,0,0,0,0,0,1,0,0,0,0,0,0,0,0,0,0,0,0,0,0,0,0,0,0,0,0,0,0,0,0,0,0,0,0,0,0,0,0,0,0,0,0,0,0,0,0,0,0,0,0,0,0,0,0,0,0,0,0,0,0,0,0,0,0,0,1,0,0,0,0,0,0,0,0,0,0,0,0,0,0,0,0,0,0,0,0,0,0,0,0,0,0,0,0,0,0,0,0,0,0,0,0,0,0,0,0,0,0,0,0,0,0,0,0,0,0,0,0,0,0,0,0,0,0,0,0,1,0,0,0,0,0,0,0,0,0,0,0,0,0,0,0,0,0,0,0,0,0,0,0,0,0,0,0,0,0,0,0,0,0,0,0,0,0,0,0,0,0,0,0,0,0,0,0,0,0,0,0,0,0,0,0,0,0,0,0,0,0,0,0,0,0,0,0,0,0,0,0,0,0,0,0,0,0,0,0,0,0,0,0,0,0,0,0,0,0,0,0,0,0,0,0,0,0,0,0,0,0,0,0,1,0,0,0,0,0,0,0,0,0,0,0,0,0,0,0,0,0,0,0,0,0,0,0,0,0,0,0,0,0,0,0,0,0,0,0,0,0,0,0,0,0,0,0,0,0,0,0,0,0,0,0,1,0,0,0,0,0,0,0,0,0,0,0,0,0,0,0,0,0,0,0,0,0,0,0,0,0,0,0,0,0,0,0,0,0,0,0,0,0,0,0,0,0,0,0,0,0,0,0,0,0,0,0,0,0,0,0,0,1,0,0,0,0,0,0,0,0,0,0,0,0,1,0,0,0,0,0,0,0,0,0,0,0,1,0,0,0,0,0,0,0,0,0,0,0,0,0,0,1,0,0,0,0,0,0,0,0,0,0,0,0,0,0,0,0,0,0,0,0,0,0,0,1,0,0,0,0,0,0,0,0,0,0,0,0,0,0,0,0,0,1,0,0,0,0,0,0,0,1,0,1,0,0,0,0,0,1,0,0,0,0,0,0,0,0,0,0,0,0,1,0,0,0,0,0,0,0,1,1,0,0,0,1,0,0,0,1,0,0,1,0,0,0,0,0,0,0,0,1,0,0,0,0,0,0,1,0,1,0,0,0,0,0,0,0,0,0,0,0,1,0,0,0,0,0,1,0,0,0,0,0,0,0,0,0,0,0,0,0,0,0,0,0,0,0,0,0,0,0,0,0,0,0,0,0,0,0,0,0,0,0,0,0,0,0,0,0,0,0,0,0,0,0,0,0,0,0,0,0,0,0,0,0,0,0,0,0,0,0,0,0,0,0,0,0,0,0,0,0,0,0,0,0,0,0,0,0,0
jinzhu,0,0,0,0,0,0,0,0,0,0,0,0,0,0,0,0,0,0,0,0,0,0,0,0,0,0,0,0,0,0,1,0,0,0,0,0,0,0,0,0,0,0,0,0,0,0,0,0,0,0,0,0,0,0,0,0,0,0,0,0,0,0,0,0,0,0,0,0,0,0,0,0,0,0,0,0,0,0,0,0,0,0,0,1,0,0,0,0,0,0,0,0,0,0,0,0,0,0,0,0,1,0,0,1,0,0,0,0,0,0,0,0,0,0,0,0,0,0,0,0,0,0,0,0,0,0,0,1,0,0,0,0,0,0,0,0,0,0,0,0,0,0,0,0,0,0,0,0,0,0,0,1,0,0,1,0,0,0,0,0,0,0,0,0,0,0,0,0,0,0,0,0,1,0,0,0,0,0,0,0,0,0,0,0,0,0,0,0,0,0,0,0,0,0,0,0,0,0,0,0,0,0,0,0,0,0,0,0,0,0,0,0,0,0,0,0,0,0,0,0,0,0,0,0,0,0,0,0,0,0,0,1,0,0,0,0,1,0,0,0,0,0,0,0,0,0,0,1,0,0,0,0,0,0,0,0,0,0,0,1,0,0,0,0,0,0,0,0,0,0,0,0,0,0,0,0,0,0,0,0,1,0,0,0,0,0,0,0,0,0,0,0,0,1,0,0,1,0,0,0,0,0,0,0,0,1,0,0,0,0,0,0,0,0,0,0,0,0,0,0,0,0,0,1,0,0,0,0,0,0,0,0,0,0,0,0,1,0,0,0,0,0,0,0,0,0,0,0,0,0,0,0,0,0,0,0,0,0,0,0,0,0,0,0,0,0,0,0,0,0,0,0,0,0,0,0,0,0,0,0,0,0,0,0,0,0,0,0,0,0,0,0,0,0,0,0,0,0,0,0,0,0,0,0,0,0,0,0,0,0,0,0,0,0,0,0,0,0,0,0,0,0,0,0,0,0,0,0,0,0,0,1,0,0,0,0,0,0,0,0,0,0,0,0,0,0,0,0,0,0,0,0,0,0,0,0,0,0,0,0,0,1,0,0,0,0,0,0,0,0,0,0,0,0,0,0,0,0,0,0,0,0,0,0,0,0,0,0,0,0,0,0,0,0,0,0,0,0,0,0,0,0,0,0,0,0,0,0,0,0,0,0,0,0,1,0,0,0,1,0,0,1,0,0,0,0,0,0,0,0,0,0,0,0,0,0,0,0,0,0,0,0,0,0,0,0,0,1,0,0,1,0,0,0,0,0,0,0,0,0,0,0,0,0,0,0,0,0,0,0,0,0,0,0,0,0,0,0,1,0,0,0,0,0,0,0,0,0,0,0,0,0,0,0,0,0,0,0,0,0,0,0,0,0,0,0,0,0,0,0,0,0,0,0,0,0,0,0,0,0,0,0,0,0,0,0,0,0,0,0,0,0,0,0,0,0,0,0,0,0,0,0,0,0,0,0,1,0,0,0,0,1,0,0,0,0,0,0,0,0,0,0,0,0,0,1,0,0,0,0,0,0,1,0,0,0,0,0,0,0,0,0,0,0,0,0,0,0,0,0,0
joelind,0,0,0,0,0,0,0,0,0,0,0,0,0,0,0,0,0,0,1,1,0,0,0,0,0,0,0,0,0,0,0,0,0,0,0,0,0,0,0,0,0,0,0,0,0,0,0,0,0,0,0,0,0,0,0,0,0,0,0,0,0,0,0,0,0,0,0,0,0,0,1,1,1,0,0,0,0,0,0,0,1,0,0,0,0,0,0,0,0,0,0,0,0,0,0,0,0,0,0,0,0,0,0,0,0,0,0,0,0,0,0,0,0,1,0,0,0,0,0,0,0,0,0,0,0,0,0,0,0,1,0,0,0,0,1,1,0,0,0,0,0,0,0,0,0,0,0,0,0,0,0,0,0,0,0,0,0,0,0,0,0,1,0,0,1,0,0,0,0,0,1,0,0,0,0,1,0,1,0,0,0,0,0,0,0,0,0,0,0,1,0,0,0,0,0,0,0,1,0,0,0,0,0,0,0,0,0,0,0,0,0,0,0,0,0,1,0,0,0,0,0,0,0,1,0,0,0,0,0,0,0,0,0,0,0,0,0,0,0,0,0,0,0,0,0,0,0,0,0,0,0,0,0,0,1,0,0,0,0,0,0,0,0,0,0,1,0,0,0,0,0,1,0,0,0,0,0,0,0,0,0,0,0,0,0,0,0,0,0,0,0,0,0,0,0,0,0,0,0,0,0,0,0,0,0,0,0,0,0,0,0,0,0,0,1,0,0,0,0,0,0,0,0,0,0,0,0,0,0,0,0,0,0,0,0,0,0,0,0,0,0,0,0,0,0,0,0,0,0,0,0,0,0,0,0,0,0,0,0,0,0,0,0,0,0,0,0,0,0,0,0,0,0,1,1,0,0,0,0,0,0,0,0,0,0,0,0,0,0,0,0,0,0,0,0,0,0,0,0,0,0,0,0,0,0,0,1,0,0,0,0,0,0,0,0,0,0,0,0,0,0,1,0,0,0,0,0,0,0,0,0,0,0,0,0,0,0,0,0,0,0,0,0,0,0,0,0,0,0,0,0,0,0,0,0,0,0,0,0,0,0,0,0,0,0,0,0,0,0,0,0,0,0,0,0,0,0,0,0,0,0,0,0,0,0,0,0,0,0,0,0,0,0,0,1,0,0,0,0,0,0,0,0,0,0,0,0,0,0,0,0,0,0,0,0,0,0,0,0,0,0,0,0,0,0,0,0,0,0,0,0,0,0,0,0,0,0,0,0,0,0,0,0,0,0,0,0,0,0,0,0,0,0,1,0,0,0,0,0,0,0,0,0,0,0,0,0,0,0,0,0,0,0,0,0,0,0,0,0,0,0,0,0,0,0,0,0,0,0,0,0,0,0,0,0,0,0,0,0,0,0,0,0,0,0,0,0,0,0,0,0,0,0,0,0,0,0,1,0,0,0,0,0,0,0,0,0,0,0,0,0,0,0,0,0,0,0,0,0,0,0,0,0,0,0,0,0,0,0,0,0,0,0,0,0,0,0,0,0,0,0,0,0,0,0,0,0,0,0,0,0,0,0,0,0,0,0,0,0,0,0,0,0,0,0,0,0,0,0,0,0
langalex,0,0,1,0,0,0,0,0,0,0,0,0,0,0,0,0,0,0,0,0,0,1,0,0,0,0,0,0,0,0,0,1,0,0,0,0,0,0,0,0,0,0,0,0,0,0,0,0,0,0,0,0,0,0,0,0,0,0,0,0,0,0,0,0,0,0,0,0,0,0,0,0,0,0,0,0,0,0,0,0,0,0,0,0,0,0,0,1,0,0,0,0,0,0,0,0,0,0,0,0,0,0,0,0,0,0,0,0,0,0,0,0,0,0,0,0,0,0,0,0,0,0,0,0,0,0,0,0,0,0,0,0,0,0,0,0,0,0,0,0,0,0,0,0,0,0,0,0,0,0,0,0,0,0,0,0,0,0,0,0,0,0,0,0,0,0,0,0,0,0,0,0,0,0,0,0,0,0,0,0,0,0,0,0,0,0,0,0,0,0,0,0,0,0,0,0,0,0,0,0,0,0,0,0,0,0,1,0,0,0,0,0,0,0,0,0,0,0,0,0,0,0,0,0,0,0,0,0,0,0,0,0,0,0,0,0,0,0,0,0,0,0,0,0,0,0,0,0,0,0,0,1,1,0,0,0,0,0,0,0,0,0,0,0,0,0,0,1,0,0,0,0,0,0,0,0,0,0,0,0,0,0,0,0,0,1,0,1,0,0,0,0,0,0,0,0,0,0,0,0,0,0,0,0,0,0,0,0,0,0,0,0,0,0,0,0,0,1,0,0,0,1,0,0,0,0,0,0,0,0,0,0,0,1,1,0,0,0,0,0,0,0,0,0,0,0,0,0,1,0,0,0,0,0,0,0,0,0,0,0,0,0,0,0,0,0,0,0,0,0,0,0,0,0,0,0,0,0,0,0,0,0,0,0,0,0,0,0,0,0,0,0,0,0,0,0,0,0,0,0,0,0,0,0,0,0,0,0,0,0,0,0,0,0,0,0,0,0,0,0,0,0,0,0,0,0,0,0,0,0,0,0,0,0,0,0,0,0,0,0,0,0,0,0,1,0,0,0,0,0,1,0,0,0,0,0,0,0,0,0,0,0,0,0,0,0,0,1,0,0,0,1,0,0,0,0,0,0,0,0,0,0,0,1,0,0,0,0,0,0,0,0,1,0,0,0,0,0,0,0,0,1,0,0,0,0,0,0,0,0,0,0,0,0,0,0,0,0,0,0,0,0,0,0,0,0,0,0,0,0,0,0,0,0,0,1,0,0,1,0,0,0,0,0,0,0,0,0,0,0,0,0,0,0,0,0,0,0,0,0,0,0,0,0,0,0,0,0,0,0,0,1,0,0,0,0,0,0,0,0,0,0,0,0,0,0,0,0,0,0,0,0,0,0,0,0,0,0,0,1,0,0,0,0,0,0,0,0,0,0,0,0,0,0,0,0,1,0,0,0,0,0,0,1,0,0,0,0,0,0,0,0,0,0,0,0,0,0,0,0,0,0,0,0,0,0,0,0,0,0,0,0,0,0,0,0,0,0,0,0,1,1,0,0,0,0,0,0,0,0,0,0,0,0,0,0,0,0,0,0,0,0,0,0,0,0,0,0,0,0,0
laserlemon,0,0,0,0,0,0,0,0,0,0,0,0,0,0,0,0,0,0,0,0,0,0,0,0,0,0,0,0,0,0,0,0,0,0,0,0,0,0,0,0,0,0,0,0,1,0,0,0,0,0,0,0,0,0,0,0,0,0,0,0,0,0,0,0,0,0,0,0,0,0,0,0,0,0,0,1,0,0,0,0,0,0,0,0,0,0,0,0,0,0,0,0,0,0,0,0,0,0,0,0,0,0,0,0,0,0,0,0,0,0,0,0,0,0,0,0,0,0,0,0,0,0,0,0,0,0,0,0,0,0,0,0,0,0,0,0,0,0,0,0,0,0,0,0,0,0,0,0,0,0,0,0,0,0,0,0,0,0,0,0,0,0,0,0,0,0,0,0,0,0,0,0,0,0,0,0,0,0,0,0,0,0,0,0,0,0,0,0,0,0,0,0,0,0,0,0,0,0,0,0,0,0,0,0,0,0,0,0,0,0,0,0,0,0,0,0,0,0,0,0,0,0,0,0,0,0,0,0,0,0,0,0,0,0,0,0,0,0,0,0,0,0,0,0,0,0,0,0,0,0,0,0,0,0,0,0,0,0,0,0,0,0,0,0,0,0,0,0,0,0,0,0,0,0,0,0,0,0,0,0,0,0,0,0,0,0,0,0,0,1,0,0,0,0,0,0,0,0,0,0,0,0,0,0,0,0,0,0,0,0,0,0,0,0,0,0,0,0,0,0,0,0,0,0,0,0,0,0,1,0,0,0,0,0,0,0,0,0,0,0,0,0,0,0,0,0,0,0,0,0,0,0,0,0,0,0,0,0,0,0,0,0,0,0,0,0,0,0,0,0,0,0,0,0,0,0,0,0,0,0,0,0,0,0,0,0,0,0,0,0,0,0,0,0,0,0,0,0,0,0,0,0,0,0,0,0,0,0,0,0,0,0,0,0,0,0,0,0,0,0,0,0,0,0,0,0,0,0,0,0,0,0,0,0,0,0,0,0,0,0,0,0,0,0,0,0,0,0,0,0,0,0,0,0,0,0,0,0,0,0,0,0,0,0,0,0,0,0,0,0,0,0,0,0,0,0,0,0,0,0,0,0,0,0,0,0,0,0,0,0,0,0,0,0,0,0,0,0,0,0,0,0,0,0,0,0,0,0,0,0,0,0,0,0,0,0,0,0,0,0,0,0,0,0,0,0,0,0,0,0,0,0,0,0,0,0,0,0,0,0,0,0,0,0,0,0,0,0,0,0,0,0,0,0,0,0,0,0,0,0,0,0,0,0,0,0,0,0,0,0,0,0,0,0,0,0,0,0,0,0,0,0,0,0,0,0,0,0,0,0,0,0,0,0,0,0,0,0,0,0,0,0,0,0,0,0,0,0,0,0,0,0,0,0,0,0,0,0,0,0,0,0,0,0,0,0,0,0,0,0,0,0,0,0,0,0,0,0,0,0,0,0,0,0,0,0,0,0,0,0,0,0,0,0,0,0,0,0,0,0,0,0,0,0,0,0,0,0,0,0,0,0,0,0,0,0,0,0,0,0,0,0,0,0,0,0,0,0,0,0,0
michaelklishin,0,0,0,0,0,0,0,0,0,0,0,0,0,0,0,0,0,0,0,0,0,0,0,0,0,0,0,0,0,0,0,0,0,0,0,0,0,0,0,0,0,1,0,0,0,0,0,0,0,0,0,0,0,0,0,0,0,0,0,0,0,0,0,0,0,0,0,0,0,0,0,0,0,0,1,0,0,0,0,0,0,0,0,0,0,0,0,0,0,0,0,0,0,0,0,0,0,0,0,0,0,0,0,0,0,1,0,0,0,0,0,0,0,0,0,0,0,0,0,0,0,0,0,0,0,0,0,0,0,0,0,0,0,1,0,0,0,0,0,0,0,0,0,0,0,0,0,1,0,0,0,0,0,1,0,0,0,0,0,0,0,0,0,0,0,0,0,0,0,0,0,0,0,0,0,0,0,0,0,0,0,0,0,0,0,0,0,0,0,0,0,0,0,0,0,0,0,0,0,0,0,0,0,0,0,0,0,0,0,0,0,0,0,0,0,0,0,0,0,0,0,0,0,0,0,0,0,0,0,0,0,0,1,0,0,0,0,0,0,0,0,0,0,0,0,0,0,0,0,0,0,0,0,0,0,0,0,1,0,0,1,1,0,0,0,0,1,0,0,0,0,0,0,0,0,0,0,0,0,0,0,0,0,1,0,0,0,0,0,0,0,0,0,0,0,1,0,0,0,0,0,0,0,0,0,0,0,0,0,1,0,0,0,0,0,0,1,0,1,0,0,0,0,0,0,0,0,0,0,0,0,0,0,0,0,0,0,0,0,0,0,0,0,0,1,0,0,0,0,0,0,0,0,0,0,0,0,1,0,0,0,0,0,0,0,0,0,0,0,0,0,1,0,0,0,0,0,0,0,0,0,0,0,0,0,0,0,0,0,0,0,0,0,0,0,0,1,0,0,0,0,0,0,0,0,0,0,0,0,0,0,0,0,0,0,0,0,0,0,0,0,0,0,0,0,0,0,0,0,0,0,0,0,0,0,0,0,0,0,0,0,0,0,0,0,0,0,0,1,0,0,0,0,0,0,0,0,0,0,0,1,0,0,0,0,0,0,0,0,0,0,0,0,0,0,0,0,0,0,0,0,0,0,0,0,0,1,0,0,0,1,0,0,0,0,0,0,0,0,0,0,0,0,0,0,0,0,0,0,0,0,0,0,0,0,0,0,0,0,0,0,0,0,0,0,0,0,0,0,0,0,0,0,0,0,0,0,1,0,0,0,0,0,0,0,0,0,0,0,0,0,0,0,0,0,0,0,0,0,0,0,0,0,0,0,0,0,1,0,0,0,0,0,0,0,0,0,0,0,0,0,0,0,0,0,0,0,0,0,0,0,0,0,0,0,0,0,0,0,0,0,0,0,0,0,1,0,0,0,1,0,0,0,0,1,0,0,0,0,0,0,0,0,0,0,0,0,0,0,0,0,0,0,0,0,0,0,0,0,0,0,0,0,0,0,0,0,0,0,0,0,0,0,0,0,0,0,0,0,0,0,0,0,0,0,0,0,0,0,0,0,0,0,0,0,0,0,0,1,0,0,0,0,0,0,0,0,0,0,0,0
mixr,0,0,0,0,0,0,0,0,0,0,0,0,0,0,0,0,0,0,0,0,0,0,0,0,0,0,0,0,0,0,0,0,0,0,0,1,0,0,0,0,0,0,0,0,0,0,0,0,0,0,0,0,0,0,0,0,0,0,0,0,0,0,0,0,0,0,0,0,0,0,0,0,0,0,0,0,0,0,0,0,0,0,0,0,0,0,0,0,0,0,0,0,0,0,0,0,0,0,0,0,0,0,0,0,0,0,0,0,0,0,1,0,0,0,0,0,1,0,0,0,0,0,0,0,0,0,0,0,0,0,0,0,0,0,0,0,0,0,0,0,0,0,1,0,0,0,1,0,1,0,0,0,0,0,0,0,1,0,0,0,0,0,0,0,0,1,0,0,0,0,0,0,0,0,0,0,0,0,1,0,0,0,0,0,0,0,1,0,0,0,0,0,0,0,0,0,1,0,0,1,0,0,0,0,0,0,0,1,0,0,0,0,0,0,0,0,0,0,0,0,0,0,1,0,0,0,0,0,0,0,0,0,0,0,0,0,0,0,0,0,0,0,0,0,0,0,0,0,0,0,0,0,0,0,0,0,0,0,0,0,0,0,1,0,0,0,0,0,0,0,0,0,0,0,0,0,0,0,0,0,0,0,0,0,0,0,0,0,0,0,0,0,0,0,0,0,0,0,0,0,0,0,0,0,0,0,0,0,0,0,0,0,0,1,0,0,0,0,0,0,0,0,0,0,0,0,0,0,0,0,0,0,0,0,0,0,0,0,0,0,0,0,0,0,0,0,1,0,0,0,1,0,0,0,0,0,0,0,0,0,1,0,0,0,0,0,0,0,0,0,0,0,0,0,0,0,0,0,0,0,0,0,0,0,0,0,0,0,0,0,0,0,0,0,0,0,0,0,0,0,0,0,0,0,0,0,0,0,0,0,0,0,0,1,0,0,0,0,0,0,0,0,0,0,0,0,0,0,0,0,0,0,0,0,0,0,0,0,0,0,0,0,0,0,0,0,1,0,0,0,0,0,0,0,0,0,0,0,0,0,0,0,0,0,0,0,0,0,0,0,0,0,0,0,1,0,0,0,0,0,0,0,0,0,0,0,0,0,0,0,0,0,0,0,0,0,0,0,0,0,0,0,0,0,0,0,0,0,0,0,0,0,0,0,0,0,0,0,0,0,0,0,0,0,0,0,0,0,0,0,0,0,0,0,0,0,0,0,0,0,0,0,0,0,0,0,0,0,0,0,0,0,0,0,0,0,0,0,1,0,0,0,0,0,0,0,0,0,0,0,0,0,0,0,0,0,0,0,0,0,0,0,0,0,0,0,0,0,0,0,0,0,0,1,0,0,1,0,0,0,0,0,0,0,0,0,0,0,0,0,0,0,0,0,0,0,0,0,1,0,0,0,0,0,0,0,1,0,0,0,0,0,0,0,0,0,0,0,0,0,1,0,1,0,0,0,0,0,0,1,0,0,0,0,0,0,0,0,0,0,0,0,0,0,0,0,0,0,0,0,0,0,0,0,0,0,0,0,0,0,0,0,0,0,0,0,0,0,0,0,0
mlightner,0,0,0,0,0,0,0,0,0,0,0,0,0,0,0,0,0,0,0,0,0,0,0,0,0,0,0,0,0,0,0,0,0,0,0,0,0,0,0,0,0,0,0,0,0,0,0,0,0,0,0,0,0,0,0,0,0,0,0,0,0,0,0,0,0,0,0,0,0,0,0,0,0,0,0,0,0,0,0,0,0,0,0,0,0,0,0,0,0,0,0,0,0,0,0,0,0,0,0,0,0,0,0,0,0,0,0,0,0,0,0,0,0,0,1,0,0,0,0,0,0,1,0,0,0,1,0,0,0,0,0,0,0,0,0,0,0,0,0,0,0,0,0,1,0,0,0,0,0,1,1,0,0,0,0,0,0,0,0,0,0,0,0,1,0,0,0,0,0,1,0,0,0,0,0,0,0,0,0,0,0,1,0,0,0,0,0,1,0,0,1,0,0,0,1,0,0,0,0,0,0,0,0,0,0,0,0,0,0,1,0,1,1,1,0,0,1,0,0,0,0,0,0,0,0,0,0,0,0,0,0,0,0,0,0,0,0,0,0,0,0,1,1,1,0,0,0,0,0,0,0,0,0,0,0,0,0,0,0,0,0,0,0,0,0,0,0,0,0,0,0,0,0,0,0,0,0,0,0,0,0,0,0,0,0,0,0,0,0,0,0,0,0,0,0,0,0,0,0,0,0,0,0,0,0,0,1,0,0,0,0,0,0,0,0,0,0,0,0,0,0,0,0,0,0,0,0,0,0,0,0,0,0,0,0,0,0,0,0,0,0,0,0,0,0,0,0,0,0,0,0,0,0,0,0,0,0,0,0,0,0,0,0,0,0,0,0,0,0,0,0,0,0,0,0,0,0,0,0,0,0,0,1,0,0,1,1,0,0,0,0,0,0,0,1,0,0,0,1,1,0,0,0,0,0,0,0,0,0,0,0,0,0,0,0,0,0,0,0,0,0,0,0,0,0,0,0,0,0,1,0,0,0,0,0,0,0,0,0,0,0,0,0,0,0,0,0,0,0,0,0,0,0,0,0,0,0,0,0,0,0,0,0,0,0,0,0,0,1,0,0,0,0,0,0,0,0,0,0,0,0,0,0,0,0,0,0,0,0,0,0,0,0,0,0,0,0,0,0,0,0,0,0,0,0,0,0,0,0,0,0,0,0,0,0,0,0,0,0,0,0,0,0,0,0,0,0,0,0,0,0,0,0,0,0,0,0,0,0,0,0,0,0,0,0,0,1,0,0,0,0,0,0,0,0,0,0,0,0,0,0,0,0,0,0,0,0,0,0,0,0,0,0,0,0,0,0,0,0,0,0,0,0,0,0,0,0,0,0,0,0,0,0,0,0,0,0,0,0,0,0,0,0,0,0,0,0,0,0,0,0,0,0,0,0,0,0,0,0,0,0,0,0,0,0,0,0,0,0,0,0,0,0,0,0,0,0,0,0,0,0,0,0,0,0,0,0,0,0,0,0,0,0,0,0,0,0,0,0,0,0,0,0,0,0,0,0,0,0,0,0,0,0,0,0,0,0,0,0,0,0,0,0,0,0,0,0,0,0,0,0
morgoth,0,0,0,0,0,0,0,0,0,0,0,0,0,1,0,0,0,0,0,0,0,0,1,0,0,0,0,0,0,0,0,0,0,0,0,0,0,0,0,0,0,0,0,0,0,0,0,0,0,0,0,0,0,0,0,0,0,0,0,0,0,0,0,0,0,0,0,0,0,0,0,0,0,0,0,0,0,0,0,1,0,0,0,0,0,0,0,0,0,1,0,0,0,0,0,0,0,0,0,0,0,0,0,0,1,0,0,0,0,0,0,0,0,0,0,0,0,0,1,0,0,0,0,0,0,0,0,0,0,0,0,0,0,0,0,0,0,1,0,1,0,0,0,0,0,0,0,0,0,0,0,0,0,0,0,1,0,0,0,0,0,0,0,0,0,0,0,0,0,0,0,0,0,0,0,0,0,0,0,0,0,0,0,0,0,0,0,0,0,0,0,0,0,0,0,0,0,0,0,0,0,0,0,0,0,0,0,0,0,0,0,0,0,0,0,0,0,1,0,0,0,0,0,0,0,0,0,0,0,0,0,0,0,0,0,0,0,0,0,0,0,0,0,0,0,0,0,0,0,0,0,0,0,0,0,0,0,0,0,0,0,0,0,0,0,0,0,0,0,0,0,0,0,0,0,0,0,1,0,0,0,0,0,0,0,0,1,0,0,0,0,0,0,0,0,0,0,0,0,0,0,0,0,0,0,0,0,0,0,0,0,0,0,0,0,0,0,0,0,0,0,0,0,0,0,0,0,0,0,0,0,0,0,0,0,0,0,0,0,0,0,0,0,0,0,0,0,0,0,0,0,0,0,0,0,0,0,0,0,0,0,0,0,0,0,0,0,0,0,0,0,0,1,0,0,0,1,0,0,0,0,0,0,0,0,0,0,0,0,0,0,0,0,0,0,0,0,0,0,0,0,1,0,0,0,0,0,0,0,0,1,0,0,0,0,0,0,0,0,0,0,0,0,0,0,0,0,0,1,0,0,0,0,0,0,0,0,0,0,0,0,0,0,0,0,0,0,0,0,0,1,0,1,0,0,0,0,1,0,0,0,0,1,0,0,0,0,0,0,0,0,0,0,0,0,0,0,0,0,0,0,0,0,0,0,0,0,0,0,0,0,0,0,0,0,0,0,0,0,0,0,0,0,0,0,0,0,0,0,0,0,0,0,0,0,0,0,0,0,0,0,0,0,0,1,1,0,0,0,0,0,0,0,0,0,0,0,0,0,0,0,1,0,0,0,0,0,0,0,0,0,0,0,0,0,0,0,0,0,0,0,0,0,0,0,0,0,0,0,0,0,0,0,0,0,0,1,0,0,0,0,0,0,1,1,0,0,0,0,0,0,0,0,0,0,0,0,1,0,0,0,0,0,0,0,0,0,0,0,0,0,0,0,0,0,0,0,0,0,0,0,0,0,0,0,0,0,0,0,0,0,0,0,0,0,0,0,0,0,0,0,0,0,0,0,0,0,0,0,0,0,0,0,0,0,0,1,0,0,0,0,0,0,0,0,0,0,0,0,0,0,0,0,0,0,1,0,0,0,0,0,0,0,0,0,0,0,0,0,0,0
mschuerig,0,0,0,0,0,0,0,0,0,0,0,0,0,0,0,0,0,0,0,0,0,0,0,0,0,0,0,0,0,0,0,0,0,0,0,0,0,0,0,0,0,0,0,0,0,0,0,1,0,0,0,0,1,0,0,1,0,0,0,0,0,0,0,0,0,0,0,0,0,0,0,0,0,0,0,0,0,0,0,0,0,0,0,0,0,0,0,0,1,0,0,0,0,1,1,0,0,0,0,0,0,0,0,0,0,0,0,0,0,0,0,0,1,0,0,1,0,0,0,0,0,0,0,0,0,0,0,0,0,0,0,0,0,0,0,0,0,0,0,0,0,0,0,0,0,0,0,0,0,0,0,0,0,0,0,0,0,0,0,0,0,0,0,0,0,0,0,0,0,0,0,0,0,0,0,0,0,0,0,0,0,0,0,0,1,0,0,0,0,0,0,0,0,0,0,1,0,0,0,0,0,1,0,0,0,0,0,0,0,0,0,0,0,0,0,0,0,0,0,0,1,0,0,0,0,1,0,0,0,0,0,0,0,0,0,1,0,0,0,0,0,0,0,0,0,0,0,0,0,0,0,0,0,0,0,0,0,0,0,0,0,0,0,0,0,0,0,0,0,0,1,0,0,0,0,0,0,0,0,0,0,0,0,0,0,0,0,0,0,0,0,0,0,0,0,0,0,0,0,0,0,0,1,0,0,0,0,0,0,0,0,0,0,0,0,0,0,0,0,1,0,0,0,0,0,0,0,0,0,0,0,0,0,0,0,0,0,1,0,0,0,0,1,0,0,0,0,0,0,0,0,0,0,0,0,0,0,0,0,0,0,0,0,0,0,1,0,0,0,0,0,0,0,0,0,0,0,0,0,0,0,0,0,0,0,0,0,0,0,0,0,0,0,0,0,0,0,0,0,0,1,0,0,0,0,0,0,0,0,0,0,0,0,0,0,0,0,0,0,0,0,0,0,0,0,0,0,0,0,0,0,0,0,0,0,0,0,0,0,0,0,0,0,0,0,0,0,0,0,0,0,0,0,0,0,0,0,0,1,1,0,0,0,0,0,0,0,0,0,0,0,0,0,0,0,0,0,0,0,1,0,0,0,0,0,0,0,0,0,0,0,0,0,0,0,0,0,0,0,0,0,0,0,0,0,0,1,0,0,0,0,0,0,0,0,1,0,0,0,0,0,0,0,0,0,0,0,0,1,0,0,0,0,0,0,0,0,0,0,0,0,0,0,0,0,0,0,0,0,0,0,0,0,0,0,0,0,0,0,0,0,0,0,0,0,0,0,0,0,0,0,0,0,0,0,0,0,0,0,0,0,0,0,0,0,0,0,0,0,0,0,0,0,0,1,0,0,0,1,0,0,0,0,0,0,0,0,0,0,0,0,0,0,0,0,0,0,0,0,0,0,0,0,0,0,0,0,0,0,0,0,0,0,0,0,0,0,0,0,0,0,0,0,0,0,0,0,0,0,0,0,0,0,0,0,0,0,0,1,0,0,0,0,0,0,0,0,0,0,0,0,0,0,0,0,0,0,0,0,0,0,0,0,0,0,0,0,0,0,0,0
nathanl,0,0,0,0,0,0,0,0,0,0,0,0,0,0,0,0,0,0,0,0,0,0,0,1,0,0,0,0,0,0,0,0,0,0,0,0,0,0,0,0,0,0,0,0,0,0,0,0,0,0,0,0,0,0,0,0,0,0,0,0,0,0,0,0,0,1,0,0,0,0,0,0,0,0,0,0,0,0,0,0,0,0,0,0,0,0,0,0,0,0,0,0,0,0,0,1,0,0,0,0,0,0,0,0,0,0,0,0,0,1,0,0,0,0,0,0,0,0,0,0,1,0,1,0,0,0,0,0,0,0,0,1,0,0,0,0,0,0,0,0,0,0,0,0,0,0,0,0,0,0,0,0,1,0,0,0,0,0,0,0,0,0,0,0,0,0,0,0,0,0,0,0,0,0,0,0,0,0,0,0,0,0,0,0,0,0,0,0,0,0,0,0,0,0,0,0,0,0,0,0,0,0,0,0,0,0,0,0,0,0,0,0,0,0,0,0,0,0,0,0,0,0,0,0,0,0,0,0,0,0,0,0,0,0,0,0,0,0,0,1,0,0,0,0,1,0,0,0,0,1,0,0,0,0,0,0,0,0,0,0,0,0,0,1,0,0,0,0,0,0,0,0,0,0,1,1,0,0,0,0,0,0,0,0,0,0,0,0,1,0,0,0,0,0,0,0,0,0,0,0,0,0,0,0,0,0,0,0,0,0,0,1,0,0,0,0,0,0,0,0,0,0,0,0,0,0,0,1,0,1,0,0,0,0,0,0,0,0,0,0,1,0,0,1,0,0,0,0,0,0,0,0,0,0,0,0,0,0,0,0,0,0,0,0,0,0,0,0,0,0,0,0,0,0,0,0,0,0,0,0,0,0,0,0,0,0,0,0,0,0,0,1,0,0,0,0,0,1,0,0,0,0,1,1,0,0,0,0,0,0,0,0,0,0,0,0,0,0,0,0,0,0,0,0,0,0,0,0,0,0,1,0,0,0,0,0,0,0,0,0,0,0,0,0,0,0,0,0,0,0,0,0,0,0,0,0,1,0,0,0,0,0,0,0,0,0,0,0,0,0,0,0,0,1,0,0,0,0,0,0,0,0,0,0,0,0,0,0,0,0,0,0,0,0,0,0,0,0,0,0,0,0,0,0,0,0,0,0,0,0,0,0,0,0,0,0,0,0,0,0,0,0,0,0,0,0,0,0,0,0,0,0,0,0,0,0,0,0,0,0,0,0,0,0,0,0,0,0,0,0,0,0,0,0,0,0,0,0,0,0,0,0,0,0,0,0,0,0,0,0,0,0,0,0,0,0,0,0,0,0,0,0,0,0,0,0,0,0,0,0,0,0,0,0,0,0,0,0,0,0,0,0,0,0,0,0,0,0,0,0,0,0,0,0,0,0,0,0,0,0,0,0,0,0,0,0,0,0,0,0,0,1,0,0,0,0,0,0,0,0,0,0,0,0,0,0,0,0,0,0,0,0,0,0,0,0,0,0,0,1,0,0,0,0,0,0,0,0,0,0,0,0,0,0,0,0,1,0,0,0,0,0,0,0,0,0,0,0,0,0,0
nblumoe,0,0,0,0,0,0,0,0,0,0,0,0,0,0,0,0,0,0,0,0,0,0,0,0,0,0,0,0,0,0,0,0,0,0,0,0,0,0,0,0,0,0,0,0,0,0,0,0,0,0,0,0,0,0,0,0,0,0,0,0,0,0,0,0,0,0,0,0,0,0,0,0,0,0,0,0,0,0,1,0,0,0,0,0,0,0,0,0,0,0,0,0,0,0,0,0,0,0,0,0,0,0,0,0,0,0,0,0,0,0,0,1,0,0,0,0,0,0,0,0,0,0,0,0,0,0,0,0,0,0,0,0,0,0,0,0,0,0,0,0,0,1,0,0,0,0,0,0,0,0,0,0,0,0,0,0,0,1,0,0,0,0,0,0,0,0,0,0,0,0,0,0,0,0,1,0,0,0,0,0,0,0,0,0,0,0,0,0,0,0,0,0,0,0,0,0,0,0,0,0,0,0,0,0,0,0,0,0,0,0,0,0,0,0,0,0,0,0,0,0,0,0,0,0,0,0,0,0,0,0,0,0,0,0,0,0,0,0,0,0,0,0,0,0,0,0,0,0,0,0,0,0,0,0,0,0,0,0,0,0,0,0,0,0,0,0,0,0,0,0,0,0,0,0,0,0,0,0,0,0,0,0,0,0,0,0,0,0,0,0,0,0,0,0,0,0,0,0,0,0,0,0,0,0,0,0,0,0,0,0,0,0,0,0,0,0,0,0,0,0,0,0,1,0,0,0,0,0,0,0,0,0,0,0,0,0,0,0,0,0,0,0,0,0,0,0,0,0,0,0,0,0,0,1,0,0,0,0,0,0,0,0,0,0,0,0,0,0,0,0,0,0,0,0,0,1,0,0,0,0,0,0,0,0,0,0,0,0,0,0,0,0,0,0,0,0,0,0,0,0,0,0,0,0,0,0,0,0,0,0,0,1,0,0,0,0,0,0,0,0,0,0,0,1,0,0,0,0,0,0,0,0,0,0,0,0,0,0,1,0,0,0,0,0,0,0,0,0,0,0,0,0,0,0,0,0,0,0,0,0,0,0,0,1,0,0,0,0,0,1,1,0,0,0,0,0,0,0,0,0,0,0,0,0,0,1,0,0,0,0,0,0,0,0,0,0,0,0,0,0,0,0,0,0,0,0,0,0,0,0,1,0,0,0,0,0,0,0,0,0,0,0,0,0,0,0,0,0,0,0,0,0,0,0,0,0,0,0,0,0,1,0,0,0,0,0,0,0,0,0,0,0,0,0,0,0,0,0,0,0,0,0,0,0,0,0,0,0,0,0,0,0,0,0,0,0,0,0,0,0,0,0,0,0,0,0,0,0,0,0,0,0,0,0,0,0,0,0,0,0,0,0,0,0,0,0,0,0,0,0,0,0,0,0,0,0,0,0,0,0,0,0,0,0,0,0,0,0,0,0,1,0,0,0,1,0,0,0,0,0,0,0,0,0,0,1,0,0,0,0,0,0,0,0,0,0,0,0,0,0,0,0,0,0,1,0,0,0,0,0,0,0,0,0,0,0,0,0,0,0,1,0,0,1,1,1,1,1,1,1,1
obrie,0,0,0,0,0,0,0,1,0,0,0,0,0,0,0,0,0,0,0,0,0,0,0,0,0,0,0,0,0,0,0,0,0,1,0,0,0,0,0,1,1,0,0,0,0,1,0,0,0,0,0,0,0,0,0,0,0,0,0,0,0,0,0,0,0,0,0,0,0,0,0,0,0,0,0,0,0,0,0,0,0,0,1,0,1,0,0,0,0,0,0,0,0,0,0,0,1,0,0,0,0,0,0,0,0,0,1,0,0,0,0,0,0,0,0,0,0,0,0,0,0,0,0,0,0,0,0,0,0,0,0,0,1,0,0,0,0,0,0,0,0,0,0,0,0,0,0,0,0,0,0,0,0,0,0,0,0,0,0,0,0,0,0,0,0,0,0,0,0,0,0,0,0,0,0,0,0,0,0,0,0,0,0,0,0,1,0,0,0,0,0,0,0,0,0,0,0,0,0,0,0,0,0,0,0,0,0,0,0,0,0,0,0,0,1,0,0,0,0,0,0,0,0,0,0,0,0,0,0,0,0,0,0,0,0,0,0,1,0,0,0,0,0,0,0,1,0,0,0,0,0,0,0,0,0,0,0,0,0,0,0,0,0,0,0,0,0,0,0,0,0,0,0,0,0,0,0,0,1,0,0,1,1,0,0,0,0,0,0,0,0,0,0,0,0,0,0,0,0,0,1,0,0,1,1,0,0,0,0,0,0,0,0,0,0,1,0,0,0,0,0,0,0,0,0,0,0,0,0,0,0,0,0,0,0,0,0,0,0,1,0,0,0,0,0,0,0,0,0,0,0,0,0,0,0,0,0,0,0,0,0,0,0,0,0,0,0,0,0,0,0,0,0,0,0,0,0,0,0,0,0,0,0,0,0,0,0,0,0,0,0,0,0,0,0,0,0,0,0,0,0,0,0,0,0,1,0,1,0,0,0,0,1,0,0,0,0,0,0,0,0,0,0,0,0,0,0,0,0,0,0,0,0,0,0,0,0,0,0,0,0,0,0,0,0,0,0,1,0,0,0,0,0,0,0,0,0,0,0,0,0,0,0,0,0,0,0,0,0,0,0,0,0,0,0,0,0,0,0,0,0,0,0,0,0,0,0,0,0,0,0,0,0,0,0,0,0,0,0,0,0,0,0,0,0,0,0,0,0,0,0,0,0,0,0,0,0,0,0,0,1,0,0,0,0,0,0,1,0,0,0,0,0,0,0,0,0,0,0,0,0,0,0,0,0,0,0,0,0,0,0,0,0,0,0,0,0,0,0,0,0,0,0,0,0,0,1,0,0,0,0,0,0,0,0,0,0,0,0,0,0,0,0,0,0,0,0,0,0,0,0,0,0,0,0,0,0,0,0,0,0,0,0,0,0,0,0,0,0,0,0,0,0,0,0,0,0,0,0,0,0,0,0,0,0,0,0,0,0,0,0,0,0,0,0,0,0,0,0,0,0,0,0,0,0,0,0,0,0,0,0,0,0,0,0,0,0,0,0,0,0,0,0,0,0,0,0,0,0,0,0,0,0,0,0,0,0,1,0,0,0,0,0,0,0,0,0,0,0,0,0
quinn,0,1,0,0,0,0,0,0,0,0,0,0,1,0,0,0,1,0,0,0,0,0,0,0,0,0,0,0,0,0,0,0,0,0,0,0,0,0,0,0,0,0,0,0,0,0,0,0,0,0,1,0,1,0,0,0,0,0,0,0,0,0,0,0,0,0,0,0,0,0,0,0,0,0,0,0,0,0,0,0,0,0,0,0,0,0,0,0,0,0,0,0,0,0,0,0,0,0,0,0,0,0,0,0,0,0,0,0,0,0,0,0,0,0,0,0,0,0,0,0,0,0,0,0,0,0,0,0,0,0,0,0,0,0,0,0,0,0,0,0,0,0,0,0,0,0,0,0,0,0,0,0,0,0,0,0,0,0,0,0,1,0,0,0,0,0,0,0,0,0,0,0,0,0,0,0,0,0,0,0,0,0,0,0,0,0,0,0,0,0,0,0,0,0,0,0,0,0,1,0,0,0,0,0,1,0,0,0,0,0,1,0,0,0,0,0,0,0,0,0,0,1,0,0,0,0,0,0,0,0,1,0,0,0,0,0,0,0,1,0,0,0,0,0,0,0,0,0,0,0,0,0,0,0,0,1,0,0,0,0,0,0,0,0,0,0,0,0,0,0,0,0,0,0,0,0,0,0,0,0,0,0,0,0,0,0,0,0,0,0,0,0,0,0,0,0,0,0,0,0,0,0,0,0,0,0,0,0,0,0,0,0,0,0,0,0,0,0,0,0,0,0,0,0,0,0,0,0,0,0,0,0,0,0,0,0,0,0,0,0,0,0,0,0,0,0,0,0,0,0,0,0,0,0,0,1,0,0,0,0,0,0,0,0,1,0,1,0,0,0,0,0,0,0,0,0,0,0,0,0,0,0,0,0,0,0,0,0,0,0,0,0,0,0,0,0,0,0,0,0,0,0,0,0,0,0,0,0,0,0,0,0,0,0,0,0,0,0,0,0,0,0,0,0,0,0,0,0,0,0,0,0,0,0,0,0,0,0,0,1,0,0,0,0,0,0,0,0,0,0,0,0,0,0,0,0,0,0,0,0,0,0,0,0,0,0,0,0,0,0,0,0,0,0,0,0,0,0,0,0,0,0,0,0,0,0,0,0,0,0,0,0,0,0,0,1,0,0,0,0,0,0,1,1,0,0,0,0,0,0,0,0,0,0,0,0,0,0,0,0,0,0,0,0,0,0,0,0,0,0,0,0,0,0,0,0,0,0,0,0,0,0,0,0,0,0,0,0,0,0,0,0,0,0,1,0,0,0,0,0,0,0,0,0,0,0,0,0,0,0,0,0,0,0,0,0,0,0,0,1,0,0,0,0,0,0,0,0,0,0,0,0,0,0,0,0,0,0,0,0,0,0,0,0,0,0,0,0,0,0,0,0,0,0,0,1,0,0,0,0,1,0,0,0,0,1,0,0,0,0,0,0,0,0,0,0,0,0,0,1,0,0,0,0,0,0,0,0,0,0,0,0,0,0,0,0,0,0,0,0,0,0,0,1,0,0,1,1,1,0,0,0,0,0,0,0,0,0,0,0,0,0,0,0,0,0,0,0,0,0,0
rdpoor,0,0,0,0,0,0,0,0,0,0,0,0,0,0,0,0,0,0,0,0,0,0,0,0,0,0,0,0,0,0,0,0,0,0,0,0,0,0,0,0,0,0,0,0,0,0,0,0,0,0,0,0,0,0,0,0,0,0,0,0,0,0,0,0,0,0,0,0,0,0,0,0,0,0,0,0,0,0,0,0,0,0,0,0,0,0,0,0,0,0,0,0,0,0,0,0,0,0,0,0,0,0,0,0,0,0,0,0,0,0,0,0,0,0,0,0,0,0,0,0,0,0,0,0,0,0,0,0,0,0,0,0,0,0,0,0,0,0,0,0,0,0,0,0,0,0,0,0,0,0,0,0,0,0,0,0,0,0,0,0,0,0,0,0,0,0,0,0,0,0,0,0,0,0,0,0,0,0,0,0,0,0,0,0,0,0,0,0,0,0,0,0,0,0,0,0,0,0,0,0,0,0,0,0,0,0,0,0,0,0,0,0,0,0,0,0,0,0,0,0,0,0,0,0,0,0,0,0,0,0,0,0,0,0,0,0,0,0,0,0,0,0,0,0,0,0,0,0,0,0,0,0,0,0,0,0,0,0,0,0,0,0,0,0,0,0,0,0,0,0,0,0,0,0,0,0,0,0,0,0,0,0,0,0,0,0,0,0,0,0,0,0,0,0,0,0,0,0,0,0,0,0,0,0,0,0,0,0,0,0,0,0,0,0,0,0,0,0,0,0,0,0,0,0,0,1,1,0,0,0,0,0,0,0,0,0,0,0,0,0,0,0,0,0,0,0,0,0,0,0,0,0,0,0,0,0,0,0,0,0,0,0,0,0,0,0,0,0,0,0,0,0,0,0,0,0,0,0,0,0,0,0,0,0,0,0,0,0,0,0,0,0,0,0,0,0,0,0,0,0,0,0,0,0,0,0,0,0,0,0,0,0,0,0,0,0,0,0,0,0,0,0,0,0,0,0,0,0,0,0,0,0,0,0,0,0,0,0,0,0,0,0,0,0,0,0,0,0,0,0,0,0,0,0,0,0,0,0,0,0,0,0,0,0,0,0,0,0,0,0,0,0,0,0,0,0,0,0,0,0,0,0,0,0,0,0,0,0,0,0,0,0,0,0,0,0,0,0,0,0,0,0,0,0,0,0,0,0,0,0,0,0,0,0,0,0,0,0,0,0,0,0,0,0,0,0,0,0,0,0,0,0,0,0,0,0,0,0,0,0,0,0,0,0,0,0,0,0,0,0,0,0,0,0,0,0,0,0,0,0,0,0,0,0,0,0,0,0,0,0,0,0,0,0,0,0,0,0,0,0,0,0,0,0,0,0,0,0,0,0,0,0,0,0,0,0,0,0,0,0,0,0,0,0,0,0,0,0,0,0,0,0,0,0,0,0,0,0,0,0,0,0,0,0,0,0,0,0,0,0,0,0,0,0,0,0,0,0,0,0,0,0,0,0,0,0,0,0,0,0,0,0,0,1,0,0,0,0,0,0,0,0,0,0,0,0,0,0,0,0,0,0,0,0,0,0,0,0,0,0,0,0,0,0,0,0,0,0,0,0,0
sanemat,0,0,0,0,0,0,0,0,0,0,0,0,0,0,0,0,0,0,0,0,0,0,0,0,0,1,0,0,0,0,0,0,0,0,0,0,0,0,0,0,0,0,0,0,0,0,0,0,0,0,0,0,0,0,0,0,0,0,0,0,0,0,0,0,0,0,0,0,0,0,0,0,0,0,0,0,0,0,0,0,0,0,0,0,0,0,0,0,0,0,0,1,1,0,0,0,0,0,0,0,0,0,0,0,0,0,0,0,1,0,0,0,0,0,0,0,0,0,0,0,0,0,0,0,0,0,0,0,1,0,0,0,0,0,0,0,0,0,0,0,0,0,0,0,0,0,0,0,0,0,0,0,0,0,0,0,0,0,0,0,0,0,0,0,0,0,0,0,0,0,0,0,0,0,0,0,0,0,0,1,0,0,0,0,0,0,0,0,0,0,0,0,0,0,0,0,0,0,0,0,0,0,1,0,0,0,0,0,1,0,0,0,0,0,0,0,0,0,1,0,0,0,0,0,0,0,1,1,0,0,0,0,0,1,0,0,0,0,0,0,0,0,0,0,0,0,0,0,0,0,0,0,0,0,0,0,0,0,0,0,0,0,0,0,0,0,0,0,0,0,0,0,0,0,0,0,1,0,0,0,0,0,0,0,0,0,0,0,0,0,1,0,0,0,0,0,0,0,0,0,0,0,0,0,0,0,0,0,0,0,0,0,0,0,0,0,0,0,0,0,0,0,0,0,0,0,0,0,0,0,0,0,0,0,0,1,0,0,0,0,0,0,0,0,0,0,0,1,0,0,0,0,0,0,0,0,0,0,0,0,0,0,0,0,0,0,0,0,0,0,0,0,0,0,0,0,0,0,0,0,0,0,0,1,0,0,0,1,0,0,0,0,0,0,0,1,0,0,0,0,0,0,0,0,0,0,0,0,0,0,0,0,0,0,0,0,0,0,0,0,0,0,0,0,1,0,0,0,0,0,0,0,0,0,0,0,0,0,0,0,0,0,0,0,0,0,0,0,0,0,0,0,0,0,0,0,0,0,0,0,0,0,0,0,0,0,0,0,0,0,0,0,0,0,0,0,0,0,0,0,0,0,0,0,1,0,0,0,0,0,0,0,0,0,0,0,0,0,0,0,0,0,0,0,0,0,0,0,0,0,0,0,0,1,0,0,0,0,0,0,0,0,0,0,0,0,1,0,0,0,0,0,0,0,0,0,0,0,0,0,0,0,0,1,0,0,0,0,0,0,0,0,0,0,0,0,0,0,0,0,0,0,0,0,0,0,0,0,0,0,0,0,0,0,0,1,0,0,0,0,0,0,0,0,0,0,0,0,0,0,0,0,0,0,0,0,0,0,0,0,0,0,0,0,0,0,0,0,0,0,0,0,0,0,0,0,0,0,0,0,0,0,1,0,0,0,0,0,0,0,0,0,0,0,0,0,1,0,0,0,0,0,0,0,0,0,0,0,0,0,0,0,1,0,0,0,0,0,0,0,0,0,0,0,0,0,0,0,0,1,0,1,0,0,0,0,0,0,0,0,0,0,0,0,0,0,0,0,0,0,0
shanghaichris,0,0,0,0,0,0,0,0,0,0,0,0,0,0,0,0,0,0,0,0,1,0,0,0,1,0,0,0,1,1,0,0,1,0,0,0,0,0,0,0,0,0,0,1,0,0,0,0,0,1,0,0,0,0,0,0,1,0,1,0,0,1,1,0,0,0,0,1,0,1,0,0,0,0,0,0,1,0,0,0,0,1,0,0,0,0,0,0,0,0,0,0,0,0,0,0,0,0,0,0,0,0,0,0,0,0,0,0,0,0,0,0,0,0,0,0,0,0,0,0,0,0,0,0,0,0,0,0,0,0,0,0,0,0,0,0,0,0,0,0,0,0,0,0,0,0,0,0,0,0,0,0,0,0,0,0,0,0,0,0,0,0,0,0,0,0,0,0,0,0,0,0,0,0,0,0,0,0,0,0,0,0,1,0,0,0,0,0,0,0,0,0,0,0,0,0,0,0,0,0,0,0,0,0,0,1,0,0,0,0,0,0,0,0,0,0,0,0,0,0,0,0,0,0,0,0,0,0,0,0,0,0,0,0,0,0,0,0,0,0,0,0,0,0,0,0,0,0,0,0,0,0,0,0,0,0,0,0,0,0,0,0,0,0,0,0,0,0,0,0,0,0,1,0,0,0,0,0,0,0,0,0,0,0,1,0,0,0,0,0,0,0,0,0,0,0,0,0,0,0,0,0,0,0,0,0,0,0,0,0,0,0,1,0,0,0,0,0,0,0,0,0,0,0,0,0,0,0,0,0,0,0,0,0,0,0,0,0,0,0,0,0,0,0,0,0,0,0,0,0,0,0,0,0,0,0,0,0,0,0,0,0,0,0,0,0,0,0,0,0,0,0,0,0,0,0,0,0,0,0,0,0,0,0,0,0,0,0,0,1,0,0,0,0,0,0,0,0,0,0,0,0,0,0,0,1,0,0,0,0,0,0,0,0,0,1,0,0,1,0,0,0,0,0,0,0,0,0,0,0,0,0,0,0,0,0,0,0,0,0,0,0,0,0,0,1,0,0,0,0,0,0,0,0,0,1,0,0,0,0,0,0,0,0,0,0,0,0,0,0,0,0,1,0,0,0,0,0,0,0,0,0,0,0,0,0,0,0,0,0,0,0,0,0,0,0,0,0,0,0,0,0,0,0,0,0,0,0,0,0,0,0,0,0,0,0,0,0,0,0,0,0,0,0,0,0,0,0,0,0,0,0,0,0,0,0,0,0,0,0,0,0,0,0,0,0,0,0,0,0,0,0,0,0,0,0,0,0,0,0,0,0,1,0,0,0,0,0,0,0,0,0,0,0,0,0,0,0,0,0,0,0,0,0,0,0,0,0,0,0,0,0,0,0,0,0,0,0,0,0,0,0,0,0,0,0,0,0,0,0,0,0,0,0,0,0,0,0,0,0,0,0,0,0,0,0,0,0,0,1,0,0,0,0,0,0,0,0,0,0,0,0,0,0,0,0,0,1,0,0,0,0,0,0,0,0,0,0,0,0,0,0,0,0,0,0,0,0,0,0,0,0,0,0,0,0,0,0,0,0,0,0,0,0,0,0,0,0,0,0,0
stefanpenner,0,0,0,0,0,0,0,0,0,1,0,0,0,0,0,0,0,0,0,0,0,0,0,0,0,0,0,0,0,0,0,0,0,0,0,0,0,1,1,0,0,0,0,0,0,0,0,0,0,0,0,1,0,0,1,0,0,0,0,0,0,0,0,0,0,0,0,0,0,0,0,0,0,0,0,0,0,0,0,0,0,0,0,0,0,0,0,0,0,0,0,0,0,0,0,0,0,0,0,0,0,0,0,0,0,0,0,0,0,0,0,0,0,0,0,0,0,0,0,0,0,0,0,0,0,0,0,0,0,0,0,0,0,0,0,0,0,0,0,0,0,0,0,0,1,0,0,0,0,0,0,0,0,0,0,0,0,0,0,0,0,0,0,0,0,0,0,0,0,0,0,0,0,1,0,0,0,0,0,0,1,0,0,0,0,0,0,0,0,0,0,1,0,0,0,0,0,0,0,0,0,0,0,0,0,0,0,0,0,0,0,0,0,0,0,0,0,0,0,0,0,0,0,0,0,0,0,0,0,0,0,0,0,0,1,0,0,0,0,0,0,0,0,0,0,0,0,0,0,0,0,0,0,0,0,0,1,0,0,0,0,0,0,0,0,0,0,0,1,1,0,0,0,0,0,0,0,0,0,0,0,0,0,0,0,0,0,0,0,0,0,0,0,0,0,0,0,1,0,0,0,0,0,0,0,0,0,1,1,0,0,0,0,0,0,0,0,0,0,0,0,0,0,0,1,0,0,0,0,0,1,0,0,0,0,0,0,0,1,0,0,0,0,0,0,0,0,0,0,1,0,0,0,0,0,0,0,0,0,0,0,0,0,0,0,0,0,0,0,1,0,0,0,0,0,0,0,0,0,0,0,0,0,0,0,0,0,0,0,0,0,0,0,0,0,0,0,0,0,0,0,0,0,0,0,0,0,0,0,0,0,0,0,0,0,0,0,0,0,0,0,0,0,0,0,0,0,0,0,0,0,0,0,0,0,0,1,0,0,0,0,0,0,0,0,0,0,0,0,0,0,0,0,1,0,0,0,0,0,0,0,0,0,0,1,0,0,0,0,0,0,0,0,0,0,0,0,0,0,0,0,0,0,0,0,0,0,0,0,0,0,0,0,0,0,0,0,0,0,0,0,0,0,0,0,0,0,0,0,1,0,0,0,0,0,0,0,0,0,0,0,0,0,0,0,0,0,0,0,0,0,0,0,0,0,0,0,0,0,0,0,0,1,0,0,0,0,0,0,0,0,0,0,0,0,0,0,0,0,0,0,0,0,0,0,0,0,0,0,0,0,0,0,0,0,0,0,0,0,0,0,0,0,0,0,0,0,1,0,0,0,0,1,0,0,0,0,0,0,0,0,0,0,0,0,0,1,0,0,0,1,0,0,0,0,0,0,0,0,0,0,0,0,0,0,0,0,0,0,0,0,0,0,0,0,0,0,0,0,0,0,0,0,0,0,0,0,0,0,0,0,0,0,0,0,0,0,0,0,0,0,0,0,0,0,0,0,0,0,0,0,0,0,0,0,0,0,0,0,0,0,0,0,0,0,0,0,0,0,0,0
tlowrimore,0,0,0,0,0,0,0,0,0,0,0,1,0,0,0,0,0,0,0,0,0,0,0,0,0,0,0,0,0,0,0,0,0,0,0,0,1,0,0,0,0,0,0,0,0,0,0,0,0,0,0,0,0,0,0,0,0,0,0,0,0,0,0,1,0,0,0,0,0,0,0,0,0,0,0,0,0,0,0,0,0,0,0,0,0,0,0,0,0,0,0,0,0,0,0,0,0,0,0,1,0,1,0,0,0,0,0,0,0,0,0,0,0,0,0,0,0,1,0,0,0,0,0,0,0,0,0,0,0,0,0,0,0,0,0,0,0,0,0,0,0,0,0,0,0,0,0,0,0,0,0,0,0,0,0,0,0,0,0,0,0,0,0,0,0,0,0,0,0,0,0,0,0,0,0,0,0,0,0,0,0,0,0,0,0,0,0,0,0,0,0,0,1,1,0,0,0,0,0,0,0,0,0,0,0,0,0,0,0,0,0,0,0,0,0,0,0,0,0,0,0,0,0,0,0,0,0,0,0,0,0,0,0,0,0,0,0,0,0,0,0,0,0,0,0,0,0,0,0,0,0,0,0,0,0,0,0,0,0,0,0,0,0,0,0,0,0,0,0,0,0,0,0,0,0,0,0,0,0,1,0,0,0,0,0,0,0,0,0,0,0,0,1,0,0,0,0,0,1,0,0,0,0,0,0,0,0,0,0,0,0,0,0,0,0,0,0,0,0,0,0,0,0,0,0,0,0,0,0,0,0,0,0,0,0,0,0,0,0,0,0,0,0,0,0,0,0,0,0,0,0,1,0,0,0,0,0,0,0,0,0,0,0,0,0,0,0,0,0,0,0,0,0,0,0,0,0,1,0,0,0,1,0,0,0,0,0,0,0,0,1,0,1,1,0,0,0,0,0,0,0,0,0,0,0,0,0,0,0,0,0,0,0,0,0,0,0,0,0,0,0,0,0,0,0,0,0,0,0,0,0,0,0,0,0,0,0,0,0,0,0,0,0,0,0,0,0,0,0,0,0,0,0,0,0,0,0,0,0,0,0,0,0,0,0,0,0,0,0,0,0,0,0,0,0,0,0,0,0,0,1,0,0,0,0,0,0,0,0,0,0,0,0,0,0,0,0,1,0,0,0,0,0,0,0,0,0,0,0,0,0,0,0,0,0,0,0,0,0,0,0,0,0,0,0,0,0,0,0,0,0,0,0,0,0,0,1,0,0,0,0,0,0,0,0,0,0,0,1,0,0,0,0,0,0,0,0,0,0,0,0,0,0,1,0,0,0,0,0,0,1,0,0,0,0,0,0,0,0,0,0,0,0,0,0,0,0,0,0,1,0,0,0,0,0,0,0,0,0,0,1,0,0,0,0,0,0,0,0,0,0,0,0,1,0,0,0,0,0,0,0,0,0,0,0,0,0,1,1,0,0,0,0,0,0,0,0,0,0,0,0,0,0,0,0,0,0,0,1,0,0,0,0,0,0,0,0,0,0,1,0,0,0,0,0,0,0,0,0,0,0,0,0,0,0,0,0,0,0,0,0,0,0,0,0,0,0,0,0,0,0
