 ,MDEwOlJlcG9zaXRvcnk0MDA2OTMxNA==,MDEwOlJlcG9zaXRvcnk0MDI4MjMxNA==,MDEwOlJlcG9zaXRvcnk0MDM3OTI2NQ==,MDEwOlJlcG9zaXRvcnk0MDU2OTQ4,MDEwOlJlcG9zaXRvcnk0MDcyNjc1MA==,MDEwOlJlcG9zaXRvcnk0MDczNzkzMw==,MDEwOlJlcG9zaXRvcnk0MDk0NTA5OA==,MDEwOlJlcG9zaXRvcnk0MTExNzUyMw==,MDEwOlJlcG9zaXRvcnk0MTczODk=,MDEwOlJlcG9zaXRvcnk0MjI0MjUzMw==,MDEwOlJlcG9zaXRvcnk0MjQ1ODA0Nw==,MDEwOlJlcG9zaXRvcnk0MzIyNTExMw==,MDEwOlJlcG9zaXRvcnk0Mzc5NzcxOA==,MDEwOlJlcG9zaXRvcnk0NDM0MjI3Mw==,MDEwOlJlcG9zaXRvcnk0NDQ3MDIz,MDEwOlJlcG9zaXRvcnk0NDQxOTYyNA==,MDEwOlJlcG9zaXRvcnk0NTAzNjk2,MDEwOlJlcG9zaXRvcnk0NTE0Nzg0MQ==,MDEwOlJlcG9zaXRvcnk0NTE4MDc5,MDEwOlJlcG9zaXRvcnk0NjUxNjQzMA==,MDEwOlJlcG9zaXRvcnk0NjUzODUyNQ==,MDEwOlJlcG9zaXRvcnk0NjgzMTk=,MDEwOlJlcG9zaXRvcnk0NzA3MTk0MQ==,MDEwOlJlcG9zaXRvcnk0NzA5OTUxMQ==,MDEwOlJlcG9zaXRvcnk0Nzc3Mzcz,MDEwOlJlcG9zaXRvcnk0ODIwMzgxNQ==,MDEwOlJlcG9zaXRvcnk0ODU1MjkzMg==,MDEwOlJlcG9zaXRvcnk0ODcyMDUxNQ==,MDEwOlJlcG9zaXRvcnk0ODk0NTc2OA==,MDEwOlJlcG9zaXRvcnk0OTIzOTAxNg==,MDEwOlJlcG9zaXRvcnk0OTkxOTAyMw==,MDEwOlJlcG9zaXRvcnk1MDg4NDU=,MDEwOlJlcG9zaXRvcnk1MDk1MTcx,MDEwOlJlcG9zaXRvcnk1MTE2NDM5OA==,MDEwOlJlcG9zaXRvcnk1MTY3MTk1Mg==,MDEwOlJlcG9zaXRvcnk1MTc2MzQ3Nw==,MDEwOlJlcG9zaXRvcnk1MTc3NTY0OQ==,MDEwOlJlcG9zaXRvcnk1MTg4OTgz,MDEwOlJlcG9zaXRvcnk1MjMxNDE3NA==,MDEwOlJlcG9zaXRvcnk1MzEzMzg2MQ==,MDEwOlJlcG9zaXRvcnk1MzYzOTA5OQ==,MDEwOlJlcG9zaXRvcnk1Mzg3NDY=,MDEwOlJlcG9zaXRvcnk1NDUzODM3Mw==,MDEwOlJlcG9zaXRvcnk1NDc0OTk1OQ==,MDEwOlJlcG9zaXRvcnk1NTMzNzMzNg==,MDEwOlJlcG9zaXRvcnk1NTg3OTA=,MDEwOlJlcG9zaXRvcnk1NjE3MTMwOA==,MDEwOlJlcG9zaXRvcnk1NjMxNTcxNQ==,MDEwOlJlcG9zaXRvcnk1Njg3NjY0Mw==,MDEwOlJlcG9zaXRvcnk1NzYyMDE=,MDEwOlJlcG9zaXRvcnk1Nzc2NjIx,MDEwOlJlcG9zaXRvcnk1ODY1NTc1Nw==,MDEwOlJlcG9zaXRvcnk1OTI3NDM=,MDEwOlJlcG9zaXRvcnk1OTQzNTM2NA==,MDEwOlJlcG9zaXRvcnk1OTU0,MDEwOlJlcG9zaXRvcnk1OTkzNTQ1NA==,MDEwOlJlcG9zaXRvcnk2MDY0Mzg5OA==,MDEwOlJlcG9zaXRvcnk2MDkzMzE2,MDEwOlJlcG9zaXRvcnk2MTA5OTAxNw==,MDEwOlJlcG9zaXRvcnk2MTIwNDU0Nw==,MDEwOlJlcG9zaXRvcnk2MTYzNzQyMw==,MDEwOlJlcG9zaXRvcnk2MTgwMzUyOQ==,MDEwOlJlcG9zaXRvcnk2MTkxNzAzOQ==,MDEwOlJlcG9zaXRvcnk2MjU5MDI5NA==,MDEwOlJlcG9zaXRvcnk2MjYwNzIyNw==,MDEwOlJlcG9zaXRvcnk2MzAwNTg2,MDEwOlJlcG9zaXRvcnk2NDI1NDMwMg==,MDEwOlJlcG9zaXRvcnk2NDQ4MTc4OA==,MDEwOlJlcG9zaXRvcnk2NDQxMjY5Ng==,MDEwOlJlcG9zaXRvcnk2NDYwODg4MQ==,MDEwOlJlcG9zaXRvcnk2NDk4NDky,MDEwOlJlcG9zaXRvcnk2NTI5MjA1,MDEwOlJlcG9zaXRvcnk2NjE5MzE4,MDEwOlJlcG9zaXRvcnk2NzI2MjE4,MDEwOlJlcG9zaXRvcnk2NzM5NTg5MQ==,MDEwOlJlcG9zaXRvcnk2ODQwNzA1Mw==,MDEwOlJlcG9zaXRvcnk2ODg3ODEz,MDEwOlJlcG9zaXRvcnk2OTI4NDQzMQ==,MDEwOlJlcG9zaXRvcnk3MDA2MzA4Ng==,MDEwOlJlcG9zaXRvcnk3MTU4MzYwMg==,MDEwOlJlcG9zaXRvcnk3MTczMjQ2MA==,MDEwOlJlcG9zaXRvcnk3MTkzOTg3Mg==,MDEwOlJlcG9zaXRvcnk3MjE5NzkwOQ==,MDEwOlJlcG9zaXRvcnk3MjU3MzYxNw==,MDEwOlJlcG9zaXRvcnk3Mjk5MQ==,MDEwOlJlcG9zaXRvcnk3MzY2MzUx,MDEwOlJlcG9zaXRvcnk3NDA0OTI2Mg==,MDEwOlJlcG9zaXRvcnk3NDIwMDc1Mw==,MDEwOlJlcG9zaXRvcnk3NDQwNjc3,MDEwOlJlcG9zaXRvcnk3NDc2OTU1MQ==,MDEwOlJlcG9zaXRvcnk3NTU0ODI5OA==,MDEwOlJlcG9zaXRvcnk3NjA1MDUwMA==,MDEwOlJlcG9zaXRvcnk3NzQ2Mjkz,MDEwOlJlcG9zaXRvcnk3ODM0MDMy,MDEwOlJlcG9zaXRvcnk3OTYxNDAxMg==,MDEwOlJlcG9zaXRvcnk4MDA0MA==,MDEwOlJlcG9zaXRvcnk4MDM4Mzk0OA==,MDEwOlJlcG9zaXRvcnk4MDQ5MTUwOQ==,MDEwOlJlcG9zaXRvcnk4MDc5MzU2MQ==,MDEwOlJlcG9zaXRvcnk4MjA4MjY=,MDEwOlJlcG9zaXRvcnk4Mjk3NzcwNQ==,MDEwOlJlcG9zaXRvcnk4MzIyMjQ0MQ==,MDEwOlJlcG9zaXRvcnk4NTE0,MDEwOlJlcG9zaXRvcnk4NTEyOTQxNw==,MDEwOlJlcG9zaXRvcnk4NjM5NTYxOA==,MDEwOlJlcG9zaXRvcnk4NjU2MTc4OA==,MDEwOlJlcG9zaXRvcnk4Njg1OTg2,MDEwOlJlcG9zaXRvcnk4NzI5NTYx,MDEwOlJlcG9zaXRvcnk4NzUzNDQ4Mw==,MDEwOlJlcG9zaXRvcnk4Nzc4MDI4Nw==,MDEwOlJlcG9zaXRvcnk4ODAwNjE5Nw==,MDEwOlJlcG9zaXRvcnk4ODY0MjA1NA==,MDEwOlJlcG9zaXRvcnk5MDU4Mjk4OA==,MDEwOlJlcG9zaXRvcnk5MDk3MTQ0,MDEwOlJlcG9zaXRvcnk5MTc1OTI0,MDEwOlJlcG9zaXRvcnk5MjAxNTA4,MDEwOlJlcG9zaXRvcnk5MjMwMjg=,MDEwOlJlcG9zaXRvcnk5MjU1MDE1,MDEwOlJlcG9zaXRvcnk5MjY1Mjk0,MDEwOlJlcG9zaXRvcnk5MzQ0NjEwMQ==,MDEwOlJlcG9zaXRvcnk5MzU1ODI3Ng==,MDEwOlJlcG9zaXRvcnk5Mzk2MDEwNA==,MDEwOlJlcG9zaXRvcnk5NDM2NzY3Nw==,MDEwOlJlcG9zaXRvcnk5NDQ5ODYzNQ==,MDEwOlJlcG9zaXRvcnk5NTIxODk=,MDEwOlJlcG9zaXRvcnk5NTcxMjYxNA==,MDEwOlJlcG9zaXRvcnk5NzMzNDkxMQ==,MDEwOlJlcG9zaXRvcnk5OTUzMzM0MQ==,MDEwOlJlcG9zaXRvcnkxMDEyOTY4ODE=,MDEwOlJlcG9zaXRvcnkxMDM1NDQ4,MDEwOlJlcG9zaXRvcnkxMDM3ODQxNDI=,MDEwOlJlcG9zaXRvcnkxMDM5NTIw,MDEwOlJlcG9zaXRvcnkxMDU0MDcwNQ==,MDEwOlJlcG9zaXRvcnkxMDYwMTczNDM=,MDEwOlJlcG9zaXRvcnkxMDYwODQ0MDc=,MDEwOlJlcG9zaXRvcnkxMDYxODY4OTQ=,MDEwOlJlcG9zaXRvcnkxMDc1Nzcz,MDEwOlJlcG9zaXRvcnkxMDcwNzY1OA==,MDEwOlJlcG9zaXRvcnkxMDg0NjkzNTE=,MDEwOlJlcG9zaXRvcnkxMDg1NjM0MA==,MDEwOlJlcG9zaXRvcnkxMDg2NTQzNg==,MDEwOlJlcG9zaXRvcnkxMTA4NTA5NzQ=,MDEwOlJlcG9zaXRvcnkxMTAyNjI3NTQ=,MDEwOlJlcG9zaXRvcnkxMTE1ODEwMTc=,MDEwOlJlcG9zaXRvcnkxMTQyMzc1OA==,MDEwOlJlcG9zaXRvcnkxMTU0NTg2NTY=,MDEwOlJlcG9zaXRvcnkxMTU4NTk5NzM=,MDEwOlJlcG9zaXRvcnkxMTUwNzk1MDU=,MDEwOlJlcG9zaXRvcnkxMTUxNTEwMA==,MDEwOlJlcG9zaXRvcnkxMTYyODA2MTQ=,MDEwOlJlcG9zaXRvcnkxMTc3MTQzNA==,MDEwOlJlcG9zaXRvcnkxMTc4Mjk5NA==,MDEwOlJlcG9zaXRvcnkxMTg1MTAxNzE=,MDEwOlJlcG9zaXRvcnkxMTg2OTYzOA==,MDEwOlJlcG9zaXRvcnkxMTgxMDI4NjU=,MDEwOlJlcG9zaXRvcnkxMTgxOTI3,MDEwOlJlcG9zaXRvcnkxMTk3NDI4,MDEwOlJlcG9zaXRvcnkxMTk3NzIyODk=,MDEwOlJlcG9zaXRvcnkxMTkxOTAxODc=,MDEwOlJlcG9zaXRvcnkxMjA4MDU1MQ==,MDEwOlJlcG9zaXRvcnkxMjAwNjk5OQ==,MDEwOlJlcG9zaXRvcnkxMjI1NjM3Ng==,MDEwOlJlcG9zaXRvcnkxMjI3Mzc5MjA=,MDEwOlJlcG9zaXRvcnkxMjM1MTY1Nzc=,MDEwOlJlcG9zaXRvcnkxMjM1NzAwMg==,MDEwOlJlcG9zaXRvcnkxMjMwMTAyNw==,MDEwOlJlcG9zaXRvcnkxMjQ4NzUyMzA=,MDEwOlJlcG9zaXRvcnkxMjUwNzA2Mw==,MDEwOlJlcG9zaXRvcnkxMjc1MDEwMw==,MDEwOlJlcG9zaXRvcnkxMjcxNzQ3,MDEwOlJlcG9zaXRvcnkxMjcyMTMwMw==,MDEwOlJlcG9zaXRvcnkxMjczMTMzNjA=,MDEwOlJlcG9zaXRvcnkxMzA0NDI5NA==,MDEwOlJlcG9zaXRvcnkxMzA3NjQ2NzM=,MDEwOlJlcG9zaXRvcnkxMzI0MzM1MQ==,MDEwOlJlcG9zaXRvcnkxMzIxMDg=,MDEwOlJlcG9zaXRvcnkxMzIyNzk0NDU=,MDEwOlJlcG9zaXRvcnkxMzMwNzE2NTU=,MDEwOlJlcG9zaXRvcnkxMzQ0MTk1Ng==,MDEwOlJlcG9zaXRvcnkxMzQ0NzkzMjg=,MDEwOlJlcG9zaXRvcnkxMzQ3MzU3MQ==,MDEwOlJlcG9zaXRvcnkxMzQwMTcyODY=,MDEwOlJlcG9zaXRvcnkxMzQwOTYwNg==,MDEwOlJlcG9zaXRvcnkxMzU5OTg1Nw==,MDEwOlJlcG9zaXRvcnkxMzY3NjI1MA==,MDEwOlJlcG9zaXRvcnkxMzcxMTQ4OTc=,MDEwOlJlcG9zaXRvcnkxMzcxNDczODY=,MDEwOlJlcG9zaXRvcnkxMzcyMDM3MTU=,MDEwOlJlcG9zaXRvcnkxMzkyNTc1ODk=,MDEwOlJlcG9zaXRvcnkxNDA2NzUwODA=,MDEwOlJlcG9zaXRvcnkxNDAwMDA0NQ==,MDEwOlJlcG9zaXRvcnkxNDE0ODIyMA==,MDEwOlJlcG9zaXRvcnkxNDE3MjAzMDE=,MDEwOlJlcG9zaXRvcnkxNDEzMTQyNTA=,MDEwOlJlcG9zaXRvcnkxNDM3NjI4NQ==,MDEwOlJlcG9zaXRvcnkxNDQxNTI5MzU=,MDEwOlJlcG9zaXRvcnkxNDU1MDQ1NjM=,MDEwOlJlcG9zaXRvcnkxNDc4NTg3,MDEwOlJlcG9zaXRvcnkxNDcwMzQ5NjU=,MDEwOlJlcG9zaXRvcnkxNDczNTA0NjM=,MDEwOlJlcG9zaXRvcnkxNDczNzU1NDQ=,MDEwOlJlcG9zaXRvcnkxNDg4MTM5,MDEwOlJlcG9zaXRvcnkxNDkwMDA0NDI=,MDEwOlJlcG9zaXRvcnkxNTM0MDA3NA==,MDEwOlJlcG9zaXRvcnkxNTQyODQ4MA==,MDEwOlJlcG9zaXRvcnkxNTU4NTQ0NA==,MDEwOlJlcG9zaXRvcnkxNTY1NTU5MDY=,MDEwOlJlcG9zaXRvcnkxNTgwNTU3Nw==,MDEwOlJlcG9zaXRvcnkxNjA4MzQ1NjQ=,MDEwOlJlcG9zaXRvcnkxNjAxMDE4MzM=,MDEwOlJlcG9zaXRvcnkxNjE1Mjg1NjU=,MDEwOlJlcG9zaXRvcnkxNjE5MDk2MTE=,MDEwOlJlcG9zaXRvcnkxNjM5MDY3MzM=,MDEwOlJlcG9zaXRvcnkxNjY2ODA4,MDEwOlJlcG9zaXRvcnkxNjYwNzg5OA==,MDEwOlJlcG9zaXRvcnkxNjk2NzcyOTc=,MDEwOlJlcG9zaXRvcnkxNjkxMDg4NTg=,MDEwOlJlcG9zaXRvcnkxNzU4NDg2NzI=,MDEwOlJlcG9zaXRvcnkxNzY1NzU0OA==,MDEwOlJlcG9zaXRvcnkxNzY4OTM3Nw==,MDEwOlJlcG9zaXRvcnkxNzg2NTc5NQ==,MDEwOlJlcG9zaXRvcnkxNzgyOTIzOQ==,MDEwOlJlcG9zaXRvcnkxODAzMjg3MTU=,MDEwOlJlcG9zaXRvcnkxODEwNDIwNjI=,MDEwOlJlcG9zaXRvcnkxODUxMTAyNA==,MDEwOlJlcG9zaXRvcnkxODUzNzA3NQ==,MDEwOlJlcG9zaXRvcnkxOTEwNjEwNDM=,MDEwOlJlcG9zaXRvcnkxOTI4MzY3NA==,MDEwOlJlcG9zaXRvcnkxOTIzMTQzMQ==,MDEwOlJlcG9zaXRvcnkxOTM1MjY5MTU=,MDEwOlJlcG9zaXRvcnkxOTM4ODU0NjQ=,MDEwOlJlcG9zaXRvcnkxOTQ0NzcwMTY=,MDEwOlJlcG9zaXRvcnkxOTQzNDQ1,MDEwOlJlcG9zaXRvcnkxOTUwODExNg==,MDEwOlJlcG9zaXRvcnkxOTc5NjcxNDM=,MDEwOlJlcG9zaXRvcnkxOTg2OTEx,MDEwOlJlcG9zaXRvcnkxOTgwNTM5,MDEwOlJlcG9zaXRvcnkxOTgzNzEzODg=,MDEwOlJlcG9zaXRvcnkyMDA2MDU5Ng==,MDEwOlJlcG9zaXRvcnkyMDIyOTk4OQ==,MDEwOlJlcG9zaXRvcnkyMDIzNTM0MzI=,MDEwOlJlcG9zaXRvcnkyMDMzOTE2NDE=,MDEwOlJlcG9zaXRvcnkyMDU2ODU5MA==,MDEwOlJlcG9zaXRvcnkyMDc2NDUwODM=,MDEwOlJlcG9zaXRvcnkyMDcwMjQ1Mw==,MDEwOlJlcG9zaXRvcnkyMDgxMDk0OA==,MDEwOlJlcG9zaXRvcnkyMTI2MjQ0,MDEwOlJlcG9zaXRvcnkyMTIzMzE5MQ==,MDEwOlJlcG9zaXRvcnkyMTQ3NzU4OA==,MDEwOlJlcG9zaXRvcnkyMTQzOTgzMw==,MDEwOlJlcG9zaXRvcnkyMTc4MzkwNA==,MDEwOlJlcG9zaXRvcnkyMTc5OTIw,MDEwOlJlcG9zaXRvcnkyMTgyOQ==,MDEwOlJlcG9zaXRvcnkyMTk2ODY1NDY=,MDEwOlJlcG9zaXRvcnkyMTkwNTg1MzU=,MDEwOlJlcG9zaXRvcnkyMjExOTcyMQ==,MDEwOlJlcG9zaXRvcnkyMjMyODIy,MDEwOlJlcG9zaXRvcnkyMjUzODc0Nw==,MDEwOlJlcG9zaXRvcnkyMjY3Mjg4Mzk=,MDEwOlJlcG9zaXRvcnkyMzAyMjY0OA==,MDEwOlJlcG9zaXRvcnkyMzQ2MDMzMA==,MDEwOlJlcG9zaXRvcnkyMzY3Njgx,MDEwOlJlcG9zaXRvcnkyNDA1ODA3ODU=,MDEwOlJlcG9zaXRvcnkyNDExNzIz,MDEwOlJlcG9zaXRvcnkyNDI1NjU2MzQ=,MDEwOlJlcG9zaXRvcnkyNDU2MDMwNw==,MDEwOlJlcG9zaXRvcnkyNDY5NDQzNDI=,MDEwOlJlcG9zaXRvcnkyNDkxNjMzMQ==,MDEwOlJlcG9zaXRvcnkyNTEyNjQwOA==,MDEwOlJlcG9zaXRvcnkyNTQzMzUwODA=,MDEwOlJlcG9zaXRvcnkyNTYzMTQ3NTY=,MDEwOlJlcG9zaXRvcnkyNTc0ODU0MjI=,MDEwOlJlcG9zaXRvcnkyNTcyMjk2,MDEwOlJlcG9zaXRvcnkyNTg5OTA5MTE=,MDEwOlJlcG9zaXRvcnkyNjA1MTg2MTE=,MDEwOlJlcG9zaXRvcnkyNjE2ODgz,MDEwOlJlcG9zaXRvcnkyNjEzOTI2MzA=,MDEwOlJlcG9zaXRvcnkyNjI2NzkxMjI=,MDEwOlJlcG9zaXRvcnkyNjI4NDEwNjc=,MDEwOlJlcG9zaXRvcnkyNjIxNDA1ODQ=,MDEwOlJlcG9zaXRvcnkyNjIyMzY1MzA=,MDEwOlJlcG9zaXRvcnkyNjQ1OTI2,MDEwOlJlcG9zaXRvcnkyNjY4MjEwNQ==,MDEwOlJlcG9zaXRvcnkyNjYxNzUz,MDEwOlJlcG9zaXRvcnkyNjc3NjI1MDc=,MDEwOlJlcG9zaXRvcnkyNjg2MjMyNjI=,MDEwOlJlcG9zaXRvcnkyNjg4ODIxNw==,MDEwOlJlcG9zaXRvcnkyNjgyMTc2Mw==,MDEwOlJlcG9zaXRvcnkyNjk3MzgzNw==,MDEwOlJlcG9zaXRvcnkyNzcyMjU4Nw==,MDEwOlJlcG9zaXRvcnkyNzgzNTYzOA==,MDEwOlJlcG9zaXRvcnkyNzk1NzgwOA==,MDEwOlJlcG9zaXRvcnkyNzkzNDI5Nw==,MDEwOlJlcG9zaXRvcnkyODExMjIw,MDEwOlJlcG9zaXRvcnkyODY3NDc5OQ==,MDEwOlJlcG9zaXRvcnkyODcyNzc2Nw==,MDEwOlJlcG9zaXRvcnkyODg5MjMw,MDEwOlJlcG9zaXRvcnkyODg5MzI4,MDEwOlJlcG9zaXRvcnkyOTIwNzYyMQ==,MDEwOlJlcG9zaXRvcnkyOTMyMjc2ODM=,MDEwOlJlcG9zaXRvcnkyOTQ1Mjk1MTc=,MDEwOlJlcG9zaXRvcnkyOTUyNzYzNA==,MDEwOlJlcG9zaXRvcnkyOTY4MzM0Mw==,MDEwOlJlcG9zaXRvcnkyOTc3MzgxMDE=,MDEwOlJlcG9zaXRvcnkyOTczMjk5MQ==,MDEwOlJlcG9zaXRvcnkzMDI2MjMwNDA=,MDEwOlJlcG9zaXRvcnkzMDI5ODM5OA==,MDEwOlJlcG9zaXRvcnkzMDQ4MzAyMjY=,MDEwOlJlcG9zaXRvcnkzMDc5NDg2OA==,MDEwOlJlcG9zaXRvcnkzMDk1NzQzMw==,MDEwOlJlcG9zaXRvcnkzMDk4NTg0MA==,MDEwOlJlcG9zaXRvcnkzMTA1OTYxNTM=,MDEwOlJlcG9zaXRvcnkzMTE1MjU3OTg=,MDEwOlJlcG9zaXRvcnkzMTM2Mjg4NjM=,MDEwOlJlcG9zaXRvcnkzMTQ1ODUwMw==,MDEwOlJlcG9zaXRvcnkzMTQzMDc5NA==,MDEwOlJlcG9zaXRvcnkzMTYyNTc1OTU=,MDEwOlJlcG9zaXRvcnkzMTc3NjAwMA==,MDEwOlJlcG9zaXRvcnkzMTg0NzY3MDE=,MDEwOlJlcG9zaXRvcnkzMTgzNDEwODk=,MDEwOlJlcG9zaXRvcnkzMTk1MTI0,MDEwOlJlcG9zaXRvcnkzMTkxNDI5NTc=,MDEwOlJlcG9zaXRvcnkzMjE0NDA2,MDEwOlJlcG9zaXRvcnkzMjI5MTIx,MDEwOlJlcG9zaXRvcnkzMjMxMjE0,MDEwOlJlcG9zaXRvcnkzMjQ4NDky,MDEwOlJlcG9zaXRvcnkzMjU4NTgxNA==,MDEwOlJlcG9zaXRvcnkzMjUyNjU3,MDEwOlJlcG9zaXRvcnkzMjY5NDUy,MDEwOlJlcG9zaXRvcnkzMzA4NTcxMTk=,MDEwOlJlcG9zaXRvcnkzMzAyMTAzOA==,MDEwOlJlcG9zaXRvcnkzMzE0,MDEwOlJlcG9zaXRvcnkzMzE0NTYwMQ==,MDEwOlJlcG9zaXRvcnkzMzIxODQxNA==,MDEwOlJlcG9zaXRvcnkzMzY1MDQ=,MDEwOlJlcG9zaXRvcnkzMzY3ODc1MDg=,MDEwOlJlcG9zaXRvcnkzMzYxMDg5MjI=,MDEwOlJlcG9zaXRvcnkzNDMyNDc1NzM=,MDEwOlJlcG9zaXRvcnkzNDQ0NTI3NTE=,MDEwOlJlcG9zaXRvcnkzNDUwNjM3MTA=,MDEwOlJlcG9zaXRvcnkzNTAzNjAxODQ=,MDEwOlJlcG9zaXRvcnkzNTE0NTMxOA==,MDEwOlJlcG9zaXRvcnkzNTI5OTg3Mw==,MDEwOlJlcG9zaXRvcnkzNTM0OTQ1NQ==,MDEwOlJlcG9zaXRvcnkzNTQ0NDI0,MDEwOlJlcG9zaXRvcnkzNTY1ODc1NQ==,MDEwOlJlcG9zaXRvcnkzNTY4OTE5OQ==,MDEwOlJlcG9zaXRvcnkzNTY5NzA0OQ==,MDEwOlJlcG9zaXRvcnkzNTYyNzEz,MDEwOlJlcG9zaXRvcnkzNTk1MDk3MDA=,MDEwOlJlcG9zaXRvcnkzNTk4NzY0OA==,MDEwOlJlcG9zaXRvcnkzNTkzMDUzNDE=,MDEwOlJlcG9zaXRvcnkzNTkzNzE=,MDEwOlJlcG9zaXRvcnkzNjI2NzUzNw==,MDEwOlJlcG9zaXRvcnkzNjIwMTk0,MDEwOlJlcG9zaXRvcnkzNjUzNTE1Ng==,MDEwOlJlcG9zaXRvcnkzNjY2NDE5Ng==,MDEwOlJlcG9zaXRvcnkzNjcyODQ2OTk=,MDEwOlJlcG9zaXRvcnkzNjk4Mjg3NjM=,MDEwOlJlcG9zaXRvcnkzNzM5NDgx,MDEwOlJlcG9zaXRvcnkzNzMwNDMzNzg=,MDEwOlJlcG9zaXRvcnkzNzQ4MjI5,MDEwOlJlcG9zaXRvcnkzNzY1MzExNQ==,MDEwOlJlcG9zaXRvcnkzODI1NzM5NQ==,MDEwOlJlcG9zaXRvcnkzODM2NjYzOA==,MDEwOlJlcG9zaXRvcnkzODk2NDkyMzk=,MDEwOlJlcG9zaXRvcnkzOTc2NTYxNA==,R_kgDOG38ffw,R_kgDOGF6u2g,R_kgDOGHuIZQ,R_kgDOGg_XLQ,R_kgDOGpPZHQ,R_kgDOGtE9xQ,R_kgDOHKJSuA,R_kgDOHQJ-oQ,R_kgDOHQpVYQ,R_kgDOHZfwtA,R_kgDOHZgSUA,R_kgDOHbE1dw,R_kgDOHoiebw
TheAznShumai,0,1,0,0,0,0,1,1,0,0,0,0,1,0,0,0,0,0,0,0,0,0,0,0,0,0,0,0,0,0,1,0,0,0,0,0,0,0,0,0,0,0,1,0,0,0,0,0,0,0,0,0,0,0,0,0,0,0,0,0,0,1,0,0,0,0,0,0,0,0,1,0,0,0,0,0,0,0,0,0,0,1,0,0,0,0,0,0,0,0,0,0,0,0,0,0,0,0,1,0,0,0,0,0,0,0,0,0,0,0,0,0,0,0,0,0,0,0,0,0,0,0,0,0,0,0,0,0,0,0,0,0,0,0,0,0,0,0,0,0,0,0,0,0,0,0,0,0,1,0,0,0,0,0,0,0,0,0,0,0,0,0,0,0,0,0,0,0,0,0,0,0,0,0,0,0,0,0,0,0,0,0,0,0,0,0,0,0,0,0,0,0,0,0,0,0,0,0,0,0,0,0,0,0,1,0,0,0,0,0,0,0,0,0,0,0,0,0,0,0,0,0,0,0,0,0,0,0,0,0,0,0,0,0,0,0,0,0,0,0,0,0,0,0,0,0,0,0,0,0,0,0,0,0,0,0,0,0,0,0,1,0,0,1,0,0,0,1,0,0,0,0,0,0,0,0,0,0,0,0,0,0,0,0,0,0,0,0,0,0,0,0,0,0,0,0,0,0,0,0,0,0,0,0,0,0,0,0,0,0,0,0,0,0,0,0,0,0,0,0,0,0,0,1,0,0,0,0,0,0,0,0,0,0,0,0,0,0,0,0,0,0,0,0,0,0,0,0,0,0,0,0,0,0,0,0,0,0,0,0,0,0,0,1,0,0,0,0,0,0,0,0,0,0,0,0,0,0,0,0
agustinf,0,0,1,0,0,0,0,0,0,1,0,0,0,0,0,0,0,0,0,0,0,0,0,0,0,0,0,0,0,0,0,0,0,0,0,0,0,0,0,0,0,0,0,0,0,0,0,0,0,0,0,0,0,0,0,0,0,0,0,0,0,0,0,0,0,0,0,0,0,0,0,0,0,0,0,0,0,0,0,0,0,0,0,0,0,1,0,0,0,1,0,0,0,0,0,0,1,0,0,0,0,0,0,0,0,0,0,0,0,0,0,0,0,0,0,0,0,0,1,0,0,0,0,0,0,0,0,1,0,0,0,0,0,0,0,0,0,0,0,1,0,0,0,0,0,0,0,0,0,0,0,0,0,1,0,1,0,0,0,0,1,0,0,0,0,0,0,0,0,0,0,0,1,0,1,0,0,0,0,0,0,0,1,1,0,0,0,0,0,0,0,1,0,0,0,0,0,0,0,0,0,0,0,1,0,0,0,0,0,0,0,0,0,0,0,0,0,0,0,0,1,1,0,0,0,0,0,0,0,0,0,0,0,0,0,0,0,0,0,0,0,0,1,0,0,0,0,1,0,0,1,0,0,0,0,0,0,0,0,0,0,0,0,0,0,0,0,0,0,0,0,0,0,0,0,0,0,0,0,0,0,0,0,0,0,0,0,0,0,1,0,0,1,0,0,0,0,0,0,0,1,1,1,0,0,0,0,0,0,0,0,0,0,0,0,1,0,0,0,0,0,0,0,0,0,0,1,0,0,0,0,0,1,0,0,0,0,0,0,0,0,0,0,0,0,0,0,0,0,0,0,0,0,0,0,0,0,0,0,0,0,0,0,0,0,0,0,0,0,0,0,0,0,0,0,0,0,0,0,0
beorc,0,0,0,0,0,0,0,0,0,0,0,0,0,0,0,1,0,0,0,0,0,0,0,0,0,0,0,0,0,1,0,0,0,0,0,0,0,0,1,0,0,0,0,1,0,0,0,0,0,0,0,0,0,0,0,1,0,0,0,0,0,0,0,0,0,0,0,0,0,0,0,0,0,0,1,1,0,0,0,0,1,0,0,1,0,0,1,0,0,0,1,1,0,0,0,0,0,0,0,0,0,0,0,1,0,0,0,0,0,1,1,1,0,1,0,0,0,0,0,1,0,0,0,0,0,0,0,0,0,0,0,0,0,0,0,1,0,0,0,0,0,0,0,0,0,0,0,0,0,0,0,1,0,0,0,0,0,0,0,0,0,0,0,0,0,1,0,0,1,0,0,0,0,0,0,0,0,0,0,0,0,0,0,0,0,0,0,0,0,0,1,0,0,0,0,0,0,0,0,0,0,0,0,0,0,0,0,0,0,0,0,0,0,0,1,0,0,0,0,0,0,0,0,0,0,0,0,0,0,0,0,0,0,0,0,0,0,0,0,0,0,0,0,0,0,0,0,0,0,0,0,0,0,0,0,0,0,0,0,0,0,0,0,0,0,0,0,0,0,0,0,0,0,0,0,0,0,0,0,0,0,0,0,0,0,0,0,0,0,0,0,0,0,0,0,0,0,0,0,0,0,0,0,0,0,0,0,0,0,0,0,1,0,0,1,0,0,0,0,0,0,0,0,0,0,0,0,0,0,0,0,0,0,0,0,0,0,0,0,0,0,0,0,0,0,0,0,0,0,0,1,0,0,0,0,0,0,0,1,0,0,0,0,0,0,0,1,0,0,0,0,0,0,1,0,0,0,0,0,0
blackjid,0,0,0,0,0,0,0,0,0,0,0,0,0,0,0,0,0,0,0,0,0,0,0,0,0,0,0,0,0,0,0,0,0,0,0,0,0,0,0,0,0,0,0,0,0,0,0,0,0,0,0,0,0,0,0,0,0,0,0,0,0,0,0,0,0,0,0,0,0,0,0,0,0,0,0,0,0,0,0,0,0,0,0,0,0,0,0,0,0,0,0,0,0,0,0,0,0,0,0,0,0,0,0,0,0,0,0,0,0,0,0,0,0,0,0,0,0,0,0,0,0,0,0,0,0,0,0,0,0,0,0,0,0,0,0,0,0,0,0,0,0,0,0,0,0,0,0,0,0,0,0,0,1,0,0,0,0,0,0,1,0,0,1,0,0,0,1,0,0,0,0,0,0,0,0,0,0,0,0,0,0,0,0,0,0,0,0,0,0,0,0,0,0,0,0,0,0,0,0,0,0,0,1,0,0,0,0,0,0,0,1,1,1,0,0,0,1,0,0,0,0,0,0,0,0,0,0,0,0,0,0,0,0,0,0,0,0,0,0,0,1,0,0,0,0,0,0,0,0,0,0,0,0,0,1,0,0,0,0,0,0,0,0,0,0,0,1,0,0,0,1,0,0,0,1,0,0,0,1,1,1,0,0,0,0,0,0,0,0,0,0,0,0,0,0,0,0,0,0,0,0,0,0,0,0,0,0,1,0,0,0,0,0,1,0,0,1,0,1,0,0,1,0,0,0,0,0,0,0,0,0,0,0,0,0,0,1,1,1,0,0,0,0,0,0,0,0,0,0,1,0,0,0,0,0,0,0,1,0,0,0,0,0,0,0,0,0,1,1,0,0,1,0,0,0,0,0,0,0,0
bunzli,0,0,1,0,0,0,0,0,0,0,0,0,0,0,0,0,0,0,0,0,0,0,0,0,0,0,0,0,0,0,0,0,0,0,0,0,0,0,0,0,0,0,0,0,0,0,0,0,1,0,0,0,0,0,0,0,0,0,0,0,1,0,0,0,0,0,0,0,0,0,0,0,0,0,0,0,0,0,0,0,0,0,0,0,0,0,0,0,1,1,0,0,0,1,0,0,0,0,0,0,0,0,0,0,0,0,0,0,0,0,0,0,0,0,0,0,0,0,0,0,0,0,0,0,0,0,0,1,0,0,0,0,0,0,0,0,0,0,0,0,1,0,1,0,0,0,0,0,0,0,0,0,0,0,0,0,0,0,0,0,0,0,0,0,0,0,0,0,0,0,0,0,0,0,1,0,0,1,0,0,0,0,0,1,0,1,0,0,0,0,0,0,0,0,0,0,0,0,0,0,0,0,0,0,0,0,0,0,0,0,0,0,0,0,0,0,0,1,0,0,0,0,0,0,0,0,0,0,0,0,0,0,1,0,0,0,0,0,0,0,0,1,1,0,0,0,0,0,0,0,0,0,0,0,0,0,0,0,0,0,0,0,0,0,0,0,0,0,0,0,0,0,0,0,0,0,0,1,0,0,0,0,0,0,1,0,0,0,1,0,0,0,1,0,0,1,0,0,0,0,0,0,0,1,1,0,0,0,0,1,0,0,0,0,0,0,0,0,0,0,0,0,0,0,0,0,1,0,0,0,0,0,0,0,0,0,0,0,0,0,0,0,1,1,0,0,0,1,0,0,0,0,0,0,0,0,0,0,0,0,0,0,0,0,0,0,0,0,0,0,0,0,1,0,0,0,0,0,0,0
davidbiehl,0,0,0,1,0,0,0,0,1,0,0,0,0,0,0,0,0,0,1,0,1,1,0,0,0,0,0,0,0,0,0,0,0,0,0,0,0,0,0,0,0,0,0,0,0,0,0,0,0,0,0,0,0,0,1,0,0,0,0,0,0,0,0,0,0,0,0,0,0,0,0,1,0,0,0,0,0,0,0,0,0,0,0,0,1,0,0,0,0,0,0,0,0,0,0,0,0,0,0,1,0,0,1,0,1,0,0,0,0,0,0,0,0,0,0,1,0,0,0,0,0,0,0,0,0,0,0,0,0,1,0,0,1,0,0,0,0,0,0,0,0,0,0,0,0,0,0,0,0,0,1,0,0,0,0,0,0,0,0,0,0,0,0,0,0,0,0,1,0,0,0,0,0,0,0,0,0,0,0,0,0,0,0,0,1,0,0,0,0,0,0,0,0,0,0,0,0,0,0,0,0,0,0,0,0,0,0,1,0,0,0,0,0,0,0,0,0,0,0,0,0,0,0,0,0,0,0,0,0,0,0,0,0,1,0,0,1,0,0,0,0,0,0,0,0,0,0,0,0,0,0,0,0,0,0,0,0,0,0,0,0,0,0,0,0,0,0,0,0,0,0,0,0,0,0,0,0,0,0,0,0,0,0,0,0,0,0,0,0,0,0,0,0,1,0,0,1,0,0,0,0,0,0,0,0,0,0,0,0,0,0,0,0,0,0,0,0,0,0,0,0,0,0,0,0,0,0,0,0,0,0,0,0,0,0,0,0,0,0,0,0,0,0,0,0,0,0,0,0,0,0,0,0,0,0,0,0,0,0,0,0,1,0,0,0,0,0,0,0,0,0,0,0,0,0,0,0,0,0,0
el-fuego,0,0,0,0,0,0,0,0,0,0,0,0,0,0,0,0,0,0,0,0,0,0,0,0,0,0,0,0,0,0,0,0,0,0,0,0,0,0,0,0,0,0,0,0,0,0,0,0,0,0,0,0,0,0,0,0,0,0,0,0,0,0,0,0,0,0,0,0,0,0,0,0,0,0,0,0,0,0,0,0,0,0,0,0,0,0,0,0,0,0,0,0,0,0,0,0,0,0,0,0,1,0,0,0,0,0,0,0,1,0,0,0,0,0,0,0,0,0,0,0,0,0,0,0,0,0,0,0,0,0,0,0,0,0,0,0,0,0,0,0,0,0,0,0,0,0,0,0,0,0,0,0,0,0,0,0,0,0,0,0,0,0,0,0,0,0,0,0,0,0,0,0,0,0,0,0,0,0,0,0,1,0,0,0,0,0,0,0,0,0,0,0,0,0,0,0,0,0,0,0,0,0,0,0,0,0,0,0,0,0,0,0,0,0,0,0,0,0,0,0,0,0,0,0,0,0,0,0,0,0,0,0,0,0,0,0,0,0,0,0,0,0,0,0,0,0,0,0,0,0,0,0,0,0,0,0,0,0,0,0,0,0,0,0,0,0,0,0,0,0,0,0,0,0,0,0,0,0,0,0,0,0,0,0,0,0,0,0,0,0,0,0,0,0,0,0,0,0,0,0,0,0,0,0,0,0,0,0,0,0,0,0,0,0,0,0,0,0,0,0,0,0,0,0,0,0,0,0,0,0,0,0,0,0,0,0,0,0,0,0,0,0,0,0,0,0,0,0,0,0,0,0,0,0,0,0,0,0,0,0,0,0,0,0,0,0,0,0,0,0,0,0,0,0,0,0,0,0,0,0
emilioeduardob,0,0,0,0,0,0,0,0,0,0,0,0,0,0,1,0,0,0,0,0,0,0,0,0,0,0,0,0,0,0,0,0,0,0,0,0,0,0,0,0,0,0,0,0,0,0,1,1,0,0,0,0,0,0,0,0,0,0,0,1,0,0,0,0,0,0,0,0,0,0,0,0,0,0,0,0,0,0,0,0,0,0,1,0,0,0,0,0,0,0,0,0,0,0,0,0,0,0,0,0,0,0,0,0,0,0,0,0,0,0,0,0,0,0,0,0,1,1,0,0,0,0,0,0,0,0,0,0,0,0,0,0,0,0,0,0,0,0,0,0,0,0,0,0,0,0,0,0,1,0,0,0,0,0,0,0,0,0,0,0,0,0,0,0,1,0,0,0,0,0,0,0,0,0,0,0,0,0,0,0,0,0,0,0,0,0,0,0,0,0,0,0,0,0,0,0,1,0,0,0,1,0,0,0,0,0,1,0,0,0,0,0,0,0,0,0,0,0,0,0,0,0,1,0,0,1,0,1,0,0,1,1,0,0,0,0,0,0,0,0,0,0,0,1,0,0,0,0,0,0,0,0,0,1,0,0,0,0,1,0,0,0,0,0,0,0,0,0,0,0,0,1,0,0,0,0,1,0,0,0,0,0,0,0,0,1,0,0,0,0,0,0,0,0,0,0,0,0,0,1,0,0,0,0,0,0,0,0,0,0,1,0,0,0,0,0,0,0,0,0,0,0,0,0,0,0,0,0,0,1,0,0,0,1,1,0,0,0,0,0,0,0,0,0,0,0,0,0,1,0,0,0,0,0,0,0,1,0,0,0,0,0,0,0,0,0,0,0,0,0,0,0,0,0,0,0,0,0,0,0
felbalart,0,0,1,0,0,0,0,0,0,0,0,0,0,0,0,0,1,0,0,0,0,0,0,0,0,0,0,0,0,0,0,0,0,0,0,0,0,0,0,0,0,1,0,0,0,1,0,0,0,0,0,0,0,0,0,0,0,0,0,0,0,0,0,0,0,0,0,0,0,0,0,0,0,0,0,0,0,0,0,0,0,0,0,0,0,0,0,0,0,0,0,0,0,0,0,0,0,0,0,0,0,0,1,0,0,0,0,0,0,0,0,0,1,0,0,0,0,0,0,0,0,0,0,0,0,0,0,0,0,0,0,0,0,0,0,0,0,0,0,0,0,0,0,0,0,0,0,0,0,0,0,0,0,0,0,0,0,0,0,0,0,0,0,0,0,0,0,0,0,0,0,0,0,0,0,0,0,1,0,0,0,0,0,0,0,0,0,0,0,0,0,0,0,0,0,0,0,0,0,0,0,0,0,0,0,0,0,0,0,0,0,0,0,0,0,0,0,0,0,0,0,0,0,0,0,0,0,0,0,0,0,0,0,0,0,0,0,0,0,0,0,0,1,0,0,0,0,0,0,0,0,0,0,0,0,0,0,0,0,0,0,0,0,0,0,0,0,0,0,0,0,0,0,0,0,0,0,0,0,0,0,0,0,0,0,0,0,0,0,0,0,0,0,0,0,0,0,0,0,0,0,0,0,0,0,0,0,0,0,0,0,0,0,0,0,0,0,0,0,0,0,0,0,0,0,0,0,0,0,0,0,0,0,0,0,0,0,0,0,0,0,0,1,0,0,0,0,0,0,0,0,0,0,0,0,0,0,0,0,0,0,0,0,0,0,0,0,0,0,0,0,0,0,0,0,0,0,0,0,0
halilim,0,0,0,0,0,0,0,0,0,0,0,1,0,0,0,0,0,0,0,0,0,0,0,0,0,0,0,0,0,0,0,0,0,0,0,1,0,0,0,0,0,0,0,0,0,0,0,0,0,0,0,1,1,0,0,0,0,0,0,0,0,0,0,0,0,0,0,0,0,0,0,0,0,0,0,0,0,0,0,0,0,0,0,0,0,0,0,1,0,0,0,0,0,0,1,0,0,0,0,0,0,0,0,0,0,0,1,0,0,0,0,0,0,0,0,0,0,0,0,0,0,0,0,0,0,0,1,0,0,0,1,1,0,0,0,0,0,0,0,0,0,0,0,0,1,0,0,1,0,0,0,0,0,0,1,0,1,0,0,0,0,0,0,0,0,0,0,0,0,0,0,0,0,1,0,0,0,0,0,0,0,0,0,0,0,0,0,0,1,0,0,0,0,0,1,0,0,0,0,0,0,0,0,0,0,0,0,0,0,0,0,0,0,0,0,1,0,0,0,1,0,0,0,0,0,0,0,0,0,1,0,0,0,0,0,0,0,0,1,0,0,0,0,0,0,0,0,0,0,0,0,0,0,0,0,0,0,0,0,0,0,0,0,0,1,0,0,0,0,0,0,0,0,0,0,0,0,0,0,0,0,0,1,0,0,0,1,0,0,0,0,0,0,0,0,0,0,0,0,0,0,0,0,0,0,1,0,0,0,0,0,0,1,0,0,0,0,0,0,0,0,0,0,0,0,0,0,0,0,0,0,0,0,0,0,1,0,0,0,1,0,0,0,0,0,0,0,0,0,0,0,0,0,0,0,0,0,0,0,0,1,0,0,0,0,0,0,0,0,0,0,0,0,0,0,0,1,0,0,0
juliogarciag,0,0,0,0,0,0,0,0,0,0,0,0,0,0,0,0,0,1,0,0,0,0,1,0,0,0,0,0,0,0,0,0,0,0,0,0,0,0,0,0,1,0,0,0,0,0,0,0,0,0,0,0,0,0,0,0,0,0,0,0,0,0,0,0,0,0,0,0,0,0,0,0,0,0,0,0,0,1,0,0,0,0,0,0,0,0,0,0,0,0,0,0,1,0,0,0,0,1,0,0,0,0,0,0,0,1,0,0,0,0,0,0,0,0,0,0,0,0,0,0,0,0,1,0,1,0,0,0,0,0,0,0,0,0,0,0,1,1,0,0,0,0,0,0,0,0,0,0,0,0,0,0,0,0,0,0,0,0,0,0,0,0,0,0,0,0,0,0,0,0,0,0,0,0,0,0,0,0,0,0,0,0,0,0,0,0,0,0,0,0,0,0,0,0,0,0,0,1,0,0,0,0,0,0,0,0,0,0,0,0,0,0,0,1,0,0,0,0,1,0,0,0,0,0,0,0,0,0,0,0,0,0,0,0,0,0,0,0,0,1,0,0,1,0,0,0,0,0,0,0,0,0,0,0,0,0,1,0,0,0,0,0,0,0,0,1,0,0,1,0,0,0,0,0,0,1,0,0,0,0,0,1,0,0,0,0,0,0,0,0,0,0,0,0,1,0,0,0,0,0,0,0,0,0,0,0,0,0,0,0,0,0,0,0,0,0,0,0,0,0,0,0,1,0,0,0,0,0,0,0,1,1,0,0,0,0,0,0,0,0,0,1,1,0,0,1,0,0,0,0,0,0,0,0,0,1,0,0,0,0,0,0,0,0,1,0,0,0,0,0,0,0,0,0,0,0,0,0,0,0
ldlsegovia,0,0,0,0,0,1,0,0,0,0,0,0,0,0,0,0,0,0,0,0,0,0,0,0,0,0,1,0,1,0,0,0,0,0,0,0,0,0,0,0,0,0,0,0,0,0,0,0,0,0,0,0,0,0,0,0,1,0,0,0,1,0,1,0,0,0,0,1,0,0,0,0,0,0,0,0,0,0,0,0,0,0,0,0,0,0,0,0,0,1,0,0,0,0,0,0,0,0,0,0,0,0,0,0,0,0,0,0,0,0,0,0,0,0,0,0,0,0,0,0,0,0,0,0,0,0,0,0,1,0,0,0,0,0,0,0,0,0,0,0,0,0,0,1,0,0,0,0,0,1,0,0,0,0,0,0,0,0,0,0,0,0,0,0,0,0,0,0,0,1,0,0,0,0,0,0,0,0,0,0,0,0,0,0,0,0,1,0,0,0,0,0,0,0,0,0,0,0,1,1,0,0,0,0,0,1,0,0,0,0,0,0,0,0,0,0,0,1,0,0,0,0,0,0,0,0,0,0,0,0,0,0,0,0,0,0,0,0,0,0,0,0,0,0,0,0,0,0,0,1,0,0,0,0,0,1,0,0,0,0,0,0,1,0,0,0,0,0,0,0,0,0,1,0,0,0,0,0,0,0,0,0,0,1,0,0,0,1,1,0,0,1,0,0,0,0,0,0,0,0,0,0,0,0,0,0,0,0,0,0,0,0,0,0,0,0,0,0,0,0,1,0,0,0,0,0,0,1,0,0,0,0,0,0,0,0,0,0,0,0,0,0,0,0,0,0,0,0,0,0,0,0,1,0,0,0,0,0,0,0,0,0,0,0,0,1,0,0,0,0,0,0,1,0,0,0,0,0,0,0
mabdelfattah,0,0,0,0,0,0,0,0,0,0,0,0,0,0,0,0,0,0,0,0,0,0,0,0,0,0,0,0,0,0,0,0,0,0,0,0,1,0,0,1,0,0,0,0,0,0,0,0,0,0,0,0,0,0,0,0,0,0,1,0,0,0,0,0,0,1,0,0,0,0,0,0,0,0,0,0,0,0,0,1,0,0,0,0,0,0,0,0,0,0,0,0,0,0,0,0,0,0,0,0,0,1,0,0,0,0,0,1,0,0,0,0,0,0,0,0,0,0,0,0,1,1,0,0,0,1,0,0,0,0,0,0,0,0,1,0,0,0,1,0,0,1,0,0,0,1,0,0,0,0,0,0,0,0,0,0,0,0,0,0,0,0,0,0,0,0,0,0,0,0,0,0,0,0,0,1,0,0,1,0,0,1,0,0,0,0,0,0,0,0,0,0,0,0,0,0,0,0,0,0,0,0,0,0,0,0,0,0,0,0,0,0,0,0,0,0,0,0,0,0,0,0,0,1,0,0,0,0,0,0,0,0,0,0,0,0,0,0,0,0,0,0,0,0,0,0,0,0,0,0,0,0,0,0,0,0,0,0,0,0,0,0,0,0,0,0,0,0,0,1,0,0,0,1,0,0,0,0,0,0,0,0,0,0,0,0,0,0,0,0,0,0,0,0,0,0,0,0,1,0,0,0,0,0,0,0,0,0,0,0,0,0,0,0,0,0,0,0,0,0,0,0,0,0,0,0,0,0,0,0,0,0,0,0,0,0,0,0,0,0,1,0,0,0,1,0,0,0,0,0,0,0,0,0,0,0,0,0,0,0,0,0,0,0,0,0,0,0,0,1,1,0,0,0,1,1,0,1,1,1
nashby,0,0,0,0,0,0,0,0,0,0,1,0,0,0,0,0,0,0,0,1,0,0,0,0,0,1,0,0,0,0,0,0,0,0,0,0,0,0,0,0,0,0,0,0,0,0,1,0,0,0,0,0,0,0,0,0,0,0,0,0,0,0,0,1,1,0,1,0,0,1,0,0,0,0,0,0,0,0,0,0,0,0,0,0,0,0,0,0,0,0,0,0,0,0,0,0,0,0,0,0,0,1,0,0,0,0,0,0,0,0,0,0,0,0,0,0,0,0,0,0,0,0,0,1,0,0,0,0,0,0,0,0,0,1,0,0,0,0,0,0,0,0,0,0,0,1,1,0,0,0,0,0,0,0,0,0,0,0,1,0,0,0,0,1,0,0,0,0,0,0,0,1,0,0,0,0,1,0,0,1,0,0,0,0,0,0,0,1,0,1,0,0,0,1,0,1,0,0,0,0,0,0,0,0,0,0,0,0,1,1,0,0,0,0,0,0,0,0,0,0,0,0,0,0,0,0,0,0,1,0,0,0,0,0,0,0,0,1,0,0,0,0,0,0,1,0,0,0,0,0,0,0,0,0,0,0,0,0,0,0,0,0,0,0,0,0,0,0,0,0,0,0,0,0,0,0,0,0,0,0,0,0,0,0,0,0,0,0,0,0,0,0,0,0,0,0,0,0,0,0,0,0,0,0,0,0,0,0,1,0,0,0,0,0,0,0,0,0,0,0,0,0,0,0,1,0,0,0,0,0,0,0,0,0,0,0,0,0,0,0,0,0,0,0,0,0,1,0,0,0,0,0,0,0,0,0,0,0,0,0,0,0,0,0,0,0,0,0,0,0,0,0,0,0,0,0,0,0,0,0
robdvr,0,0,0,0,1,0,0,0,0,0,0,0,0,0,0,0,0,0,0,0,0,0,0,0,1,0,0,0,0,0,0,1,1,0,0,0,0,1,0,0,0,0,0,0,0,0,0,0,0,0,1,0,0,1,0,0,0,0,0,0,0,0,0,0,0,0,0,0,0,0,0,0,1,1,0,0,0,0,0,0,0,0,0,0,0,0,0,0,0,0,0,0,0,0,0,0,0,0,0,0,0,0,0,0,0,0,0,0,0,0,0,0,0,0,1,0,0,0,0,0,0,0,0,0,0,0,0,0,0,0,0,0,0,0,0,0,0,0,0,0,0,0,0,0,0,0,0,0,0,0,0,0,0,0,0,0,0,0,0,0,0,1,0,0,0,0,0,0,0,0,1,0,0,0,0,0,0,0,0,0,0,0,0,0,0,0,0,0,0,0,0,0,1,0,0,0,0,0,0,0,0,1,0,0,0,0,0,0,0,0,0,0,0,0,0,0,0,0,0,0,0,0,0,0,1,0,0,0,0,0,0,0,0,0,0,1,0,0,0,0,0,0,0,0,0,1,1,0,1,0,0,1,0,0,0,0,0,0,0,0,0,1,0,0,0,0,0,0,0,0,0,0,0,0,0,0,0,0,0,0,0,0,0,0,0,0,0,0,0,0,0,0,0,0,0,0,0,1,0,0,0,0,0,0,0,0,0,0,0,0,0,0,0,0,0,0,0,1,0,1,0,0,0,0,0,0,0,0,1,0,0,0,0,0,0,0,0,0,0,0,0,0,0,0,0,0,0,0,0,0,0,1,0,1,1,0,0,0,0,1,0,0,0,0,0,0,0,0,0,0,0,0,0,0,0,0,0,0,0,0
rrodriguez-handy,0,0,0,0,0,0,0,0,0,0,0,0,0,0,0,0,0,0,0,0,0,0,0,1,0,0,0,0,0,0,0,0,0,0,0,0,0,0,0,0,0,0,0,0,0,0,0,0,0,0,0,0,0,0,0,0,0,0,0,0,0,0,0,0,0,0,0,0,0,0,0,0,0,0,0,0,0,0,0,0,0,0,0,0,0,0,0,0,0,0,0,0,0,0,0,0,0,0,0,0,0,0,0,0,0,0,0,0,0,0,0,0,0,0,0,0,0,0,0,0,0,0,0,0,0,0,0,0,0,0,0,0,0,0,0,0,0,0,0,0,0,0,0,0,0,0,0,0,0,0,0,0,0,0,0,0,0,0,0,0,0,0,0,0,0,0,0,0,0,0,0,0,0,0,0,0,0,0,0,0,0,0,0,0,0,0,0,0,0,0,0,0,0,0,0,0,0,0,0,0,0,0,0,0,0,0,0,0,0,0,0,0,0,0,0,0,0,0,0,0,0,0,0,0,0,0,0,0,0,0,0,0,0,0,0,0,0,0,0,0,0,0,0,0,0,0,0,0,0,0,0,0,0,0,0,0,0,0,0,0,0,0,0,0,0,0,0,0,0,0,0,0,0,0,0,0,0,0,0,0,0,0,0,0,0,0,0,0,0,0,0,0,0,0,0,0,0,0,0,0,0,0,0,0,0,0,0,0,0,0,0,0,0,0,0,0,0,0,0,0,0,0,0,0,0,0,0,0,0,0,0,0,0,0,0,0,0,0,0,0,0,0,0,0,0,0,0,0,0,0,0,0,0,0,0,0,0,0,0,0,0,0,0,0,0,0,0,0,0,0,0,0,0,0,0,0,0,0,0,0
victor95pc,1,0,0,0,0,0,0,0,0,0,0,0,0,1,0,0,0,0,0,0,0,0,0,0,0,0,0,1,0,0,0,0,0,1,1,0,0,0,0,0,0,0,0,0,1,0,0,0,0,1,0,0,0,0,0,0,0,1,0,0,0,0,0,0,0,0,0,0,1,0,0,0,0,0,0,0,1,0,1,0,0,0,0,0,0,0,0,0,0,0,0,0,0,0,0,1,0,0,0,0,0,0,1,0,0,0,0,0,0,0,0,0,0,0,0,0,0,0,0,0,0,0,0,0,0,0,0,0,0,0,0,0,0,0,0,0,0,0,0,0,0,0,0,0,0,0,0,0,0,0,0,0,0,0,0,0,0,1,0,0,0,0,0,0,0,0,0,0,0,0,0,0,0,0,0,0,0,0,0,0,0,0,0,0,0,0,0,0,0,0,0,0,0,0,0,0,0,0,0,0,0,0,0,0,0,0,0,0,0,0,0,0,0,0,0,0,0,0,0,0,0,0,0,0,0,0,1,0,0,0,0,0,0,0,1,0,0,0,0,0,0,0,0,0,0,0,0,0,0,0,0,0,1,0,0,0,0,1,0,1,0,0,0,0,0,0,0,0,0,0,0,0,0,0,0,0,0,0,0,0,0,0,0,0,0,0,0,0,0,0,1,0,0,0,0,0,0,0,0,0,0,0,0,0,0,0,1,0,0,0,0,0,0,0,0,0,0,0,0,0,0,0,0,0,0,1,0,0,0,0,0,0,0,0,0,0,0,0,0,0,0,0,0,0,0,0,0,0,0,0,0,0,0,0,0,0,0,0,0,0,0,0,1,0,0,0,0,0,0,0,0,0,0,0,0,0,0,0,0,0
